experiment_family,scenario_id,replicate_id,method,sepset_aggregation,weighting,evaluation_unit,evaluation_target,corruption_fraction,corrupted_client_ids,p,N,K,tau,edge_prob,ell,noise_regime,mechanism_shift,deletion_probability,alpha,sep_tau_factor,master_seed,replicate_seed,client_seeds,SHD,F1,Precision,Recall,n_oriented,Dir_Prec,Dir_Rec,Dir_F1,communication_bytes,client_weights,n_sepset_pairs_retained,runtime_sum,runtime_parallel_est,server_runtime,n_clients_timed,note
factorial_ablation,corruption0.0_2b13c41e0b,0,no_agg_equal,off,equal,global_graph,true_dag,0.0,[],20,5000,5,0.5,0.2,2,mild,False,0.07,0.05,0.5,42,563834303,"[1706545786, 2764577162, 1756688295, 3938370718, 3183408279]",39,0.4507042210593137,0.7619047615419501,0.319999999936,0,0.0,0.0,0.0,751.875,"[0.2, 0.2, 0.2, 0.2, 0.2]",0,34.39869403839111,7.499894857406616,0.0006415843963623047,5,"Dir_F1=0 BY CONSTRUCTION -- no Sepsets aggregated/passed to orientation; definitional, not empirical evidence about weighting."
factorial_ablation,corruption0.0_2b13c41e0b,0,agg_equal,on,equal,global_graph,true_dag,0.0,[],20,5000,5,0.5,0.2,2,mild,False,0.07,0.05,0.5,42,563834303,"[1706545786, 2764577162, 1756688295, 3938370718, 3183408279]",39,0.4507042210593137,0.7619047615419501,0.319999999936,15,0.5999999996,0.17999999996399998,0.276923073287574,751.875,"[0.2, 0.2, 0.2, 0.2, 0.2]",344,34.40181827545166,7.503019094467163,0.0037658214569091797,5,
factorial_ablation,corruption0.0_2b13c41e0b,0,agg_consensus,on,consensus,global_graph,true_dag,0.0,[],20,5000,5,0.5,0.2,2,mild,False,0.07,0.05,0.5,42,563834303,"[1706545786, 2764577162, 1756688295, 3938370718, 3183408279]",39,0.4507042210593137,0.7619047615419501,0.319999999936,15,0.5999999996,0.17999999996399998,0.276923073287574,751.875,"[0.2013618695756911, 0.1784417165184575, 0.23122027253161742, 0.18119804499015907, 0.20777809638407496]",344,34.4026985168457,7.503899335861206,0.0046460628509521484,5,
factorial_ablation,corruption0.0_2b13c41e0b,0,agg_oracle,on,oracle,global_graph,true_dag,0.0,[],20,5000,5,0.5,0.2,2,mild,False,0.07,0.05,0.5,42,563834303,"[1706545786, 2764577162, 1756688295, 3938370718, 3183408279]",39,0.4507042210593137,0.7619047615419501,0.319999999936,15,0.5999999996,0.17999999996399998,0.276923073287574,751.875,"[0.1992392175173246, 0.2423703722881448, 0.18629180750666563, 0.19403057443984217, 0.17806802824802279]",344,34.40203094482422,7.503231763839722,0.0039784908294677734,5,"ablation only -- requires ground truth, not deployable"
factorial_ablation,corruption0.0_2b13c41e0b,1,no_agg_equal,off,equal,global_graph,true_dag,0.0,[],20,5000,5,0.5,0.2,2,mild,False,0.07,0.05,0.5,42,3578155488,"[1077241594, 1045252027, 444709484, 1504482241, 719782956]",6,0.8846153793417161,0.9999999995652173,0.7931034480023781,0,0.0,0.0,0.0,373.125,"[0.2, 0.2, 0.2, 0.2, 0.2]",0,8.970263242721558,2.095069408416748,0.0006008148193359375,5,"Dir_F1=0 BY CONSTRUCTION -- no Sepsets aggregated/passed to orientation; definitional, not empirical evidence about weighting."
factorial_ablation,corruption0.0_2b13c41e0b,1,agg_equal,on,equal,global_graph,true_dag,0.0,[],20,5000,5,0.5,0.2,2,mild,False,0.07,0.05,0.5,42,3578155488,"[1077241594, 1045252027, 444709484, 1504482241, 719782956]",6,0.8846153793417161,0.9999999995652173,0.7931034480023781,19,0.894736841634349,0.5862068963495838,0.7083333282552083,373.125,"[0.2, 0.2, 0.2, 0.2, 0.2]",334,8.9741530418396,2.09895920753479,0.00449061393737793,5,
factorial_ablation,corruption0.0_2b13c41e0b,1,agg_consensus,on,consensus,global_graph,true_dag,0.0,[],20,5000,5,0.5,0.2,2,mild,False,0.07,0.05,0.5,42,3578155488,"[1077241594, 1045252027, 444709484, 1504482241, 719782956]",6,0.8846153793417161,0.9999999995652173,0.7931034480023781,19,0.894736841634349,0.5862068963495838,0.7083333282552083,373.125,"[0.20956366747238817, 0.201921122301981, 0.19629288345833643, 0.19833909254992613, 0.19388323421736836]",334,8.973792791366577,2.0985989570617676,0.004130363464355469,5,
factorial_ablation,corruption0.0_2b13c41e0b,1,agg_oracle,on,oracle,global_graph,true_dag,0.0,[],20,5000,5,0.5,0.2,2,mild,False,0.07,0.05,0.5,42,3578155488,"[1077241594, 1045252027, 444709484, 1504482241, 719782956]",6,0.8846153793417161,0.9999999995652173,0.7931034480023781,19,0.894736841634349,0.5862068963495838,0.7083333282552083,373.125,"[0.19894015860492897, 0.20086692855918592, 0.18922498715494174, 0.21010099712175737, 0.20086692855918592]",334,8.972862958908081,2.0976691246032715,0.003200531005859375,5,"ablation only -- requires ground truth, not deployable"
factorial_ablation,corruption0.0_2b13c41e0b,2,no_agg_equal,off,equal,global_graph,true_dag,0.0,[],20,5000,5,0.5,0.2,2,mild,False,0.07,0.05,0.5,42,1767936607,"[3670685844, 2091892296, 25523173, 1769219141, 1601271531]",26,0.5806451567325703,0.89999999955,0.4285714284693877,0,0.0,0.0,0.0,610.625,"[0.2, 0.2, 0.2, 0.2, 0.2]",0,23.215057611465454,5.135164976119995,0.0005035400390625,5,"Dir_F1=0 BY CONSTRUCTION -- no Sepsets aggregated/passed to orientation; definitional, not empirical evidence about weighting."
factorial_ablation,corruption0.0_2b13c41e0b,2,agg_equal,on,equal,global_graph,true_dag,0.0,[],20,5000,5,0.5,0.2,2,mild,False,0.07,0.05,0.5,42,1767936607,"[3670685844, 2091892296, 25523173, 1769219141, 1601271531]",26,0.5806451567325703,0.89999999955,0.4285714284693877,11,0.7272727266115702,0.190476190430839,0.30188678904948385,610.625,"[0.2, 0.2, 0.2, 0.2, 0.2]",344,23.21730613708496,5.137413501739502,0.002752065658569336,5,
factorial_ablation,corruption0.0_2b13c41e0b,2,agg_consensus,on,consensus,global_graph,true_dag,0.0,[],20,5000,5,0.5,0.2,2,mild,False,0.07,0.05,0.5,42,1767936607,"[3670685844, 2091892296, 25523173, 1769219141, 1601271531]",26,0.5806451567325703,0.89999999955,0.4285714284693877,11,0.7272727266115702,0.190476190430839,0.30188678904948385,610.625,"[0.20973869912351223, 0.20273125821749435, 0.1916370882923, 0.20730401521381106, 0.18858893915288238]",344,23.21786093711853,5.137968301773071,0.003306865692138672,5,
factorial_ablation,corruption0.0_2b13c41e0b,2,agg_oracle,on,oracle,global_graph,true_dag,0.0,[],20,5000,5,0.5,0.2,2,mild,False,0.07,0.05,0.5,42,1767936607,"[3670685844, 2091892296, 25523173, 1769219141, 1601271531]",26,0.5806451567325703,0.89999999955,0.4285714284693877,11,0.7272727266115702,0.190476190430839,0.30188678904948385,610.625,"[0.1882367330059324, 0.199012967638807, 0.22311488433242807, 0.1927452373910188, 0.19689017763181374]",344,23.217841386795044,5.137948751449585,0.0032873153686523438,5,"ablation only -- requires ground truth, not deployable"
factorial_ablation,corruption0.0_2b13c41e0b,3,no_agg_equal,off,equal,global_graph,true_dag,0.0,[],20,5000,5,0.5,0.2,2,mild,False,0.07,0.05,0.5,42,3089955875,"[274783576, 2392250799, 2986905346, 3231580389, 2800411278]",25,0.5901639296210696,0.8181818178099173,0.46153846142011834,0,0.0,0.0,0.0,473.125,"[0.2, 0.2, 0.2, 0.2, 0.2]",0,20.12281560897827,4.452369451522827,0.0005793571472167969,5,"Dir_F1=0 BY CONSTRUCTION -- no Sepsets aggregated/passed to orientation; definitional, not empirical evidence about weighting."
factorial_ablation,corruption0.0_2b13c41e0b,3,agg_equal,on,equal,global_graph,true_dag,0.0,[],20,5000,5,0.5,0.2,2,mild,False,0.07,0.05,0.5,42,3089955875,"[274783576, 2392250799, 2986905346, 3231580389, 2800411278]",25,0.5901639296210696,0.8181818178099173,0.46153846142011834,19,0.5789473681163435,0.2820512819789612,0.3793103402913199,473.125,"[0.2, 0.2, 0.2, 0.2, 0.2]",338,20.12626552581787,4.455819368362427,0.004029273986816406,5,
factorial_ablation,corruption0.0_2b13c41e0b,3,agg_consensus,on,consensus,global_graph,true_dag,0.0,[],20,5000,5,0.5,0.2,2,mild,False,0.07,0.05,0.5,42,3089955875,"[274783576, 2392250799, 2986905346, 3231580389, 2800411278]",25,0.5901639296210696,0.8181818178099173,0.46153846142011834,19,0.5789473681163435,0.2820512819789612,0.3793103402913199,473.125,"[0.23293252644644122, 0.22235091392697606, 0.19028600431687845, 0.19167176024024624, 0.1627587950694581]",338,20.125879526138306,4.455433368682861,0.0036432743072509766,5,
factorial_ablation,corruption0.0_2b13c41e0b,3,agg_oracle,on,oracle,global_graph,true_dag,0.0,[],20,5000,5,0.5,0.2,2,mild,False,0.07,0.05,0.5,42,3089955875,"[274783576, 2392250799, 2986905346, 3231580389, 2800411278]",25,0.5901639296210696,0.8181818178099173,0.46153846142011834,19,0.5789473681163435,0.2820512819789612,0.3793103402913199,473.125,"[0.1822220566118545, 0.21788042094018537, 0.20467867220972563, 0.20467867220972563, 0.19054017802850878]",338,20.125959157943726,4.455513000488281,0.0037229061126708984,5,"ablation only -- requires ground truth, not deployable"
factorial_ablation,corruption0.0_2b13c41e0b,4,no_agg_equal,off,equal,global_graph,true_dag,0.0,[],20,5000,5,0.5,0.2,2,mild,False,0.07,0.05,0.5,42,723854820,"[1833111991, 2720567266, 738972658, 884514601, 1880296044]",16,0.7241379260761,0.9545454541115702,0.5833333331712963,0,0.0,0.0,0.0,566.875,"[0.2, 0.2, 0.2, 0.2, 0.2]",0,18.056490659713745,3.8732502460479736,0.0005495548248291016,5,"Dir_F1=0 BY CONSTRUCTION -- no Sepsets aggregated/passed to orientation; definitional, not empirical evidence about weighting."
factorial_ablation,corruption0.0_2b13c41e0b,4,agg_equal,on,equal,global_graph,true_dag,0.0,[],20,5000,5,0.5,0.2,2,mild,False,0.07,0.05,0.5,42,723854820,"[1833111991, 2720567266, 738972658, 884514601, 1880296044]",16,0.7241379260761,0.9545454541115702,0.5833333331712963,17,0.5882352937716263,0.2777777777006173,0.3773584860662158,566.875,"[0.2, 0.2, 0.2, 0.2, 0.2]",338,18.059543132781982,3.876302719116211,0.0036020278930664062,5,
factorial_ablation,corruption0.0_2b13c41e0b,4,agg_consensus,on,consensus,global_graph,true_dag,0.0,[],20,5000,5,0.5,0.2,2,mild,False,0.07,0.05,0.5,42,723854820,"[1833111991, 2720567266, 738972658, 884514601, 1880296044]",16,0.7241379260761,0.9545454541115702,0.5833333331712963,17,0.5882352937716263,0.2777777777006173,0.3773584860662158,566.875,"[0.21048717612139903, 0.21137838582132218, 0.19070366032511113, 0.20794075437976225, 0.17949002335240544]",338,18.05975031852722,3.87650990486145,0.003809213638305664,5,
factorial_ablation,corruption0.0_2b13c41e0b,4,agg_oracle,on,oracle,global_graph,true_dag,0.0,[],20,5000,5,0.5,0.2,2,mild,False,0.07,0.05,0.5,42,723854820,"[1833111991, 2720567266, 738972658, 884514601, 1880296044]",16,0.7241379260761,0.9545454541115702,0.5833333331712963,17,0.5882352937716263,0.2777777777006173,0.3773584860662158,566.875,"[0.21221115026791224, 0.19432810624657232, 0.22439921879627378, 0.18768490397004928, 0.18137662071919242]",338,18.05934166908264,3.87610125541687,0.003400564193725586,5,"ablation only -- requires ground truth, not deployable"
factorial_ablation,corruption0.0_2b13c41e0b,5,no_agg_equal,off,equal,global_graph,true_dag,0.0,[],20,5000,5,0.5,0.2,2,mild,False,0.07,0.05,0.5,42,486301891,"[3859127411, 882359256, 2299706374, 1503107002, 2381576513]",10,0.8387096722320501,0.96296296260631,0.742857142644898,0,0.0,0.0,0.0,401.25,"[0.2, 0.2, 0.2, 0.2, 0.2]",0,16.436352252960205,3.462583065032959,0.0006618499755859375,5,"Dir_F1=0 BY CONSTRUCTION -- no Sepsets aggregated/passed to orientation; definitional, not empirical evidence about weighting."
factorial_ablation,corruption0.0_2b13c41e0b,5,agg_equal,on,equal,global_graph,true_dag,0.0,[],20,5000,5,0.5,0.2,2,mild,False,0.07,0.05,0.5,42,486301891,"[3859127411, 882359256, 2299706374, 1503107002, 2381576513]",10,0.8387096722320501,0.96296296260631,0.742857142644898,24,0.9583333329340278,0.657142856955102,0.7796610118586612,401.25,"[0.2, 0.2, 0.2, 0.2, 0.2]",328,16.440224647521973,3.4664554595947266,0.004534244537353516,5,
factorial_ablation,corruption0.0_2b13c41e0b,5,agg_consensus,on,consensus,global_graph,true_dag,0.0,[],20,5000,5,0.5,0.2,2,mild,False,0.07,0.05,0.5,42,486301891,"[3859127411, 882359256, 2299706374, 1503107002, 2381576513]",10,0.8387096722320501,0.96296296260631,0.742857142644898,24,0.9583333329340278,0.657142856955102,0.7796610118586612,401.25,"[0.17127223259877172, 0.21790913506092968, 0.21436235178793692, 0.1820939287644246, 0.21436235178793692]",328,16.440006494522095,3.4662373065948486,0.004316091537475586,5,
factorial_ablation,corruption0.0_2b13c41e0b,5,agg_oracle,on,oracle,global_graph,true_dag,0.0,[],20,5000,5,0.5,0.2,2,mild,False,0.07,0.05,0.5,42,486301891,"[3859127411, 882359256, 2299706374, 1503107002, 2381576513]",10,0.8387096722320501,0.96296296260631,0.742857142644898,24,0.9583333329340278,0.657142856955102,0.7796610118586612,401.25,"[0.17086251494687996, 0.2070468976345543, 0.21389096336928495, 0.19430866067999583, 0.21389096336928495]",328,16.439427852630615,3.465658664703369,0.0037374496459960938,5,"ablation only -- requires ground truth, not deployable"
factorial_ablation,corruption0.0_2b13c41e0b,6,no_agg_equal,off,equal,global_graph,true_dag,0.0,[],20,5000,5,0.5,0.2,2,mild,False,0.07,0.05,0.5,42,3708947643,"[3240831993, 366446730, 3831632534, 4068332873, 2493048470]",10,0.8076923024999999,0.9545454541115702,0.6999999997666666,0,0.0,0.0,0.0,537.5,"[0.2, 0.2, 0.2, 0.2, 0.2]",0,19.381189346313477,4.708371639251709,0.0005283355712890625,5,"Dir_F1=0 BY CONSTRUCTION -- no Sepsets aggregated/passed to orientation; definitional, not empirical evidence about weighting."
factorial_ablation,corruption0.0_2b13c41e0b,6,agg_equal,on,equal,global_graph,true_dag,0.0,[],20,5000,5,0.5,0.2,2,mild,False,0.07,0.05,0.5,42,3708947643,"[3240831993, 366446730, 3831632534, 4068332873, 2493048470]",10,0.8076923024999999,0.9545454541115702,0.6999999997666666,19,0.7368421048753462,0.4666666665111111,0.5714285664473137,537.5,"[0.2, 0.2, 0.2, 0.2, 0.2]",340,19.3844473361969,4.711629629135132,0.003786325454711914,5,
factorial_ablation,corruption0.0_2b13c41e0b,6,agg_consensus,on,consensus,global_graph,true_dag,0.0,[],20,5000,5,0.5,0.2,2,mild,False,0.07,0.05,0.5,42,3708947643,"[3240831993, 366446730, 3831632534, 4068332873, 2493048470]",10,0.8076923024999999,0.9545454541115702,0.6999999997666666,19,0.7368421048753462,0.4666666665111111,0.5714285664473137,537.5,"[0.19617016495679634, 0.21205574539826624, 0.1993763535552723, 0.19672758950130623, 0.19567014658835888]",340,19.383713960647583,4.710896253585815,0.003052949905395508,5,
factorial_ablation,corruption0.0_2b13c41e0b,6,agg_oracle,on,oracle,global_graph,true_dag,0.0,[],20,5000,5,0.5,0.2,2,mild,False,0.07,0.05,0.5,42,3708947643,"[3240831993, 366446730, 3831632534, 4068332873, 2493048470]",10,0.8076923024999999,0.9545454541115702,0.6999999997666666,19,0.7368421048753462,0.4666666665111111,0.5714285664473137,537.5,"[0.20708889800581062, 0.20285681662917115, 0.19512965232299279, 0.1878357350362147, 0.20708889800581062]",340,19.384802103042603,4.711984395980835,0.004141092300415039,5,"ablation only -- requires ground truth, not deployable"
factorial_ablation,corruption0.0_2b13c41e0b,7,no_agg_equal,off,equal,global_graph,true_dag,0.0,[],20,5000,5,0.5,0.2,2,mild,False,0.07,0.05,0.5,42,3600919268,"[2996586888, 3887497408, 347154014, 268148068, 3855022695]",14,0.7812499947998046,0.8620689652199762,0.7142857140816327,0,0.0,0.0,0.0,494.375,"[0.2, 0.2, 0.2, 0.2, 0.2]",0,19.66783308982849,4.19515585899353,0.0005192756652832031,5,"Dir_F1=0 BY CONSTRUCTION -- no Sepsets aggregated/passed to orientation; definitional, not empirical evidence about weighting."
factorial_ablation,corruption0.0_2b13c41e0b,7,agg_equal,on,equal,global_graph,true_dag,0.0,[],20,5000,5,0.5,0.2,2,mild,False,0.07,0.05,0.5,42,3600919268,"[2996586888, 3887497408, 347154014, 268148068, 3855022695]",14,0.7812499947998046,0.8620689652199762,0.7142857140816327,23,0.7391304344612476,0.4857142855755102,0.5862068915636148,494.375,"[0.2, 0.2, 0.2, 0.2, 0.2]",328,19.671040534973145,4.198363304138184,0.0037267208099365234,5,
factorial_ablation,corruption0.0_2b13c41e0b,7,agg_consensus,on,consensus,global_graph,true_dag,0.0,[],20,5000,5,0.5,0.2,2,mild,False,0.07,0.05,0.5,42,3600919268,"[2996586888, 3887497408, 347154014, 268148068, 3855022695]",14,0.7812499947998046,0.8620689652199762,0.7142857140816327,23,0.7391304344612476,0.4857142855755102,0.5862068915636148,494.375,"[0.206710415980659, 0.2075794893081577, 0.19044462543452337, 0.2107727466342647, 0.18449272264239522]",328,19.67036461830139,4.197687387466431,0.0030508041381835938,5,
factorial_ablation,corruption0.0_2b13c41e0b,7,agg_oracle,on,oracle,global_graph,true_dag,0.0,[],20,5000,5,0.5,0.2,2,mild,False,0.07,0.05,0.5,42,3600919268,"[2996586888, 3887497408, 347154014, 268148068, 3855022695]",14,0.7812499947998046,0.8620689652199762,0.7142857140816327,23,0.7391304344612476,0.4857142855755102,0.5862068915636148,494.375,"[0.21434175786281154, 0.20115471602399346, 0.21092600756675284, 0.20759126153347554, 0.16598625701296651]",328,19.671061992645264,4.198384761810303,0.003748178482055664,5,"ablation only -- requires ground truth, not deployable"
factorial_ablation,corruption0.0_2b13c41e0b,8,no_agg_equal,off,equal,global_graph,true_dag,0.0,[],20,5000,5,0.5,0.2,2,mild,False,0.07,0.05,0.5,42,844236028,"[3579729438, 2307182325, 3161130928, 1508079968, 457392975]",15,0.7999999948586667,0.909090908815427,0.7142857141156462,0,0.0,0.0,0.0,488.75,"[0.2, 0.2, 0.2, 0.2, 0.2]",0,20.02079963684082,4.498006820678711,0.0005528926849365234,5,"Dir_F1=0 BY CONSTRUCTION -- no Sepsets aggregated/passed to orientation; definitional, not empirical evidence about weighting."
factorial_ablation,corruption0.0_2b13c41e0b,8,agg_equal,on,equal,global_graph,true_dag,0.0,[],20,5000,5,0.5,0.2,2,mild,False,0.07,0.05,0.5,42,844236028,"[3579729438, 2307182325, 3161130928, 1508079968, 457392975]",15,0.7999999948586667,0.909090908815427,0.7142857141156462,26,0.6538461535946746,0.40476190466553286,0.4999999951297579,488.75,"[0.2, 0.2, 0.2, 0.2, 0.2]",322,20.02541470527649,4.50262188911438,0.005167961120605469,5,
factorial_ablation,corruption0.0_2b13c41e0b,8,agg_consensus,on,consensus,global_graph,true_dag,0.0,[],20,5000,5,0.5,0.2,2,mild,False,0.07,0.05,0.5,42,844236028,"[3579729438, 2307182325, 3161130928, 1508079968, 457392975]",15,0.7999999948586667,0.909090908815427,0.7142857141156462,26,0.6538461535946746,0.40476190466553286,0.4999999951297579,488.75,"[0.2001545151096348, 0.19979768580925578, 0.2001545151096348, 0.2063236853420556, 0.19356959862941897]",322,20.024105072021484,4.501312255859375,0.003858327865600586,5,
factorial_ablation,corruption0.0_2b13c41e0b,8,agg_oracle,on,oracle,global_graph,true_dag,0.0,[],20,5000,5,0.5,0.2,2,mild,False,0.07,0.05,0.5,42,844236028,"[3579729438, 2307182325, 3161130928, 1508079968, 457392975]",15,0.7999999948586667,0.909090908815427,0.7142857141156462,26,0.6538461535946746,0.40476190466553286,0.4999999951297579,488.75,"[0.21189666572555096, 0.19549815286237227, 0.19753506047069228, 0.19753506047069228, 0.19753506047069228]",322,20.024132013320923,4.5013391971588135,0.0038852691650390625,5,"ablation only -- requires ground truth, not deployable"
factorial_ablation,corruption0.0_2b13c41e0b,9,no_agg_equal,off,equal,global_graph,true_dag,0.0,[],20,5000,5,0.5,0.2,2,mild,False,0.07,0.05,0.5,42,218437262,"[4204381625, 4275031368, 384860853, 912634960, 984853752]",21,0.6769230720568048,0.9166666662847222,0.536585365722784,0,0.0,0.0,0.0,516.25,"[0.2, 0.2, 0.2, 0.2, 0.2]",0,23.315476179122925,5.080414295196533,0.0006000995635986328,5,"Dir_F1=0 BY CONSTRUCTION -- no Sepsets aggregated/passed to orientation; definitional, not empirical evidence about weighting."
factorial_ablation,corruption0.0_2b13c41e0b,9,agg_equal,on,equal,global_graph,true_dag,0.0,[],20,5000,5,0.5,0.2,2,mild,False,0.07,0.05,0.5,42,218437262,"[4204381625, 4275031368, 384860853, 912634960, 984853752]",21,0.6769230720568048,0.9166666662847222,0.536585365722784,19,0.5263157891966759,0.24390243896490185,0.3333333288944445,516.25,"[0.2, 0.2, 0.2, 0.2, 0.2]",332,23.31926965713501,5.084207773208618,0.004393577575683594,5,
factorial_ablation,corruption0.0_2b13c41e0b,9,agg_consensus,on,consensus,global_graph,true_dag,0.0,[],20,5000,5,0.5,0.2,2,mild,False,0.07,0.05,0.5,42,218437262,"[4204381625, 4275031368, 384860853, 912634960, 984853752]",21,0.6769230720568048,0.9166666662847222,0.536585365722784,19,0.5263157891966759,0.24390243896490185,0.3333333288944445,516.25,"[0.17859002461532628, 0.2031790945374858, 0.20127792598365452, 0.21369366472529053, 0.20325929013824293]",332,23.31836438179016,5.0833024978637695,0.003488302230834961,5,
factorial_ablation,corruption0.0_2b13c41e0b,9,agg_oracle,on,oracle,global_graph,true_dag,0.0,[],20,5000,5,0.5,0.2,2,mild,False,0.07,0.05,0.5,42,218437262,"[4204381625, 4275031368, 384860853, 912634960, 984853752]",21,0.6769230720568048,0.9166666662847222,0.536585365722784,19,0.5263157891966759,0.24390243896490185,0.3333333288944445,516.25,"[0.1668675570344809, 0.2078919317859084, 0.1847340569826849, 0.214143972572515, 0.22636248162441083]",332,23.318435192108154,5.083373308181763,0.003559112548828125,5,"ablation only -- requires ground truth, not deployable"
factorial_ablation,corruption0.0_2b13c41e0b,10,no_agg_equal,off,equal,global_graph,true_dag,0.0,[],20,5000,5,0.5,0.2,2,mild,False,0.07,0.05,0.5,42,2681182528,"[1876424031, 3981611808, 3678638886, 913608993, 133975795]",23,0.6461538411550296,0.8076923073816568,0.5384615383234714,0,0.0,0.0,0.0,656.875,"[0.2, 0.2, 0.2, 0.2, 0.2]",0,26.345796823501587,5.574900388717651,0.0004887580871582031,5,"Dir_F1=0 BY CONSTRUCTION -- no Sepsets aggregated/passed to orientation; definitional, not empirical evidence about weighting."
factorial_ablation,corruption0.0_2b13c41e0b,10,agg_equal,on,equal,global_graph,true_dag,0.0,[],20,5000,5,0.5,0.2,2,mild,False,0.07,0.05,0.5,42,2681182528,"[1876424031, 3981611808, 3678638886, 913608993, 133975795]",23,0.6461538411550296,0.8076923073816568,0.5384615383234714,18,0.5555555552469136,0.2564102563445102,0.35087718853801175,656.875,"[0.2, 0.2, 0.2, 0.2, 0.2]",330,26.34983539581299,5.578938961029053,0.00452733039855957,5,
factorial_ablation,corruption0.0_2b13c41e0b,10,agg_consensus,on,consensus,global_graph,true_dag,0.0,[],20,5000,5,0.5,0.2,2,mild,False,0.07,0.05,0.5,42,2681182528,"[1876424031, 3981611808, 3678638886, 913608993, 133975795]",23,0.6461538411550296,0.8076923073816568,0.5384615383234714,18,0.5555555552469136,0.2564102563445102,0.35087718853801175,656.875,"[0.18086595427337432, 0.19939135033094352, 0.20272710275542657, 0.20680930593188088, 0.21020628670837466]",330,26.349188327789307,5.578291893005371,0.0038802623748779297,5,
factorial_ablation,corruption0.0_2b13c41e0b,10,agg_oracle,on,oracle,global_graph,true_dag,0.0,[],20,5000,5,0.5,0.2,2,mild,False,0.07,0.05,0.5,42,2681182528,"[1876424031, 3981611808, 3678638886, 913608993, 133975795]",23,0.6461538411550296,0.8076923073816568,0.5384615383234714,18,0.5555555552469136,0.2564102563445102,0.35087718853801175,656.875,"[0.20234224894968939, 0.21460268379985584, 0.20234224894968939, 0.1963472568850995, 0.1843655614156659]",330,26.34871244430542,5.577816009521484,0.003404378890991211,5,"ablation only -- requires ground truth, not deployable"
factorial_ablation,corruption0.0_2b13c41e0b,11,no_agg_equal,off,equal,global_graph,true_dag,0.0,[],20,5000,5,0.5,0.2,2,mild,False,0.07,0.05,0.5,42,2987798437,"[1664513704, 558800489, 1731188515, 2755391598, 2782042240]",6,0.8928571375446429,0.9259259255829904,0.8620689652199762,0,0.0,0.0,0.0,323.75,"[0.2, 0.2, 0.2, 0.2, 0.2]",0,11.879796504974365,2.9102792739868164,0.0004975795745849609,5,"Dir_F1=0 BY CONSTRUCTION -- no Sepsets aggregated/passed to orientation; definitional, not empirical evidence about weighting."
factorial_ablation,corruption0.0_2b13c41e0b,11,agg_equal,on,equal,global_graph,true_dag,0.0,[],20,5000,5,0.5,0.2,2,mild,False,0.07,0.05,0.5,42,2987798437,"[1664513704, 558800489, 1731188515, 2755391598, 2782042240]",6,0.8928571375446429,0.9259259255829904,0.8620689652199762,24,0.9166666662847222,0.7586206893935791,0.8301886739765042,323.75,"[0.2, 0.2, 0.2, 0.2, 0.2]",328,11.882964372634888,2.913447141647339,0.003665447235107422,5,
factorial_ablation,corruption0.0_2b13c41e0b,11,agg_consensus,on,consensus,global_graph,true_dag,0.0,[],20,5000,5,0.5,0.2,2,mild,False,0.07,0.05,0.5,42,2987798437,"[1664513704, 558800489, 1731188515, 2755391598, 2782042240]",6,0.8928571375446429,0.9259259255829904,0.8620689652199762,24,0.9166666662847222,0.7586206893935791,0.8301886739765042,323.75,"[0.18180239600109163, 0.21329281588129798, 0.20603913256416298, 0.1960636390946407, 0.20280201645880666]",328,11.88263726234436,2.9131200313568115,0.003338336944580078,5,
factorial_ablation,corruption0.0_2b13c41e0b,11,agg_oracle,on,oracle,global_graph,true_dag,0.0,[],20,5000,5,0.5,0.2,2,mild,False,0.07,0.05,0.5,42,2987798437,"[1664513704, 558800489, 1731188515, 2755391598, 2782042240]",6,0.8928571375446429,0.9259259255829904,0.8620689652199762,24,0.9166666662847222,0.7586206893935791,0.8301886739765042,323.75,"[0.18748316616856855, 0.21076256275538097, 0.19423877774482995, 0.18748316616856855, 0.220032327162652]",328,11.882559299468994,2.9130420684814453,0.003260374069213867,5,"ablation only -- requires ground truth, not deployable"
factorial_ablation,corruption0.0_2b13c41e0b,12,no_agg_equal,off,equal,global_graph,true_dag,0.0,[],20,5000,5,0.5,0.2,2,mild,False,0.07,0.05,0.5,42,542001960,"[2071055379, 3660876887, 3737203329, 2625869627, 179372207]",29,0.6233766185866082,0.8571428568367346,0.48979591826738855,0,0.0,0.0,0.0,601.25,"[0.2, 0.2, 0.2, 0.2, 0.2]",0,26.215908765792847,5.677222013473511,0.0005812644958496094,5,"Dir_F1=0 BY CONSTRUCTION -- no Sepsets aggregated/passed to orientation; definitional, not empirical evidence about weighting."
factorial_ablation,corruption0.0_2b13c41e0b,12,agg_equal,on,equal,global_graph,true_dag,0.0,[],20,5000,5,0.5,0.2,2,mild,False,0.07,0.05,0.5,42,542001960,"[2071055379, 3660876887, 3737203329, 2625869627, 179372207]",29,0.6233766185866082,0.8571428568367346,0.48979591826738855,25,0.559999999776,0.2857142856559767,0.3783783738020453,601.25,"[0.2, 0.2, 0.2, 0.2, 0.2]",328,26.219385147094727,5.680698394775391,0.004057645797729492,5,
factorial_ablation,corruption0.0_2b13c41e0b,12,agg_consensus,on,consensus,global_graph,true_dag,0.0,[],20,5000,5,0.5,0.2,2,mild,False,0.07,0.05,0.5,42,542001960,"[2071055379, 3660876887, 3737203329, 2625869627, 179372207]",29,0.6233766185866082,0.8571428568367346,0.48979591826738855,25,0.559999999776,0.2857142856559767,0.3783783738020453,601.25,"[0.1952736242727176, 0.21452933795603593, 0.17949900455021925, 0.21119061278712387, 0.1995074204339034]",328,26.219818592071533,5.681131839752197,0.004491090774536133,5,
factorial_ablation,corruption0.0_2b13c41e0b,12,agg_oracle,on,oracle,global_graph,true_dag,0.0,[],20,5000,5,0.5,0.2,2,mild,False,0.07,0.05,0.5,42,542001960,"[2071055379, 3660876887, 3737203329, 2625869627, 179372207]",29,0.6233766185866082,0.8571428568367346,0.48979591826738855,25,0.559999999776,0.2857142856559767,0.3783783738020453,601.25,"[0.1975457329440588, 0.20961710065866443, 0.19251292738756934, 0.1975457329440588, 0.20277850606564868]",328,26.219306468963623,5.680619716644287,0.0039789676666259766,5,"ablation only -- requires ground truth, not deployable"
factorial_ablation,corruption0.0_2b13c41e0b,13,no_agg_equal,off,equal,global_graph,true_dag,0.0,[],20,5000,5,0.5,0.2,2,mild,False,0.07,0.05,0.5,42,1770986547,"[3683282065, 1837351785, 1760199127, 3659282008, 262677471]",29,0.5084745716173514,0.749999999625,0.3846153845167653,0,0.0,0.0,0.0,613.75,"[0.2, 0.2, 0.2, 0.2, 0.2]",0,25.161832332611084,5.805092096328735,0.0005390644073486328,5,"Dir_F1=0 BY CONSTRUCTION -- no Sepsets aggregated/passed to orientation; definitional, not empirical evidence about weighting."
factorial_ablation,corruption0.0_2b13c41e0b,13,agg_equal,on,equal,global_graph,true_dag,0.0,[],20,5000,5,0.5,0.2,2,mild,False,0.07,0.05,0.5,42,1770986547,"[3683282065, 1837351785, 1760199127, 3659282008, 262677471]",29,0.5084745716173514,0.749999999625,0.3846153845167653,14,0.5714285710204081,0.20512820507560814,0.3018867884514062,613.75,"[0.2, 0.2, 0.2, 0.2, 0.2]",342,25.165035486221313,5.808295249938965,0.003742218017578125,5,
factorial_ablation,corruption0.0_2b13c41e0b,13,agg_consensus,on,consensus,global_graph,true_dag,0.0,[],20,5000,5,0.5,0.2,2,mild,False,0.07,0.05,0.5,42,1770986547,"[3683282065, 1837351785, 1760199127, 3659282008, 262677471]",29,0.5084745716173514,0.749999999625,0.3846153845167653,14,0.5714285710204081,0.20512820507560814,0.3018867884514062,613.75,"[0.19494201473034448, 0.19602882475058286, 0.21129097443144804, 0.19229293292613656, 0.20544525316148798]",342,25.164347887039185,5.807607650756836,0.0030546188354492188,5,
factorial_ablation,corruption0.0_2b13c41e0b,13,agg_oracle,on,oracle,global_graph,true_dag,0.0,[],20,5000,5,0.5,0.2,2,mild,False,0.07,0.05,0.5,42,1770986547,"[3683282065, 1837351785, 1760199127, 3659282008, 262677471]",29,0.5084745716173514,0.749999999625,0.3846153845167653,14,0.5714285710204081,0.20512820507560814,0.3018867884514062,613.75,"[0.20583565963031425, 0.20930961778401488, 0.19914226667964074, 0.17640283812201515, 0.20930961778401488]",342,25.164641618728638,5.807901382446289,0.0033483505249023438,5,"ablation only -- requires ground truth, not deployable"
factorial_ablation,corruption0.0_2b13c41e0b,14,no_agg_equal,off,equal,global_graph,true_dag,0.0,[],20,5000,5,0.5,0.2,2,mild,False,0.07,0.05,0.5,42,1875458137,"[2332267227, 1618613860, 3427910966, 3079368604, 3000546837]",33,0.45901638888470847,0.6999999996499999,0.3414634145508626,0,0.0,0.0,0.0,650.0,"[0.2, 0.2, 0.2, 0.2, 0.2]",0,28.621243953704834,6.549903869628906,0.0004737377166748047,5,"Dir_F1=0 BY CONSTRUCTION -- no Sepsets aggregated/passed to orientation; definitional, not empirical evidence about weighting."
factorial_ablation,corruption0.0_2b13c41e0b,14,agg_equal,on,equal,global_graph,true_dag,0.0,[],20,5000,5,0.5,0.2,2,mild,False,0.07,0.05,0.5,42,1875458137,"[2332267227, 1618613860, 3427910966, 3079368604, 3000546837]",33,0.45901638888470847,0.6999999996499999,0.3414634145508626,13,0.5384615380473372,0.1707317072754313,0.25925925550754464,650.0,"[0.2, 0.2, 0.2, 0.2, 0.2]",344,28.625009059906006,6.553668975830078,0.00423884391784668,5,
factorial_ablation,corruption0.0_2b13c41e0b,14,agg_consensus,on,consensus,global_graph,true_dag,0.0,[],20,5000,5,0.5,0.2,2,mild,False,0.07,0.05,0.5,42,1875458137,"[2332267227, 1618613860, 3427910966, 3079368604, 3000546837]",33,0.45901638888470847,0.6999999996499999,0.3414634145508626,13,0.5384615380473372,0.1707317072754313,0.25925925550754464,650.0,"[0.17662214134482007, 0.20567822460831942, 0.23158425313471648, 0.21736663012867466, 0.16874875078346932]",344,28.62414813041687,6.552808046340942,0.0033779144287109375,5,
factorial_ablation,corruption0.0_2b13c41e0b,14,agg_oracle,on,oracle,global_graph,true_dag,0.0,[],20,5000,5,0.5,0.2,2,mild,False,0.07,0.05,0.5,42,1875458137,"[2332267227, 1618613860, 3427910966, 3079368604, 3000546837]",33,0.45901638888470847,0.6999999996499999,0.3414634145508626,13,0.5384615380473372,0.1707317072754313,0.25925925550754464,650.0,"[0.23867393092302985, 0.20977200935755883, 0.18877513961941136, 0.18273472790979212, 0.18004419219020784]",344,28.624123334884644,6.552783250808716,0.003353118896484375,5,"ablation only -- requires ground truth, not deployable"
corrupted_client_sweep,corruption0.2_2b13c41e0b,0,no_agg_equal,off,equal,global_graph,true_dag,0.2,[0],20,5000,5,0.5,0.2,2,mild,False,0.07,0.05,0.5,42,1439939293,"[1550602933, 3492992506, 616845698, 1438440506, 2952482887]",13,0.786885240806235,0.959999999616,0.6666666664814814,0,0.0,0.0,0.0,498.75,"[0.2, 0.2, 0.2, 0.2, 0.2]",0,20.534294366836548,4.6246726512908936,0.0005505084991455078,5,"Dir_F1=0 BY CONSTRUCTION -- no Sepsets aggregated/passed to orientation; definitional, not empirical evidence about weighting."
corrupted_client_sweep,corruption0.2_2b13c41e0b,0,agg_equal,on,equal,global_graph,true_dag,0.2,[0],20,5000,5,0.5,0.2,2,mild,False,0.07,0.05,0.5,42,1439939293,"[1550602933, 3492992506, 616845698, 1438440506, 2952482887]",13,0.786885240806235,0.959999999616,0.6666666664814814,21,0.809523809138322,0.47222222209104936,0.5964912232071407,498.75,"[0.2, 0.2, 0.2, 0.2, 0.2]",334,20.53732466697693,4.627702951431274,0.003580808639526367,5,
corrupted_client_sweep,corruption0.2_2b13c41e0b,0,agg_consensus,on,consensus,global_graph,true_dag,0.2,[0],20,5000,5,0.5,0.2,2,mild,False,0.07,0.05,0.5,42,1439939293,"[1550602933, 3492992506, 616845698, 1438440506, 2952482887]",14,0.7666666616111111,0.9583333329340278,0.6388888887114197,18,0.8333333328703704,0.41666666655092593,0.5555555509053499,498.75,"[0.004353032778265592, 0.2604494656131045, 0.24202322706408969, 0.25337554407015334, 0.23979873047438696]",334,20.53681993484497,4.627198219299316,0.0030760765075683594,5,
corrupted_client_sweep,corruption0.2_2b13c41e0b,0,agg_oracle,on,oracle,global_graph,true_dag,0.2,[0],20,5000,5,0.5,0.2,2,mild,False,0.07,0.05,0.5,42,1439939293,"[1550602933, 3492992506, 616845698, 1438440506, 2952482887]",12,0.7999999949333334,0.9999999995833333,0.6666666664814814,17,0.8823529406574394,0.41666666655092593,0.5660377312780349,498.75,"[0.014647518835953945, 0.24053850826841253, 0.25339279126639014, 0.22527019491681677, 0.26615098671242654]",336,20.536746978759766,4.627125263214111,0.0030031204223632812,5,"ablation only -- requires ground truth, not deployable"
corrupted_client_sweep,corruption0.2_2b13c41e0b,1,no_agg_equal,off,equal,global_graph,true_dag,0.2,[0],20,5000,5,0.5,0.2,2,mild,False,0.07,0.05,0.5,42,3675896238,"[141622705, 1979753654, 1947858557, 2485015594, 2151818488]",15,0.7619047568153188,0.9230769227218935,0.6486486484733381,0,0.0,0.0,0.0,488.75,"[0.2, 0.2, 0.2, 0.2, 0.2]",0,22.57581925392151,4.70079231262207,0.0006303787231445312,5,"Dir_F1=0 BY CONSTRUCTION -- no Sepsets aggregated/passed to orientation; definitional, not empirical evidence about weighting."
corrupted_client_sweep,corruption0.2_2b13c41e0b,1,agg_equal,on,equal,global_graph,true_dag,0.2,[0],20,5000,5,0.5,0.2,2,mild,False,0.07,0.05,0.5,42,3675896238,"[141622705, 1979753654, 1947858557, 2485015594, 2151818488]",15,0.7619047568153188,0.9230769227218935,0.6486486484733381,16,0.6874999995703125,0.29729729721694664,0.41509433525097894,488.75,"[0.2, 0.2, 0.2, 0.2, 0.2]",332,22.57795763015747,4.702930688858032,0.0027687549591064453,5,
corrupted_client_sweep,corruption0.2_2b13c41e0b,1,agg_consensus,on,consensus,global_graph,true_dag,0.2,[0],20,5000,5,0.5,0.2,2,mild,False,0.07,0.05,0.5,42,3675896238,"[141622705, 1979753654, 1947858557, 2485015594, 2151818488]",15,0.7619047568153188,0.9230769227218935,0.6486486484733381,16,0.6874999995703125,0.29729729721694664,0.41509433525097894,488.75,"[0.004856428707749501, 0.24607960560407705, 0.25080050198358744, 0.2637969319278756, 0.23446653177671029]",332,22.577606916427612,4.702579975128174,0.002418041229248047,5,
corrupted_client_sweep,corruption0.2_2b13c41e0b,1,agg_oracle,on,oracle,global_graph,true_dag,0.2,[0],20,5000,5,0.5,0.2,2,mild,False,0.07,0.05,0.5,42,3675896238,"[141622705, 1979753654, 1947858557, 2485015594, 2151818488]",14,0.7812499948779297,0.9259259255829904,0.6756756754930606,16,0.6874999995703125,0.29729729721694664,0.41509433525097894,488.75,"[0.017762477760004936, 0.2535268957854839, 0.22927442315534616, 0.2642621790017104, 0.23517402429745457]",332,22.57896614074707,4.703939199447632,0.0037772655487060547,5,"ablation only -- requires ground truth, not deployable"
corrupted_client_sweep,corruption0.2_2b13c41e0b,2,no_agg_equal,off,equal,global_graph,true_dag,0.2,[0],20,5000,5,0.5,0.2,2,mild,False,0.07,0.05,0.5,42,2016880418,"[2537427853, 1091399583, 1987962176, 4106286125, 744180972]",7,0.8813559269750071,0.9999999996153845,0.7878787876400367,0,0.0,0.0,0.0,387.5,"[0.2, 0.2, 0.2, 0.2, 0.2]",0,14.097188711166382,3.132716655731201,0.0004982948303222656,5,"Dir_F1=0 BY CONSTRUCTION -- no Sepsets aggregated/passed to orientation; definitional, not empirical evidence about weighting."
corrupted_client_sweep,corruption0.2_2b13c41e0b,2,agg_equal,on,equal,global_graph,true_dag,0.2,[0],20,5000,5,0.5,0.2,2,mild,False,0.07,0.05,0.5,42,2016880418,"[2537427853, 1091399583, 1987962176, 4106286125, 744180972]",7,0.8813559269750071,0.9999999996153845,0.7878787876400367,18,0.8333333328703704,0.4545454544077135,0.5882352893194925,387.5,"[0.2, 0.2, 0.2, 0.2, 0.2]",330,14.101387023925781,3.1369149684906006,0.00469660758972168,5,
corrupted_client_sweep,corruption0.2_2b13c41e0b,2,agg_consensus,on,consensus,global_graph,true_dag,0.2,[0],20,5000,5,0.5,0.2,2,mild,False,0.07,0.05,0.5,42,2016880418,"[2537427853, 1091399583, 1987962176, 4106286125, 744180972]",7,0.8813559269750071,0.9999999996153845,0.7878787876400367,18,0.8333333328703704,0.4545454544077135,0.5882352893194925,387.5,"[0.004735823101696628, 0.23182894461267434, 0.25539923360995265, 0.2441115032992363, 0.2639244953764401]",332,14.100612878799438,3.136140823364258,0.003922462463378906,5,
corrupted_client_sweep,corruption0.2_2b13c41e0b,2,agg_oracle,on,oracle,global_graph,true_dag,0.2,[0],20,5000,5,0.5,0.2,2,mild,False,0.07,0.05,0.5,42,2016880418,"[2537427853, 1091399583, 1987962176, 4106286125, 744180972]",7,0.8813559269750071,0.9999999996153845,0.7878787876400367,18,0.8333333328703704,0.4545454544077135,0.5882352893194925,387.5,"[0.011446328967093123, 0.24225532944749797, 0.24225532944749797, 0.2533620365102133, 0.2506809756276977]",332,14.100711822509766,3.136239767074585,0.004021406173706055,5,"ablation only -- requires ground truth, not deployable"
corrupted_client_sweep,corruption0.2_2b13c41e0b,3,no_agg_equal,off,equal,global_graph,true_dag,0.2,[0],20,5000,5,0.5,0.2,2,mild,False,0.07,0.05,0.5,42,1866394491,"[2176837278, 3124173623, 3822110822, 1647998268, 3772489559]",21,0.6666666617384733,0.8749999996354166,0.5384615383234714,0,0.0,0.0,0.0,515.625,"[0.2, 0.2, 0.2, 0.2, 0.2]",0,25.34097957611084,5.361927270889282,0.0006108283996582031,5,"Dir_F1=0 BY CONSTRUCTION -- no Sepsets aggregated/passed to orientation; definitional, not empirical evidence about weighting."
corrupted_client_sweep,corruption0.2_2b13c41e0b,3,agg_equal,on,equal,global_graph,true_dag,0.2,[0],20,5000,5,0.5,0.2,2,mild,False,0.07,0.05,0.5,42,1866394491,"[2176837278, 3124173623, 3822110822, 1647998268, 3772489559]",21,0.6666666617384733,0.8749999996354166,0.5384615383234714,22,0.7272727269421487,0.4102564101512163,0.524590159150766,515.625,"[0.2, 0.2, 0.2, 0.2, 0.2]",336,25.34419822692871,5.365145921707153,0.003829479217529297,5,
corrupted_client_sweep,corruption0.2_2b13c41e0b,3,agg_consensus,on,consensus,global_graph,true_dag,0.2,[0],20,5000,5,0.5,0.2,2,mild,False,0.07,0.05,0.5,42,1866394491,"[2176837278, 3124173623, 3822110822, 1647998268, 3772489559]",22,0.6451612854474505,0.8695652170132325,0.5128205126890204,20,0.649999999675,0.33333333324786324,0.4406779614708417,515.625,"[0.010334920123154154, 0.24825284681385684, 0.26407273349444116, 0.2278784868006927, 0.249461012767855]",336,25.343607425689697,5.36455512046814,0.003238677978515625,5,
corrupted_client_sweep,corruption0.2_2b13c41e0b,3,agg_oracle,on,oracle,global_graph,true_dag,0.2,[0],20,5000,5,0.5,0.2,2,mild,False,0.07,0.05,0.5,42,1866394491,"[2176837278, 3124173623, 3822110822, 1647998268, 3772489559]",21,0.6666666617384733,0.8749999996354166,0.5384615383234714,22,0.7272727269421487,0.4102564101512163,0.524590159150766,515.625,"[0.03608941286137088, 0.22071590768723556, 0.2696280205956964, 0.2456734647972309, 0.2278931940584662]",336,25.344353199005127,5.365300893783569,0.0039844512939453125,5,"ablation only -- requires ground truth, not deployable"
corrupted_client_sweep,corruption0.2_2b13c41e0b,4,no_agg_equal,off,equal,global_graph,true_dag,0.2,[0],20,5000,5,0.5,0.2,2,mild,False,0.07,0.05,0.5,42,2595213908,"[3108681339, 3309665653, 2417916729, 2181974608, 521235356]",10,0.827586201706302,0.959999999616,0.7272727270523416,0,0.0,0.0,0.0,329.375,"[0.2, 0.2, 0.2, 0.2, 0.2]",0,15.527245283126831,3.6823184490203857,0.0006725788116455078,5,"Dir_F1=0 BY CONSTRUCTION -- no Sepsets aggregated/passed to orientation; definitional, not empirical evidence about weighting."
corrupted_client_sweep,corruption0.2_2b13c41e0b,4,agg_equal,on,equal,global_graph,true_dag,0.2,[0],20,5000,5,0.5,0.2,2,mild,False,0.07,0.05,0.5,42,2595213908,"[3108681339, 3309665653, 2417916729, 2181974608, 521235356]",10,0.827586201706302,0.959999999616,0.7272727270523416,20,0.9499999995249999,0.5757575755831037,0.7169811271057315,329.375,"[0.2, 0.2, 0.2, 0.2, 0.2]",330,15.530321598052979,3.685394763946533,0.0037488937377929688,5,
corrupted_client_sweep,corruption0.2_2b13c41e0b,4,agg_consensus,on,consensus,global_graph,true_dag,0.2,[0],20,5000,5,0.5,0.2,2,mild,False,0.07,0.05,0.5,42,2595213908,"[3108681339, 3309665653, 2417916729, 2181974608, 521235356]",9,0.8474576219017523,0.9615384611686391,0.7575757573461891,21,0.9047619043310657,0.5757575755831037,0.7037036986899863,329.375,"[0.005605166548999059, 0.23024949666663577, 0.26054872187976164, 0.24368928891532934, 0.25990732598927413]",330,15.52998161315918,3.6850547790527344,0.0034089088439941406,5,
corrupted_client_sweep,corruption0.2_2b13c41e0b,4,agg_oracle,on,oracle,global_graph,true_dag,0.2,[0],20,5000,5,0.5,0.2,2,mild,False,0.07,0.05,0.5,42,2595213908,"[3108681339, 3309665653, 2417916729, 2181974608, 521235356]",9,0.8474576219017523,0.9615384611686391,0.7575757573461891,21,0.9047619043310657,0.5757575755831037,0.7037036986899863,329.375,"[0.008032436675338865, 0.22132007129134793, 0.2789776083926743, 0.24583494182031945, 0.24583494182031945]",330,15.530006170272827,3.685079336166382,0.0034334659576416016,5,"ablation only -- requires ground truth, not deployable"
corrupted_client_sweep,corruption0.2_2b13c41e0b,5,no_agg_equal,off,equal,global_graph,true_dag,0.2,[0],20,5000,5,0.5,0.2,2,mild,False,0.07,0.05,0.5,42,2151012891,"[1994043954, 586611343, 3059759834, 1099451850, 2103761024]",36,0.4857142810693879,0.7083333330381945,0.3695652173109641,0,0.0,0.0,0.0,437.5,"[0.2, 0.2, 0.2, 0.2, 0.2]",0,21.173287868499756,4.541846513748169,0.00044226646423339844,5,"Dir_F1=0 BY CONSTRUCTION -- no Sepsets aggregated/passed to orientation; definitional, not empirical evidence about weighting."
corrupted_client_sweep,corruption0.2_2b13c41e0b,5,agg_equal,on,equal,global_graph,true_dag,0.2,[0],20,5000,5,0.5,0.2,2,mild,False,0.07,0.05,0.5,42,2151012891,"[1994043954, 586611343, 3059759834, 1099451850, 2103761024]",36,0.4857142810693879,0.7083333330381945,0.3695652173109641,20,0.549999999725,0.23913043473062381,0.33333332900826457,437.5,"[0.2, 0.2, 0.2, 0.2, 0.2]",334,21.177785634994507,4.54634428024292,0.004940032958984375,5,
corrupted_client_sweep,corruption0.2_2b13c41e0b,5,agg_consensus,on,consensus,global_graph,true_dag,0.2,[0],20,5000,5,0.5,0.2,2,mild,False,0.07,0.05,0.5,42,2151012891,"[1994043954, 586611343, 3059759834, 1099451850, 2103761024]",36,0.5135135086705626,0.6785714283290816,0.4130434781710775,24,0.5416666664409722,0.28260869559073726,0.3714285668163266,437.5,"[0.012358099292376207, 0.23262488307776977, 0.2464801252352326, 0.2687697754721052, 0.23976711692251626]",334,21.1765398979187,4.545098543167114,0.003694295883178711,5,
corrupted_client_sweep,corruption0.2_2b13c41e0b,5,agg_oracle,on,oracle,global_graph,true_dag,0.2,[0],20,5000,5,0.5,0.2,2,mild,False,0.07,0.05,0.5,42,2151012891,"[1994043954, 586611343, 3059759834, 1099451850, 2103761024]",34,0.5142857096326532,0.7499999996875,0.3913043477410208,23,0.5652173910586011,0.28260869559073726,0.3768115896492334,437.5,"[0.0741680193238078, 0.2539256360718349, 0.1937951241606678, 0.2291678863448962, 0.24894333409879335]",334,21.177671909332275,4.5462305545806885,0.00482630729675293,5,"ablation only -- requires ground truth, not deployable"
corrupted_client_sweep,corruption0.2_2b13c41e0b,6,no_agg_equal,off,equal,global_graph,true_dag,0.2,[0],20,5000,5,0.5,0.2,2,mild,False,0.07,0.05,0.5,42,1453826029,"[544994582, 1347861808, 2728087796, 3300768669, 981671882]",30,0.5588235250951558,0.9499999995249999,0.39583333325086806,0,0.0,0.0,0.0,596.875,"[0.2, 0.2, 0.2, 0.2, 0.2]",0,38.0034818649292,7.800884485244751,0.0005168914794921875,5,"Dir_F1=0 BY CONSTRUCTION -- no Sepsets aggregated/passed to orientation; definitional, not empirical evidence about weighting."
corrupted_client_sweep,corruption0.2_2b13c41e0b,6,agg_equal,on,equal,global_graph,true_dag,0.2,[0],20,5000,5,0.5,0.2,2,mild,False,0.07,0.05,0.5,42,1453826029,"[544994582, 1347861808, 2728087796, 3300768669, 981671882]",30,0.5588235250951558,0.9499999995249999,0.39583333325086806,9,0.6666666659259258,0.12499999997395833,0.21052631305632505,596.875,"[0.2, 0.2, 0.2, 0.2, 0.2]",344,38.005565881729126,7.802968502044678,0.0026009082794189453,5,
corrupted_client_sweep,corruption0.2_2b13c41e0b,6,agg_consensus,on,consensus,global_graph,true_dag,0.2,[0],20,5000,5,0.5,0.2,2,mild,False,0.07,0.05,0.5,42,1453826029,"[544994582, 1347861808, 2728087796, 3300768669, 981671882]",30,0.5454545413223141,0.9999999994444444,0.374999999921875,6,0.6666666655555555,0.08333333331597222,0.1481481461179698,596.875,"[0.010662667656602266, 0.24720719105554378, 0.21939106435290492, 0.2561610965164629, 0.2665779804184862]",346,38.00517177581787,7.802574396133423,0.0022068023681640625,5,
corrupted_client_sweep,corruption0.2_2b13c41e0b,6,agg_oracle,on,oracle,global_graph,true_dag,0.2,[0],20,5000,5,0.5,0.2,2,mild,False,0.07,0.05,0.5,42,1453826029,"[544994582, 1347861808, 2728087796, 3300768669, 981671882]",30,0.5588235250951558,0.9499999995249999,0.39583333325086806,9,0.6666666659259258,0.12499999997395833,0.21052631305632505,596.875,"[0.08823550391844658, 0.22169026241092676, 0.21476571775008876, 0.23413364724771996, 0.24117486867281793]",344,38.005884885787964,7.803287506103516,0.002919912338256836,5,"ablation only -- requires ground truth, not deployable"
corrupted_client_sweep,corruption0.2_2b13c41e0b,7,no_agg_equal,off,equal,global_graph,true_dag,0.2,[0],20,5000,5,0.5,0.2,2,mild,False,0.07,0.05,0.5,42,93315088,"[1249597745, 3486715304, 180723417, 534724282, 3162433752]",15,0.754098355571083,0.919999999632,0.6388888887114197,0,0.0,0.0,0.0,533.75,"[0.2, 0.2, 0.2, 0.2, 0.2]",0,21.187299013137817,4.509113550186157,0.0005252361297607422,5,"Dir_F1=0 BY CONSTRUCTION -- no Sepsets aggregated/passed to orientation; definitional, not empirical evidence about weighting."
corrupted_client_sweep,corruption0.2_2b13c41e0b,7,agg_equal,on,equal,global_graph,true_dag,0.2,[0],20,5000,5,0.5,0.2,2,mild,False,0.07,0.05,0.5,42,93315088,"[1249597745, 3486715304, 180723417, 534724282, 3162433752]",15,0.754098355571083,0.919999999632,0.6388888887114197,22,0.6818181815082645,0.41666666655092593,0.5172413744233056,533.75,"[0.2, 0.2, 0.2, 0.2, 0.2]",330,21.19068670272827,4.512501239776611,0.003912925720214844,5,
corrupted_client_sweep,corruption0.2_2b13c41e0b,7,agg_consensus,on,consensus,global_graph,true_dag,0.2,[0],20,5000,5,0.5,0.2,2,mild,False,0.07,0.05,0.5,42,93315088,"[1249597745, 3486715304, 180723417, 534724282, 3162433752]",15,0.754098355571083,0.919999999632,0.6388888887114197,22,0.6818181815082645,0.41666666655092593,0.5172413744233056,533.75,"[0.003903403084211847, 0.24317755879485084, 0.242505682710377, 0.2571985419897371, 0.25321481342082314]",332,21.189666986465454,4.511481523513794,0.002893209457397461,5,
corrupted_client_sweep,corruption0.2_2b13c41e0b,7,agg_oracle,on,oracle,global_graph,true_dag,0.2,[0],20,5000,5,0.5,0.2,2,mild,False,0.07,0.05,0.5,42,93315088,"[1249597745, 3486715304, 180723417, 534724282, 3162433752]",14,0.7741935432674297,0.9230769227218935,0.6666666664814814,25,0.639999999744,0.4444444443209876,0.5245901589250203,533.75,"[0.007399158320054801, 0.2677588652706013, 0.23388284188348868, 0.24148829336469496, 0.24947084116116028]",330,21.18966007232666,4.511474609375,0.0028862953186035156,5,"ablation only -- requires ground truth, not deployable"
corrupted_client_sweep,corruption0.2_2b13c41e0b,8,no_agg_equal,off,equal,global_graph,true_dag,0.2,[0],20,5000,5,0.5,0.2,2,mild,False,0.07,0.05,0.5,42,1344763987,"[3556652713, 2274679066, 1008957186, 2446684924, 213324412]",9,0.8571428519022424,0.9310344824375743,0.7941176468252595,0,0.0,0.0,0.0,331.875,"[0.2, 0.2, 0.2, 0.2, 0.2]",0,12.324797630310059,2.6288859844207764,0.0006239414215087891,5,"Dir_F1=0 BY CONSTRUCTION -- no Sepsets aggregated/passed to orientation; definitional, not empirical evidence about weighting."
corrupted_client_sweep,corruption0.2_2b13c41e0b,8,agg_equal,on,equal,global_graph,true_dag,0.2,[0],20,5000,5,0.5,0.2,2,mild,False,0.07,0.05,0.5,42,1344763987,"[3556652713, 2274679066, 1008957186, 2446684924, 213324412]",9,0.8571428519022424,0.9310344824375743,0.7941176468252595,25,0.759999999696,0.5588235292474049,0.6440677915081874,331.875,"[0.2, 0.2, 0.2, 0.2, 0.2]",324,12.327563524246216,2.6316518783569336,0.0033898353576660156,5,
corrupted_client_sweep,corruption0.2_2b13c41e0b,8,agg_consensus,on,consensus,global_graph,true_dag,0.2,[0],20,5000,5,0.5,0.2,2,mild,False,0.07,0.05,0.5,42,1344763987,"[3556652713, 2274679066, 1008957186, 2446684924, 213324412]",10,0.8387096721956296,0.9285714282397959,0.7647058821280277,24,0.7916666663368055,0.5588235292474049,0.6551724087158146,331.875,"[0.007916136354029345, 0.22740031329093896, 0.24882824781427199, 0.25923004457804577, 0.25662525796271385]",324,12.32702898979187,2.631117343902588,0.0028553009033203125,5,
corrupted_client_sweep,corruption0.2_2b13c41e0b,8,agg_oracle,on,oracle,global_graph,true_dag,0.2,[0],20,5000,5,0.5,0.2,2,mild,False,0.07,0.05,0.5,42,1344763987,"[3556652713, 2274679066, 1008957186, 2446684924, 213324412]",9,0.8571428519022424,0.9310344824375743,0.7941176468252595,25,0.759999999696,0.5588235292474049,0.6440677915081874,331.875,"[0.024344896451439446, 0.2407785845072542, 0.24848301394340624, 0.24848301394340624, 0.23791049115449397]",324,12.327070236206055,2.6311585903167725,0.002896547317504883,5,"ablation only -- requires ground truth, not deployable"
corrupted_client_sweep,corruption0.2_2b13c41e0b,9,no_agg_equal,off,equal,global_graph,true_dag,0.2,[0],20,5000,5,0.5,0.2,2,mild,False,0.07,0.05,0.5,42,2456139216,"[1459104724, 472304097, 2135988654, 2620389729, 4211486126]",16,0.6923076872263313,0.8571428567346938,0.5806451611030177,0,0.0,0.0,0.0,367.5,"[0.2, 0.2, 0.2, 0.2, 0.2]",0,15.88680911064148,3.290647029876709,0.0005288124084472656,5,"Dir_F1=0 BY CONSTRUCTION -- no Sepsets aggregated/passed to orientation; definitional, not empirical evidence about weighting."
corrupted_client_sweep,corruption0.2_2b13c41e0b,9,agg_equal,on,equal,global_graph,true_dag,0.2,[0],20,5000,5,0.5,0.2,2,mild,False,0.07,0.05,0.5,42,2456139216,"[1459104724, 472304097, 2135988654, 2620389729, 4211486126]",16,0.6923076872263313,0.8571428567346938,0.5806451611030177,16,0.6874999995703125,0.35483870956295527,0.4680851016930739,367.5,"[0.2, 0.2, 0.2, 0.2, 0.2]",338,15.890123128890991,3.2939610481262207,0.0038428306579589844,5,
corrupted_client_sweep,corruption0.2_2b13c41e0b,9,agg_consensus,on,consensus,global_graph,true_dag,0.2,[0],20,5000,5,0.5,0.2,2,mild,False,0.07,0.05,0.5,42,2456139216,"[1459104724, 472304097, 2135988654, 2620389729, 4211486126]",17,0.6909090857388431,0.7916666663368055,0.6129032256087409,18,0.6666666662962962,0.38709677406867843,0.4897959135193669,367.5,"[0.00363836555418858, 0.22984568197603938, 0.23807158476543075, 0.25846230079612814, 0.2699820669082131]",342,15.889695167541504,3.2935330867767334,0.0034148693084716797,5,
corrupted_client_sweep,corruption0.2_2b13c41e0b,9,agg_oracle,on,oracle,global_graph,true_dag,0.2,[0],20,5000,5,0.5,0.2,2,mild,False,0.07,0.05,0.5,42,2456139216,"[1459104724, 472304097, 2135988654, 2620389729, 4211486126]",16,0.6923076872263313,0.8571428567346938,0.5806451611030177,16,0.6874999995703125,0.35483870956295527,0.4680851016930739,367.5,"[0.012059126449618325, 0.20824474762423073, 0.2954787613352707, 0.2507526646307502, 0.23346469996013017]",340,15.891809463500977,3.295647382736206,0.005529165267944336,5,"ablation only -- requires ground truth, not deployable"
corrupted_client_sweep,corruption0.2_2b13c41e0b,10,no_agg_equal,off,equal,global_graph,true_dag,0.2,[0],20,5000,5,0.5,0.2,2,mild,False,0.07,0.05,0.5,42,3907792738,"[3953754908, 1608430642, 96103677, 3106789747, 2855525986]",17,0.7213114704004301,0.9166666662847222,0.5945945944338933,0,0.0,0.0,0.0,348.125,"[0.2, 0.2, 0.2, 0.2, 0.2]",0,16.825149059295654,3.8714091777801514,0.0007121562957763672,5,"Dir_F1=0 BY CONSTRUCTION -- no Sepsets aggregated/passed to orientation; definitional, not empirical evidence about weighting."
corrupted_client_sweep,corruption0.2_2b13c41e0b,10,agg_equal,on,equal,global_graph,true_dag,0.2,[0],20,5000,5,0.5,0.2,2,mild,False,0.07,0.05,0.5,42,3907792738,"[3953754908, 1608430642, 96103677, 3106789747, 2855525986]",17,0.7213114704004301,0.9166666662847222,0.5945945944338933,22,0.8636363632438017,0.5135135133747261,0.6440677917150245,348.125,"[0.2, 0.2, 0.2, 0.2, 0.2]",336,16.829315185546875,3.875575304031372,0.00487828254699707,5,
corrupted_client_sweep,corruption0.2_2b13c41e0b,10,agg_consensus,on,consensus,global_graph,true_dag,0.2,[0],20,5000,5,0.5,0.2,2,mild,False,0.07,0.05,0.5,42,3907792738,"[3953754908, 1608430642, 96103677, 3106789747, 2855525986]",16,0.7419354788189387,0.919999999632,0.6216216214536158,23,0.8695652170132325,0.5405405403944485,0.6666666617166667,348.125,"[0.003724700285326111, 0.26093360865240495, 0.2592292173970137, 0.2390572582973899, 0.23705521536786545]",336,16.82890486717224,3.8751649856567383,0.004467964172363281,5,
corrupted_client_sweep,corruption0.2_2b13c41e0b,10,agg_oracle,on,oracle,global_graph,true_dag,0.2,[0],20,5000,5,0.5,0.2,2,mild,False,0.07,0.05,0.5,42,3907792738,"[3953754908, 1608430642, 96103677, 3106789747, 2855525986]",15,0.7619047568153188,0.9230769227218935,0.6486486484733381,24,0.8749999996354166,0.5675675674141709,0.6885245851652781,348.125,"[0.0196446868785853, 0.25459515091768015, 0.26261340647261844, 0.21424444372850082, 0.24890231200261537]",336,16.829026699066162,3.875286817550659,0.00458979606628418,5,"ablation only -- requires ground truth, not deployable"
corrupted_client_sweep,corruption0.2_2b13c41e0b,11,no_agg_equal,off,equal,global_graph,true_dag,0.2,[0],20,5000,5,0.5,0.2,2,mild,False,0.07,0.05,0.5,42,3101637101,"[1369292127, 2840740938, 756162923, 4079529657, 2548200989]",21,0.6315789428254848,0.9999999994444444,0.46153846142011834,0,0.0,0.0,0.0,552.5,"[0.2, 0.2, 0.2, 0.2, 0.2]",0,25.404099225997925,5.601073265075684,0.00046539306640625,5,"Dir_F1=0 BY CONSTRUCTION -- no Sepsets aggregated/passed to orientation; definitional, not empirical evidence about weighting."
corrupted_client_sweep,corruption0.2_2b13c41e0b,11,agg_equal,on,equal,global_graph,true_dag,0.2,[0],20,5000,5,0.5,0.2,2,mild,False,0.07,0.05,0.5,42,3101637101,"[1369292127, 2840740938, 756162923, 4079529657, 2548200989]",21,0.6315789428254848,0.9999999994444444,0.46153846142011834,10,0.7999999992,0.20512820507560814,0.32653060886297386,552.5,"[0.2, 0.2, 0.2, 0.2, 0.2]",344,25.407175302505493,5.604149341583252,0.0035414695739746094,5,
corrupted_client_sweep,corruption0.2_2b13c41e0b,11,agg_consensus,on,consensus,global_graph,true_dag,0.2,[0],20,5000,5,0.5,0.2,2,mild,False,0.07,0.05,0.5,42,3101637101,"[1369292127, 2840740938, 756162923, 4079529657, 2548200989]",20,0.6551724091617123,0.9999999994736841,0.48717948705456937,12,0.8333333326388889,0.2564102563445102,0.3921568589926952,552.5,"[0.004054776935124125, 0.27954361349873535, 0.23710900953858285, 0.2263817927670468, 0.25291080726051085]",344,25.40685772895813,5.603831768035889,0.003223896026611328,5,
corrupted_client_sweep,corruption0.2_2b13c41e0b,11,agg_oracle,on,oracle,global_graph,true_dag,0.2,[0],20,5000,5,0.5,0.2,2,mild,False,0.07,0.05,0.5,42,3101637101,"[1369292127, 2840740938, 756162923, 4079529657, 2548200989]",20,0.6551724091617123,0.9999999994736841,0.48717948705456937,12,0.8333333326388889,0.2564102563445102,0.3921568589926952,552.5,"[0.0532261581707092, 0.2584963485807421, 0.21426504625772583, 0.24980801960038196, 0.2242044273904409]",344,25.406516551971436,5.603490591049194,0.002882719039916992,5,"ablation only -- requires ground truth, not deployable"
corrupted_client_sweep,corruption0.2_2b13c41e0b,12,no_agg_equal,off,equal,global_graph,true_dag,0.2,[0],20,5000,5,0.5,0.2,2,mild,False,0.07,0.05,0.5,42,89812877,"[1641099300, 1983807922, 29560836, 2442530088, 1389136325]",23,0.5964912234164359,0.894736841634349,0.44736842093490303,0,0.0,0.0,0.0,476.25,"[0.2, 0.2, 0.2, 0.2, 0.2]",0,21.115004539489746,4.796865463256836,0.0004916191101074219,5,"Dir_F1=0 BY CONSTRUCTION -- no Sepsets aggregated/passed to orientation; definitional, not empirical evidence about weighting."
corrupted_client_sweep,corruption0.2_2b13c41e0b,12,agg_equal,on,equal,global_graph,true_dag,0.2,[0],20,5000,5,0.5,0.2,2,mild,False,0.07,0.05,0.5,42,89812877,"[1641099300, 1983807922, 29560836, 2442530088, 1389136325]",23,0.5964912234164359,0.894736841634349,0.44736842093490303,11,0.3636363633057851,0.10526315786703601,0.1632653025739276,476.25,"[0.2, 0.2, 0.2, 0.2, 0.2]",344,21.116994619369507,4.798855543136597,0.002481698989868164,5,
corrupted_client_sweep,corruption0.2_2b13c41e0b,12,agg_consensus,on,consensus,global_graph,true_dag,0.2,[0],20,5000,5,0.5,0.2,2,mild,False,0.07,0.05,0.5,42,89812877,"[1641099300, 1983807922, 29560836, 2442530088, 1389136325]",23,0.5964912234164359,0.894736841634349,0.44736842093490303,11,0.3636363633057851,0.10526315786703601,0.1632653025739276,476.25,"[0.0010629800467037904, 0.24532663020028328, 0.2265200859611816, 0.27598542276375954, 0.2511048810280717]",346,21.116899013519287,4.798759937286377,0.0023860931396484375,5,
corrupted_client_sweep,corruption0.2_2b13c41e0b,12,agg_oracle,on,oracle,global_graph,true_dag,0.2,[0],20,5000,5,0.5,0.2,2,mild,False,0.07,0.05,0.5,42,89812877,"[1641099300, 1983807922, 29560836, 2442530088, 1389136325]",22,0.6071428525637755,0.944444443919753,0.44736842093490303,6,0.6666666655555555,0.10526315786703601,0.1818181793801653,476.25,"[0.0022311946188812116, 0.24006914243028857, 0.3066898189980273, 0.2215833937136913, 0.22942645023911162]",346,21.116761207580566,4.798622131347656,0.0022482872009277344,5,"ablation only -- requires ground truth, not deployable"
corrupted_client_sweep,corruption0.2_2b13c41e0b,13,no_agg_equal,off,equal,global_graph,true_dag,0.2,[0],20,5000,5,0.5,0.2,2,mild,False,0.07,0.05,0.5,42,2275009023,"[4282590898, 3297348958, 338251701, 3307108082, 2762634336]",31,0.5633802769688555,0.79999999968,0.4347826086011342,0,0.0,0.0,0.0,551.25,"[0.2, 0.2, 0.2, 0.2, 0.2]",0,26.81352162361145,6.373152494430542,0.0007028579711914062,5,"Dir_F1=0 BY CONSTRUCTION -- no Sepsets aggregated/passed to orientation; definitional, not empirical evidence about weighting."
corrupted_client_sweep,corruption0.2_2b13c41e0b,13,agg_equal,on,equal,global_graph,true_dag,0.2,[0],20,5000,5,0.5,0.2,2,mild,False,0.07,0.05,0.5,42,2275009023,"[4282590898, 3297348958, 338251701, 3307108082, 2762634336]",31,0.5633802769688555,0.79999999968,0.4347826086011342,20,0.549999999725,0.23913043473062381,0.33333332900826457,551.25,"[0.2, 0.2, 0.2, 0.2, 0.2]",332,26.816465139389038,6.37609601020813,0.003646373748779297,5,
corrupted_client_sweep,corruption0.2_2b13c41e0b,13,agg_consensus,on,consensus,global_graph,true_dag,0.2,[0],20,5000,5,0.5,0.2,2,mild,False,0.07,0.05,0.5,42,2275009023,"[4282590898, 3297348958, 338251701, 3307108082, 2762634336]",31,0.5633802769688555,0.79999999968,0.4347826086011342,20,0.49999999975,0.2173913043005671,0.30303029871441695,551.25,"[0.00683929998425265, 0.2721912381533424, 0.2565153205413561, 0.24531390629917488, 0.2191402350218739]",332,26.81679058074951,6.3764214515686035,0.00397181510925293,5,
corrupted_client_sweep,corruption0.2_2b13c41e0b,13,agg_oracle,on,oracle,global_graph,true_dag,0.2,[0],20,5000,5,0.5,0.2,2,mild,False,0.07,0.05,0.5,42,2275009023,"[4282590898, 3297348958, 338251701, 3307108082, 2762634336]",31,0.5633802769688555,0.79999999968,0.4347826086011342,20,0.549999999725,0.23913043473062381,0.33333332900826457,551.25,"[0.04512944255200011, 0.24358203967865696, 0.25422919035186076, 0.23257411990853824, 0.22448520750894402]",332,26.815888166427612,6.375519037246704,0.0030694007873535156,5,"ablation only -- requires ground truth, not deployable"
corrupted_client_sweep,corruption0.2_2b13c41e0b,14,no_agg_equal,off,equal,global_graph,true_dag,0.2,[0],20,5000,5,0.5,0.2,2,mild,False,0.07,0.05,0.5,42,3992239015,"[2043365909, 914663892, 4275011740, 3664065998, 3994389808]",12,0.7931034430558859,0.8846153842751479,0.7187499997753906,0,0.0,0.0,0.0,326.25,"[0.2, 0.2, 0.2, 0.2, 0.2]",0,13.09122920036316,3.0619516372680664,0.0005459785461425781,5,"Dir_F1=0 BY CONSTRUCTION -- no Sepsets aggregated/passed to orientation; definitional, not empirical evidence about weighting."
corrupted_client_sweep,corruption0.2_2b13c41e0b,14,agg_equal,on,equal,global_graph,true_dag,0.2,[0],20,5000,5,0.5,0.2,2,mild,False,0.07,0.05,0.5,42,3992239015,"[2043365909, 914663892, 4275011740, 3664065998, 3994389808]",12,0.7931034430558859,0.8846153842751479,0.7187499997753906,25,0.719999999712,0.5624999998242187,0.6315789422222222,326.25,"[0.2, 0.2, 0.2, 0.2, 0.2]",330,13.095203638076782,3.0659260749816895,0.004520416259765625,5,
corrupted_client_sweep,corruption0.2_2b13c41e0b,14,agg_consensus,on,consensus,global_graph,true_dag,0.2,[0],20,5000,5,0.5,0.2,2,mild,False,0.07,0.05,0.5,42,3992239015,"[2043365909, 914663892, 4275011740, 3664065998, 3994389808]",13,0.7796610117207698,0.8518518515363511,0.7187499997753906,26,0.6923076920414201,0.5624999998242187,0.6206896500118906,326.25,"[0.004415212727660892, 0.25865348372390723, 0.235302105647926, 0.2501409487930549, 0.25148824910745105]",332,13.094724893569946,3.0654473304748535,0.0040416717529296875,5,
corrupted_client_sweep,corruption0.2_2b13c41e0b,14,agg_oracle,on,oracle,global_graph,true_dag,0.2,[0],20,5000,5,0.5,0.2,2,mild,False,0.07,0.05,0.5,42,3992239015,"[2043365909, 914663892, 4275011740, 3664065998, 3994389808]",12,0.7931034430558859,0.8846153842751479,0.7187499997753906,25,0.719999999712,0.5624999998242187,0.6315789422222222,326.25,"[0.01475949310381752, 0.24847569430697936, 0.24847569430697936, 0.23587084915083012, 0.25241826913139365]",330,13.094661712646484,3.0653841495513916,0.0039784908294677734,5,"ablation only -- requires ground truth, not deployable"
corrupted_client_sweep,corruption0.4_2b13c41e0b,0,no_agg_equal,off,equal,global_graph,true_dag,0.4,"[0, 1]",20,5000,5,0.5,0.2,2,mild,False,0.07,0.05,0.5,42,31945091,"[3421932653, 2737945669, 545147907, 851189409, 1673694533]",30,0.5454545408448118,0.8181818178099173,0.4090909089979339,0,0.0,0.0,0.0,403.75,"[0.2, 0.2, 0.2, 0.2, 0.2]",0,27.213974475860596,5.7128074169158936,0.0004909038543701172,5,"Dir_F1=0 BY CONSTRUCTION -- no Sepsets aggregated/passed to orientation; definitional, not empirical evidence about weighting."
corrupted_client_sweep,corruption0.4_2b13c41e0b,0,agg_equal,on,equal,global_graph,true_dag,0.4,"[0, 1]",20,5000,5,0.5,0.2,2,mild,False,0.07,0.05,0.5,42,31945091,"[3421932653, 2737945669, 545147907, 851189409, 1673694533]",30,0.5454545408448118,0.8181818178099173,0.4090909089979339,16,0.4999999996875,0.1818181817768595,0.26666666266666667,403.75,"[0.2, 0.2, 0.2, 0.2, 0.2]",328,27.21591305732727,5.714745998382568,0.002429485321044922,5,
corrupted_client_sweep,corruption0.4_2b13c41e0b,0,agg_consensus,on,consensus,global_graph,true_dag,0.4,"[0, 1]",20,5000,5,0.5,0.2,2,mild,False,0.07,0.05,0.5,42,31945091,"[3421932653, 2737945669, 545147907, 851189409, 1673694533]",30,0.5714285665959185,0.7692307689349113,0.4545454544421488,21,0.5238095235600907,0.2499999999431818,0.338461533983432,403.75,"[0.02356744656524793, 0.03362030045899231, 0.3350050187277959, 0.3238145053959092, 0.28399272885205445]",336,27.216793537139893,5.71562647819519,0.003309965133666992,5,
corrupted_client_sweep,corruption0.4_2b13c41e0b,0,agg_oracle,on,oracle,global_graph,true_dag,0.4,"[0, 1]",20,5000,5,0.5,0.2,2,mild,False,0.07,0.05,0.5,42,31945091,"[3421932653, 2737945669, 545147907, 851189409, 1673694533]",30,0.5714285665959185,0.7692307689349113,0.4545454544421488,21,0.5238095235600907,0.2499999999431818,0.338461533983432,403.75,"[0.03364352231010412, 0.10728164238041761, 0.24786350919255382, 0.32500774130218796, 0.28620358481473646]",334,27.215901613235474,5.7147345542907715,0.002418041229248047,5,"ablation only -- requires ground truth, not deployable"
corrupted_client_sweep,corruption0.4_2b13c41e0b,1,no_agg_equal,off,equal,global_graph,true_dag,0.4,"[0, 1]",20,5000,5,0.5,0.2,2,mild,False,0.07,0.05,0.5,42,1012127209,"[1649196745, 1885669945, 372471044, 3331183114, 1682388238]",24,0.6129032209417273,0.8260869561625709,0.48717948705456937,0,0.0,0.0,0.0,401.25,"[0.2, 0.2, 0.2, 0.2, 0.2]",0,18.700855493545532,4.090258598327637,0.0005643367767333984,5,"Dir_F1=0 BY CONSTRUCTION -- no Sepsets aggregated/passed to orientation; definitional, not empirical evidence about weighting."
corrupted_client_sweep,corruption0.4_2b13c41e0b,1,agg_equal,on,equal,global_graph,true_dag,0.4,"[0, 1]",20,5000,5,0.5,0.2,2,mild,False,0.07,0.05,0.5,42,1012127209,"[1649196745, 1885669945, 372471044, 3331183114, 1682388238]",24,0.6129032209417273,0.8260869561625709,0.48717948705456937,13,0.46153846118343195,0.1538461538067061,0.2307692269304734,401.25,"[0.2, 0.2, 0.2, 0.2, 0.2]",336,18.70373010635376,4.093133211135864,0.0034389495849609375,5,
corrupted_client_sweep,corruption0.4_2b13c41e0b,1,agg_consensus,on,consensus,global_graph,true_dag,0.4,"[0, 1]",20,5000,5,0.5,0.2,2,mild,False,0.07,0.05,0.5,42,1012127209,"[1649196745, 1885669945, 372471044, 3331183114, 1682388238]",23,0.6229508148562215,0.8636363632438017,0.48717948705456937,12,0.5833333328472222,0.17948717944115714,0.27450980021530186,401.25,"[0.024044790619047532, 0.010591614231749973, 0.307662364195132, 0.3135559740467211, 0.3441452569073494]",338,18.703519821166992,4.092922925949097,0.0032286643981933594,5,
corrupted_client_sweep,corruption0.4_2b13c41e0b,1,agg_oracle,on,oracle,global_graph,true_dag,0.4,"[0, 1]",20,5000,5,0.5,0.2,2,mild,False,0.07,0.05,0.5,42,1012127209,"[1649196745, 1885669945, 372471044, 3331183114, 1682388238]",23,0.6229508148562215,0.8636363632438017,0.48717948705456937,12,0.5833333328472222,0.17948717944115714,0.27450980021530186,401.25,"[0.036947785540956526, 0.013370569671821753, 0.28850379852659225, 0.30500031664288896, 0.3561775296177405]",338,18.704230546951294,4.093633651733398,0.003939390182495117,5,"ablation only -- requires ground truth, not deployable"
corrupted_client_sweep,corruption0.4_2b13c41e0b,2,no_agg_equal,off,equal,global_graph,true_dag,0.4,"[0, 1]",20,5000,5,0.5,0.2,2,mild,False,0.07,0.05,0.5,42,1534393999,"[3138467189, 385786627, 3556655012, 4048231497, 2097424548]",31,0.5507246329006512,0.759999999696,0.4318181817200413,0,0.0,0.0,0.0,429.375,"[0.2, 0.2, 0.2, 0.2, 0.2]",0,25.695445775985718,5.440210342407227,0.0006947517395019531,5,"Dir_F1=0 BY CONSTRUCTION -- no Sepsets aggregated/passed to orientation; definitional, not empirical evidence about weighting."
corrupted_client_sweep,corruption0.4_2b13c41e0b,2,agg_equal,on,equal,global_graph,true_dag,0.4,"[0, 1]",20,5000,5,0.5,0.2,2,mild,False,0.07,0.05,0.5,42,1534393999,"[3138467189, 385786627, 3556655012, 4048231497, 2097424548]",31,0.5507246329006512,0.759999999696,0.4318181817200413,20,0.549999999725,0.2499999999431818,0.3437499955957032,429.375,"[0.2, 0.2, 0.2, 0.2, 0.2]",334,25.69756007194519,5.442324638366699,0.0028090476989746094,5,
corrupted_client_sweep,corruption0.4_2b13c41e0b,2,agg_consensus,on,consensus,global_graph,true_dag,0.4,"[0, 1]",20,5000,5,0.5,0.2,2,mild,False,0.07,0.05,0.5,42,1534393999,"[3138467189, 385786627, 3556655012, 4048231497, 2097424548]",29,0.5671641744263756,0.8260869561625709,0.4318181817200413,17,0.5882352937716263,0.2272727272210744,0.32786884833109387,429.375,"[0.020978064281658652, 0.01601398051512052, 0.3343742057062984, 0.34877657637045745, 0.27985717312646496]",338,25.697221755981445,5.441986322402954,0.002470731735229492,5,
corrupted_client_sweep,corruption0.4_2b13c41e0b,2,agg_oracle,on,oracle,global_graph,true_dag,0.4,"[0, 1]",20,5000,5,0.5,0.2,2,mild,False,0.07,0.05,0.5,42,1534393999,"[3138467189, 385786627, 3556655012, 4048231497, 2097424548]",29,0.5671641744263756,0.8260869561625709,0.4318181817200413,17,0.5882352937716263,0.2272727272210744,0.32786884833109387,429.375,"[0.042158489822863736, 0.02550328362325427, 0.27704416830828904, 0.3069741479740596, 0.3483199102715334]",338,25.69749140739441,5.442255973815918,0.0027403831481933594,5,"ablation only -- requires ground truth, not deployable"
corrupted_client_sweep,corruption0.4_2b13c41e0b,3,no_agg_equal,off,equal,global_graph,true_dag,0.4,"[0, 1]",20,5000,5,0.5,0.2,2,mild,False,0.07,0.05,0.5,42,1174550129,"[3883107403, 253513831, 3066795073, 2273504031, 2268516970]",38,0.4571428530571429,0.8421052627146814,0.31372549013456363,0,0.0,0.0,0.0,465.0,"[0.2, 0.2, 0.2, 0.2, 0.2]",0,29.891576051712036,7.257516384124756,0.0005791187286376953,5,"Dir_F1=0 BY CONSTRUCTION -- no Sepsets aggregated/passed to orientation; definitional, not empirical evidence about weighting."
corrupted_client_sweep,corruption0.4_2b13c41e0b,3,agg_equal,on,equal,global_graph,true_dag,0.4,"[0, 1]",20,5000,5,0.5,0.2,2,mild,False,0.07,0.05,0.5,42,1174550129,"[3883107403, 253513831, 3066795073, 2273504031, 2268516970]",38,0.4571428530571429,0.8421052627146814,0.31372549013456363,8,0.49999999937499995,0.07843137253364091,0.13559321794886528,465.0,"[0.2, 0.2, 0.2, 0.2, 0.2]",332,29.89385485649109,7.259795188903809,0.0028579235076904297,5,
corrupted_client_sweep,corruption0.4_2b13c41e0b,3,agg_consensus,on,consensus,global_graph,true_dag,0.4,"[0, 1]",20,5000,5,0.5,0.2,2,mild,False,0.07,0.05,0.5,42,1174550129,"[3883107403, 253513831, 3066795073, 2273504031, 2268516970]",39,0.47999999552,0.7499999996875,0.35294117640138406,14,0.5714285710204081,0.15686274506728182,0.24615384269822485,465.0,"[0.01984001751287468, 0.017651960822414815, 0.3443389808712814, 0.2784835915978115, 0.3396854491956176]",346,29.896591424942017,7.262531757354736,0.005594491958618164,5,
corrupted_client_sweep,corruption0.4_2b13c41e0b,3,agg_oracle,on,oracle,global_graph,true_dag,0.4,"[0, 1]",20,5000,5,0.5,0.2,2,mild,False,0.07,0.05,0.5,42,1174550129,"[3883107403, 253513831, 3066795073, 2273504031, 2268516970]",39,0.47999999552,0.7499999996875,0.35294117640138406,14,0.5714285710204081,0.15686274506728182,0.24615384269822485,465.0,"[0.05394281429816832, 0.05947886878838454, 0.3322951769259993, 0.3078403289513299, 0.24644281103611795]",344,29.896822214126587,7.262762546539307,0.0058252811431884766,5,"ablation only -- requires ground truth, not deployable"
corrupted_client_sweep,corruption0.4_2b13c41e0b,4,no_agg_equal,off,equal,global_graph,true_dag,0.4,"[0, 1]",20,5000,5,0.5,0.2,2,mild,False,0.07,0.05,0.5,42,3691081920,"[2715758361, 2577968535, 538432074, 3006371724, 1883137093]",36,0.49999999524691363,0.6923076920414201,0.3913043477410208,0,0.0,0.0,0.0,485.625,"[0.2, 0.2, 0.2, 0.2, 0.2]",0,44.28328466415405,9.805941820144653,0.0006570816040039062,5,"Dir_F1=0 BY CONSTRUCTION -- no Sepsets aggregated/passed to orientation; definitional, not empirical evidence about weighting."
corrupted_client_sweep,corruption0.4_2b13c41e0b,4,agg_equal,on,equal,global_graph,true_dag,0.4,"[0, 1]",20,5000,5,0.5,0.2,2,mild,False,0.07,0.05,0.5,42,3691081920,"[2715758361, 2577968535, 538432074, 3006371724, 1883137093]",36,0.49999999524691363,0.6923076920414201,0.3913043477410208,21,0.5714285711564626,0.26086956516068055,0.3582089508130988,485.625,"[0.2, 0.2, 0.2, 0.2, 0.2]",318,44.28682827949524,9.80948543548584,0.00420069694519043,5,
corrupted_client_sweep,corruption0.4_2b13c41e0b,4,agg_consensus,on,consensus,global_graph,true_dag,0.4,"[0, 1]",20,5000,5,0.5,0.2,2,mild,False,0.07,0.05,0.5,42,3691081920,"[2715758361, 2577968535, 538432074, 3006371724, 1883137093]",39,0.49350648856805535,0.6129032256087409,0.4130434781710775,30,0.5333333331555555,0.3478260868809074,0.4210526266897507,485.625,"[0.01827412649677581, 0.018460106946809964, 0.31983436911679197, 0.3194160933326288, 0.32401530410699336]",332,44.28755497932434,9.810212135314941,0.004927396774291992,5,
corrupted_client_sweep,corruption0.4_2b13c41e0b,4,agg_oracle,on,oracle,global_graph,true_dag,0.4,"[0, 1]",20,5000,5,0.5,0.2,2,mild,False,0.07,0.05,0.5,42,3691081920,"[2715758361, 2577968535, 538432074, 3006371724, 1883137093]",39,0.49350648856805535,0.6129032256087409,0.4130434781710775,30,0.5333333331555555,0.3478260868809074,0.4210526266897507,485.625,"[0.06481932446491001, 0.09253344006799012, 0.268272629102442, 0.2833836646060057, 0.2909909417586522]",332,44.28759837150574,9.810255527496338,0.0049707889556884766,5,"ablation only -- requires ground truth, not deployable"
corrupted_client_sweep,corruption0.4_2b13c41e0b,5,no_agg_equal,off,equal,global_graph,true_dag,0.4,"[0, 1]",20,5000,5,0.5,0.2,2,mild,False,0.07,0.05,0.5,42,3044453922,"[1127588420, 342955185, 2771661623, 294434926, 2154772474]",28,0.6111111064081791,0.879999999648,0.4680851062833861,0,0.0,0.0,0.0,413.75,"[0.2, 0.2, 0.2, 0.2, 0.2]",0,24.850226163864136,5.497256278991699,0.0004966259002685547,5,"Dir_F1=0 BY CONSTRUCTION -- no Sepsets aggregated/passed to orientation; definitional, not empirical evidence about weighting."
corrupted_client_sweep,corruption0.4_2b13c41e0b,5,agg_equal,on,equal,global_graph,true_dag,0.4,"[0, 1]",20,5000,5,0.5,0.2,2,mild,False,0.07,0.05,0.5,42,3044453922,"[1127588420, 342955185, 2771661623, 294434926, 2154772474]",28,0.6111111064081791,0.879999999648,0.4680851062833861,22,0.5454545452066115,0.255319148881847,0.34782608251207736,413.75,"[0.2, 0.2, 0.2, 0.2, 0.2]",326,24.852338075637817,5.499368190765381,0.0026085376739501953,5,
corrupted_client_sweep,corruption0.4_2b13c41e0b,5,agg_consensus,on,consensus,global_graph,true_dag,0.4,"[0, 1]",20,5000,5,0.5,0.2,2,mild,False,0.07,0.05,0.5,42,3044453922,"[1127588420, 342955185, 2771661623, 294434926, 2154772474]",30,0.5945945897991235,0.8148148145130315,0.4680851062833861,24,0.49999999979166665,0.255319148881847,0.3380281644435628,413.75,"[0.028370129695167206, 0.028835286334063903, 0.3285385657486575, 0.3042093632232722, 0.31004665499883916]",334,24.85271406173706,5.499744176864624,0.0029845237731933594,5,
corrupted_client_sweep,corruption0.4_2b13c41e0b,5,agg_oracle,on,oracle,global_graph,true_dag,0.4,"[0, 1]",20,5000,5,0.5,0.2,2,mild,False,0.07,0.05,0.5,42,3044453922,"[1127588420, 342955185, 2771661623, 294434926, 2154772474]",30,0.5945945897991235,0.8148148145130315,0.4680851062833861,23,0.5217391302079395,0.255319148881847,0.3428571383469388,413.75,"[0.07130338695802335, 0.07281241157115156, 0.3328177763585781, 0.2736909728108177, 0.24937545230142932]",332,24.85194754600525,5.4989776611328125,0.002218008041381836,5,"ablation only -- requires ground truth, not deployable"
corrupted_client_sweep,corruption0.4_2b13c41e0b,6,no_agg_equal,off,equal,global_graph,true_dag,0.4,"[0, 1]",20,5000,5,0.5,0.2,2,mild,False,0.07,0.05,0.5,42,448277617,"[573177880, 3062249045, 1116960190, 1025997770, 3521185615]",5,0.9090909037752066,0.9615384611686391,0.8620689652199762,0,0.0,0.0,0.0,233.75,"[0.2, 0.2, 0.2, 0.2, 0.2]",0,9.479721546173096,2.0312066078186035,0.0005347728729248047,5,"Dir_F1=0 BY CONSTRUCTION -- no Sepsets aggregated/passed to orientation; definitional, not empirical evidence about weighting."
corrupted_client_sweep,corruption0.4_2b13c41e0b,6,agg_equal,on,equal,global_graph,true_dag,0.4,"[0, 1]",20,5000,5,0.5,0.2,2,mild,False,0.07,0.05,0.5,42,448277617,"[573177880, 3062249045, 1116960190, 1025997770, 3521185615]",5,0.9090909037752066,0.9615384611686391,0.8620689652199762,21,0.9047619043310657,0.6551724135671819,0.7599999948239999,233.75,"[0.2, 0.2, 0.2, 0.2, 0.2]",328,9.482501029968262,2.0339860916137695,0.0033142566680908203,5,
corrupted_client_sweep,corruption0.4_2b13c41e0b,6,agg_consensus,on,consensus,global_graph,true_dag,0.4,"[0, 1]",20,5000,5,0.5,0.2,2,mild,False,0.07,0.05,0.5,42,448277617,"[573177880, 3062249045, 1116960190, 1025997770, 3521185615]",5,0.9090909037752066,0.9615384611686391,0.8620689652199762,21,0.9047619043310657,0.6551724135671819,0.7599999948239999,233.75,"[0.012356767333901491, 0.009716581642957009, 0.32976352940827064, 0.3183995922066002, 0.32976352940827064]",328,9.481881618499756,2.0333666801452637,0.002694845199584961,5,
corrupted_client_sweep,corruption0.4_2b13c41e0b,6,agg_oracle,on,oracle,global_graph,true_dag,0.4,"[0, 1]",20,5000,5,0.5,0.2,2,mild,False,0.07,0.05,0.5,42,448277617,"[573177880, 3062249045, 1116960190, 1025997770, 3521185615]",5,0.9090909037752066,0.9615384611686391,0.8620689652199762,21,0.9047619043310657,0.6551724135671819,0.7599999948239999,233.75,"[0.005015183802452835, 0.008290406032044735, 0.3238440039609436, 0.3125807313697094, 0.35026967483484955]",328,9.48181414604187,2.033299207687378,0.0026273727416992188,5,"ablation only -- requires ground truth, not deployable"
corrupted_client_sweep,corruption0.4_2b13c41e0b,7,no_agg_equal,off,equal,global_graph,true_dag,0.4,"[0, 1]",20,5000,5,0.5,0.2,2,mild,False,0.07,0.05,0.5,42,454999963,"[2093918150, 745806155, 1708803964, 735981507, 779918896]",39,0.4799999953422223,0.6923076920414201,0.3673469387005414,0,0.0,0.0,0.0,373.125,"[0.2, 0.2, 0.2, 0.2, 0.2]",0,26.264595985412598,6.072299480438232,0.0005550384521484375,5,"Dir_F1=0 BY CONSTRUCTION -- no Sepsets aggregated/passed to orientation; definitional, not empirical evidence about weighting."
corrupted_client_sweep,corruption0.4_2b13c41e0b,7,agg_equal,on,equal,global_graph,true_dag,0.4,"[0, 1]",20,5000,5,0.5,0.2,2,mild,False,0.07,0.05,0.5,42,454999963,"[2093918150, 745806155, 1708803964, 735981507, 779918896]",39,0.4799999953422223,0.6923076920414201,0.3673469387005414,21,0.5238095235600907,0.2244897958725531,0.31428570999591837,373.125,"[0.2, 0.2, 0.2, 0.2, 0.2]",322,26.267077684402466,6.074781179428101,0.0030367374420166016,5,
corrupted_client_sweep,corruption0.4_2b13c41e0b,7,agg_consensus,on,consensus,global_graph,true_dag,0.4,"[0, 1]",20,5000,5,0.5,0.2,2,mild,False,0.07,0.05,0.5,42,454999963,"[2093918150, 745806155, 1708803964, 735981507, 779918896]",36,0.5384615336522025,0.72413793078478,0.428571428483965,25,0.639999999744,0.32653061217825907,0.43243242784149016,373.125,"[0.015217652943821757, 0.03187536878796487, 0.29853231260400265, 0.33390128831180005, 0.3204733773524108]",336,26.2670841217041,6.074787616729736,0.0030431747436523438,5,
corrupted_client_sweep,corruption0.4_2b13c41e0b,7,agg_oracle,on,oracle,global_graph,true_dag,0.4,"[0, 1]",20,5000,5,0.5,0.2,2,mild,False,0.07,0.05,0.5,42,454999963,"[2093918150, 745806155, 1708803964, 735981507, 779918896]",36,0.5384615336522025,0.72413793078478,0.428571428483965,25,0.639999999744,0.32653061217825907,0.43243242784149016,373.125,"[0.08839377192823417, 0.0406086377293966, 0.2789843596609029, 0.2789843596609029, 0.3130288710205635]",336,26.32604718208313,6.133750677108765,0.062006235122680664,5,"ablation only -- requires ground truth, not deployable"
corrupted_client_sweep,corruption0.4_2b13c41e0b,8,no_agg_equal,off,equal,global_graph,true_dag,0.4,"[0, 1]",20,5000,5,0.5,0.2,2,mild,False,0.07,0.05,0.5,42,263825931,"[3413844357, 428067044, 995258123, 234508299, 3405932177]",26,0.5185185138820302,0.777777777345679,0.3888888887808642,0,0.0,0.0,0.0,356.25,"[0.2, 0.2, 0.2, 0.2, 0.2]",0,19.94683027267456,4.1802637577056885,0.0004897117614746094,5,"Dir_F1=0 BY CONSTRUCTION -- no Sepsets aggregated/passed to orientation; definitional, not empirical evidence about weighting."
corrupted_client_sweep,corruption0.4_2b13c41e0b,8,agg_equal,on,equal,global_graph,true_dag,0.4,"[0, 1]",20,5000,5,0.5,0.2,2,mild,False,0.07,0.05,0.5,42,263825931,"[3413844357, 428067044, 995258123, 234508299, 3405932177]",26,0.5185185138820302,0.777777777345679,0.3888888887808642,15,0.5333333329777777,0.2222222221604938,0.3137254859207997,356.25,"[0.2, 0.2, 0.2, 0.2, 0.2]",340,19.94952940940857,4.182962894439697,0.0031888484954833984,5,
corrupted_client_sweep,corruption0.4_2b13c41e0b,8,agg_consensus,on,consensus,global_graph,true_dag,0.4,"[0, 1]",20,5000,5,0.5,0.2,2,mild,False,0.07,0.05,0.5,42,263825931,"[3413844357, 428067044, 995258123, 234508299, 3405932177]",24,0.5714285666326531,0.7999999996,0.4444444443209876,18,0.611111110771605,0.30555555547067903,0.4074074028120714,356.25,"[0.026771964361286985, 0.0124684196988193, 0.3008306884099599, 0.3534665787743282, 0.3064623487556057]",348,19.949482202529907,4.182915687561035,0.003141641616821289,5,
corrupted_client_sweep,corruption0.4_2b13c41e0b,8,agg_oracle,on,oracle,global_graph,true_dag,0.4,"[0, 1]",20,5000,5,0.5,0.2,2,mild,False,0.07,0.05,0.5,42,263825931,"[3413844357, 428067044, 995258123, 234508299, 3405932177]",24,0.5714285666326531,0.7999999996,0.4444444443209876,18,0.611111110771605,0.30555555547067903,0.4074074028120714,356.25,"[0.02036322723575392, 0.029323047556063225, 0.31656924073508935, 0.30555898382697316, 0.3281855006461203]",348,19.949085235595703,4.182518720626831,0.0027446746826171875,5,"ablation only -- requires ground truth, not deployable"
corrupted_client_sweep,corruption0.4_2b13c41e0b,9,no_agg_equal,off,equal,global_graph,true_dag,0.4,"[0, 1]",20,5000,5,0.5,0.2,2,mild,False,0.07,0.05,0.5,42,3240485002,"[3016007048, 2874695427, 1733022730, 355908079, 3761065050]",27,0.6086956473766015,0.839999999664,0.47727272716425617,0,0.0,0.0,0.0,309.375,"[0.2, 0.2, 0.2, 0.2, 0.2]",0,16.29936671257019,3.7426397800445557,0.0005495548248291016,5,"Dir_F1=0 BY CONSTRUCTION -- no Sepsets aggregated/passed to orientation; definitional, not empirical evidence about weighting."
corrupted_client_sweep,corruption0.4_2b13c41e0b,9,agg_equal,on,equal,global_graph,true_dag,0.4,"[0, 1]",20,5000,5,0.5,0.2,2,mild,False,0.07,0.05,0.5,42,3240485002,"[3016007048, 2874695427, 1733022730, 355908079, 3761065050]",27,0.6086956473766015,0.839999999664,0.47727272716425617,22,0.6363636360743802,0.31818181810950413,0.42424241966942156,309.375,"[0.2, 0.2, 0.2, 0.2, 0.2]",328,16.30147910118103,3.7447521686553955,0.0026619434356689453,5,
corrupted_client_sweep,corruption0.4_2b13c41e0b,9,agg_consensus,on,consensus,global_graph,true_dag,0.4,"[0, 1]",20,5000,5,0.5,0.2,2,mild,False,0.07,0.05,0.5,42,3240485002,"[3016007048, 2874695427, 1733022730, 355908079, 3761065050]",26,0.628571423722449,0.8461538458284024,0.4999999998863636,21,0.7142857139455782,0.3409090908316116,0.4615384570224853,309.375,"[0.010873692195776002, 0.005473292965074077, 0.3492602719550816, 0.34720582505935477, 0.2871869178247135]",332,16.301607608795166,3.7448806762695312,0.0027904510498046875,5,
corrupted_client_sweep,corruption0.4_2b13c41e0b,9,agg_oracle,on,oracle,global_graph,true_dag,0.4,"[0, 1]",20,5000,5,0.5,0.2,2,mild,False,0.07,0.05,0.5,42,3240485002,"[3016007048, 2874695427, 1733022730, 355908079, 3761065050]",26,0.628571423722449,0.8461538458284024,0.4999999998863636,21,0.7142857139455782,0.3409090908316116,0.4615384570224853,309.375,"[0.04933909736753433, 0.021474023176653596, 0.34358438646824635, 0.29689616862113544, 0.2887063243664303]",332,16.301810026168823,3.7450830936431885,0.002992868423461914,5,"ablation only -- requires ground truth, not deployable"
corrupted_client_sweep,corruption0.4_2b13c41e0b,10,no_agg_equal,off,equal,global_graph,true_dag,0.4,"[0, 1]",20,5000,5,0.5,0.2,2,mild,False,0.07,0.05,0.5,42,3551586003,"[2264969342, 3717577005, 115605855, 2083615826, 3863731662]",17,0.7213114703359312,0.879999999648,0.6111111109413581,0,0.0,0.0,0.0,360.0,"[0.2, 0.2, 0.2, 0.2, 0.2]",0,18.511133193969727,3.9497692584991455,0.000453948974609375,5,"Dir_F1=0 BY CONSTRUCTION -- no Sepsets aggregated/passed to orientation; definitional, not empirical evidence about weighting."
corrupted_client_sweep,corruption0.4_2b13c41e0b,10,agg_equal,on,equal,global_graph,true_dag,0.4,"[0, 1]",20,5000,5,0.5,0.2,2,mild,False,0.07,0.05,0.5,42,3551586003,"[2264969342, 3717577005, 115605855, 2083615826, 3863731662]",17,0.7213114703359312,0.879999999648,0.6111111109413581,16,0.6874999995703125,0.30555555547067903,0.42307691865384617,360.0,"[0.2, 0.2, 0.2, 0.2, 0.2]",330,18.51325273513794,3.9518887996673584,0.0025734901428222656,5,
corrupted_client_sweep,corruption0.4_2b13c41e0b,10,agg_consensus,on,consensus,global_graph,true_dag,0.4,"[0, 1]",20,5000,5,0.5,0.2,2,mild,False,0.07,0.05,0.5,42,3551586003,"[2264969342, 3717577005, 115605855, 2083615826, 3863731662]",17,0.7213114703359312,0.879999999648,0.6111111109413581,16,0.74999999953125,0.3333333332407407,0.46153845710059177,360.0,"[0.011431998562188206, 0.026654827743068727, 0.3039802824953396, 0.32375081768333525, 0.3341820735160681]",334,18.513724088668823,3.952360153198242,0.0030448436737060547,5,
corrupted_client_sweep,corruption0.4_2b13c41e0b,10,agg_oracle,on,oracle,global_graph,true_dag,0.4,"[0, 1]",20,5000,5,0.5,0.2,2,mild,False,0.07,0.05,0.5,42,3551586003,"[2264969342, 3717577005, 115605855, 2083615826, 3863731662]",17,0.7213114703359312,0.879999999648,0.6111111109413581,16,0.74999999953125,0.3333333332407407,0.46153845710059177,360.0,"[0.04957157444242626, 0.037915810354078414, 0.27147494019745094, 0.3153908642486738, 0.3256468107573704]",334,18.513282299041748,3.951918363571167,0.0026030540466308594,5,"ablation only -- requires ground truth, not deployable"
corrupted_client_sweep,corruption0.4_2b13c41e0b,11,no_agg_equal,off,equal,global_graph,true_dag,0.4,"[0, 1]",20,5000,5,0.5,0.2,2,mild,False,0.07,0.05,0.5,42,3438562571,"[3486155362, 3553251016, 3361930321, 1388100535, 1646123088]",29,0.5538461493017752,0.8571428567346938,0.4090909089979339,0,0.0,0.0,0.0,465.625,"[0.2, 0.2, 0.2, 0.2, 0.2]",0,37.44920635223389,8.059316158294678,0.0006518363952636719,5,"Dir_F1=0 BY CONSTRUCTION -- no Sepsets aggregated/passed to orientation; definitional, not empirical evidence about weighting."
corrupted_client_sweep,corruption0.4_2b13c41e0b,11,agg_equal,on,equal,global_graph,true_dag,0.4,"[0, 1]",20,5000,5,0.5,0.2,2,mild,False,0.07,0.05,0.5,42,3438562571,"[3486155362, 3553251016, 3361930321, 1388100535, 1646123088]",29,0.5538461493017752,0.8571428567346938,0.4090909089979339,9,0.4444444439506172,0.09090909088842974,0.1509433933499466,465.625,"[0.2, 0.2, 0.2, 0.2, 0.2]",338,37.45114874839783,8.061258554458618,0.0025942325592041016,5,
corrupted_client_sweep,corruption0.4_2b13c41e0b,11,agg_consensus,on,consensus,global_graph,true_dag,0.4,"[0, 1]",20,5000,5,0.5,0.2,2,mild,False,0.07,0.05,0.5,42,3438562571,"[3486155362, 3553251016, 3361930321, 1388100535, 1646123088]",29,0.5538461493017752,0.8571428567346938,0.4090909089979339,9,0.4444444439506172,0.09090909088842974,0.1509433933499466,465.625,"[0.018547030097568844, 0.007896180872776444, 0.3143798167537352, 0.34615958035827565, 0.31301739191764394]",338,37.45142698287964,8.06153678894043,0.002872467041015625,5,
corrupted_client_sweep,corruption0.4_2b13c41e0b,11,agg_oracle,on,oracle,global_graph,true_dag,0.4,"[0, 1]",20,5000,5,0.5,0.2,2,mild,False,0.07,0.05,0.5,42,3438562571,"[3486155362, 3553251016, 3361930321, 1388100535, 1646123088]",29,0.5538461493017752,0.8571428567346938,0.4090909089979339,9,0.4444444439506172,0.09090909088842974,0.1509433933499466,465.625,"[0.09018304944879174, 0.024744101298813107, 0.3206835670081397, 0.26502774112594973, 0.29936154111830576]",338,37.451496839523315,8.061606645584106,0.002942323684692383,5,"ablation only -- requires ground truth, not deployable"
corrupted_client_sweep,corruption0.4_2b13c41e0b,12,no_agg_equal,off,equal,global_graph,true_dag,0.4,"[0, 1]",20,5000,5,0.5,0.2,2,mild,False,0.07,0.05,0.5,42,2482711577,"[2265168043, 498888219, 1147150398, 2142760866, 1558432839]",22,0.5925925878120715,0.8421052627146814,0.4571428570122449,0,0.0,0.0,0.0,365.625,"[0.2, 0.2, 0.2, 0.2, 0.2]",0,17.53299331665039,3.872406482696533,0.00046181678771972656,5,"Dir_F1=0 BY CONSTRUCTION -- no Sepsets aggregated/passed to orientation; definitional, not empirical evidence about weighting."
corrupted_client_sweep,corruption0.4_2b13c41e0b,12,agg_equal,on,equal,global_graph,true_dag,0.4,"[0, 1]",20,5000,5,0.5,0.2,2,mild,False,0.07,0.05,0.5,42,2482711577,"[2265168043, 498888219, 1147150398, 2142760866, 1558432839]",22,0.5925925878120715,0.8421052627146814,0.4571428570122449,8,0.6249999992187499,0.14285714281632653,0.232558136398053,365.625,"[0.2, 0.2, 0.2, 0.2, 0.2]",338,17.534900426864624,3.8743135929107666,0.002368927001953125,5,
corrupted_client_sweep,corruption0.4_2b13c41e0b,12,agg_consensus,on,consensus,global_graph,true_dag,0.4,"[0, 1]",20,5000,5,0.5,0.2,2,mild,False,0.07,0.05,0.5,42,2482711577,"[2265168043, 498888219, 1147150398, 2142760866, 1558432839]",22,0.6071428522385205,0.809523809138322,0.4857142855755102,11,0.45454545413223135,0.14285714281632653,0.21739130061436673,365.625,"[0.02662811573157572, 0.007093788470959062, 0.25920550456477953, 0.35685036237186374, 0.35022222886082194]",348,17.53553080558777,3.874943971633911,0.0029993057250976562,5,
corrupted_client_sweep,corruption0.4_2b13c41e0b,12,agg_oracle,on,oracle,global_graph,true_dag,0.4,"[0, 1]",20,5000,5,0.5,0.2,2,mild,False,0.07,0.05,0.5,42,2482711577,"[2265168043, 498888219, 1147150398, 2142760866, 1558432839]",22,0.6071428522385205,0.809523809138322,0.4857142855755102,11,0.45454545413223135,0.14285714281632653,0.21739130061436673,365.625,"[0.03446131285226319, 0.006900444905858051, 0.3387075793769543, 0.30457503753423393, 0.31535562533069056]",348,17.53493022918701,3.8743433952331543,0.0023987293243408203,5,"ablation only -- requires ground truth, not deployable"
corrupted_client_sweep,corruption0.4_2b13c41e0b,13,no_agg_equal,off,equal,global_graph,true_dag,0.4,"[0, 1]",20,5000,5,0.5,0.2,2,mild,False,0.07,0.05,0.5,42,785694664,"[3041717623, 4233628889, 1118667501, 3003683680, 2562815751]",17,0.7605633751874628,0.8999999997,0.658536585205235,0,0.0,0.0,0.0,293.75,"[0.2, 0.2, 0.2, 0.2, 0.2]",0,16.343636512756348,3.3935861587524414,0.0007257461547851562,5,"Dir_F1=0 BY CONSTRUCTION -- no Sepsets aggregated/passed to orientation; definitional, not empirical evidence about weighting."
corrupted_client_sweep,corruption0.4_2b13c41e0b,13,agg_equal,on,equal,global_graph,true_dag,0.4,"[0, 1]",20,5000,5,0.5,0.2,2,mild,False,0.07,0.05,0.5,42,785694664,"[3041717623, 4233628889, 1118667501, 3003683680, 2562815751]",17,0.7605633751874628,0.8999999997,0.658536585205235,29,0.7586206893935791,0.536585365722784,0.6285714235387756,293.75,"[0.2, 0.2, 0.2, 0.2, 0.2]",322,16.346964359283447,3.396914005279541,0.004053592681884766,5,
corrupted_client_sweep,corruption0.4_2b13c41e0b,13,agg_consensus,on,consensus,global_graph,true_dag,0.4,"[0, 1]",20,5000,5,0.5,0.2,2,mild,False,0.07,0.05,0.5,42,785694664,"[3041717623, 4233628889, 1118667501, 3003683680, 2562815751]",18,0.7428571377918368,0.8965517238287752,0.6341463413087448,28,0.7857142854336735,0.536585365722784,0.6376811544129385,293.75,"[0.03374252181258915, 0.01576067909059356, 0.29241049378467227, 0.32808639238509907, 0.32999991292704595]",328,16.346599817276,3.3965494632720947,0.0036890506744384766,5,
corrupted_client_sweep,corruption0.4_2b13c41e0b,13,agg_oracle,on,oracle,global_graph,true_dag,0.4,"[0, 1]",20,5000,5,0.5,0.2,2,mild,False,0.07,0.05,0.5,42,785694664,"[3041717623, 4233628889, 1118667501, 3003683680, 2562815751]",18,0.7428571377918368,0.8965517238287752,0.6341463413087448,28,0.7857142854336735,0.536585365722784,0.6376811544129385,293.75,"[0.037084712063757005, 0.028639341306699186, 0.2942720624427652, 0.33547401674588695, 0.30452986744089156]",328,16.346673727035522,3.396623373031616,0.003762960433959961,5,"ablation only -- requires ground truth, not deployable"
corrupted_client_sweep,corruption0.4_2b13c41e0b,14,no_agg_equal,off,equal,global_graph,true_dag,0.4,"[0, 1]",20,5000,5,0.5,0.2,2,mild,False,0.07,0.05,0.5,42,4291660669,"[913823271, 1292289671, 2555001517, 1294800058, 64373467]",21,0.6956521690905272,0.959999999616,0.5454545453305785,0,0.0,0.0,0.0,380.0,"[0.2, 0.2, 0.2, 0.2, 0.2]",0,20.839340209960938,4.5126001834869385,0.0005025863647460938,5,"Dir_F1=0 BY CONSTRUCTION -- no Sepsets aggregated/passed to orientation; definitional, not empirical evidence about weighting."
corrupted_client_sweep,corruption0.4_2b13c41e0b,14,agg_equal,on,equal,global_graph,true_dag,0.4,"[0, 1]",20,5000,5,0.5,0.2,2,mild,False,0.07,0.05,0.5,42,4291660669,"[913823271, 1292289671, 2555001517, 1294800058, 64373467]",21,0.6956521690905272,0.959999999616,0.5454545453305785,17,0.8235294112802768,0.31818181810950413,0.4590163892717012,380.0,"[0.2, 0.2, 0.2, 0.2, 0.2]",330,20.842198133468628,4.515458106994629,0.0033605098724365234,5,
corrupted_client_sweep,corruption0.4_2b13c41e0b,14,agg_consensus,on,consensus,global_graph,true_dag,0.4,"[0, 1]",20,5000,5,0.5,0.2,2,mild,False,0.07,0.05,0.5,42,4291660669,"[913823271, 1292289671, 2555001517, 1294800058, 64373467]",21,0.6956521690905272,0.959999999616,0.5454545453305785,17,0.8235294112802768,0.31818181810950413,0.4590163892717012,380.0,"[0.027604150027497058, 0.017908330320689215, 0.3420585385672203, 0.2871941575180249, 0.3252348235665686]",332,20.841439723968506,4.514699697494507,0.002602100372314453,5,
corrupted_client_sweep,corruption0.4_2b13c41e0b,14,agg_oracle,on,oracle,global_graph,true_dag,0.4,"[0, 1]",20,5000,5,0.5,0.2,2,mild,False,0.07,0.05,0.5,42,4291660669,"[913823271, 1292289671, 2555001517, 1294800058, 64373467]",21,0.6956521690905272,0.959999999616,0.5454545453305785,17,0.8235294112802768,0.31818181810950413,0.4590163892717012,380.0,"[0.05675209566791551, 0.02149191743666351, 0.3242034633634744, 0.28241723886645237, 0.3151352846654942]",332,20.84183621406555,4.515096187591553,0.0029985904693603516,5,"ablation only -- requires ground truth, not deployable"
corrupted_client_sweep,corruption0.6_2b13c41e0b,0,no_agg_equal,off,equal,global_graph,true_dag,0.6,"[0, 1, 2]",20,5000,5,0.5,0.2,2,mild,False,0.07,0.05,0.5,42,403647578,"[436331485, 2269587344, 3897441824, 3289571323, 2067843008]",31,0.45614034683902743,0.8666666660888889,0.3095238094501134,0,0.0,0.0,0.0,344.375,"[0.2, 0.2, 0.2, 0.2, 0.2]",0,25.59701108932495,5.575977087020874,0.0004534721374511719,5,"Dir_F1=0 BY CONSTRUCTION -- no Sepsets aggregated/passed to orientation; definitional, not empirical evidence about weighting."
corrupted_client_sweep,corruption0.6_2b13c41e0b,0,agg_equal,on,equal,global_graph,true_dag,0.6,"[0, 1, 2]",20,5000,5,0.5,0.2,2,mild,False,0.07,0.05,0.5,42,403647578,"[436331485, 2269587344, 3897441824, 3289571323, 2067843008]",31,0.45614034683902743,0.8666666660888889,0.3095238094501134,9,0.5555555549382716,0.11904761901927437,0.19607842838908113,344.375,"[0.2, 0.2, 0.2, 0.2, 0.2]",326,25.598580360412598,5.5775463581085205,0.0020227432250976562,5,
corrupted_client_sweep,corruption0.6_2b13c41e0b,0,agg_consensus,on,consensus,global_graph,true_dag,0.6,"[0, 1, 2]",20,5000,5,0.5,0.2,2,mild,False,0.07,0.05,0.5,42,403647578,"[436331485, 2269587344, 3897441824, 3289571323, 2067843008]",26,0.6060606012488522,0.8333333329861111,0.47619047607709747,20,0.3999999998,0.190476190430839,0.2580645116753382,344.375,"[0.06169703907101066, 0.09490020012766147, 0.03546559168195161, 0.39537906437073955, 0.4125581047486367]",336,25.599900245666504,5.578866243362427,0.0033426284790039062,5,
corrupted_client_sweep,corruption0.6_2b13c41e0b,0,agg_oracle,on,oracle,global_graph,true_dag,0.6,"[0, 1, 2]",20,5000,5,0.5,0.2,2,mild,False,0.07,0.05,0.5,42,403647578,"[436331485, 2269587344, 3897441824, 3289571323, 2067843008]",25,0.6153846106224853,0.8695652170132325,0.47619047607709747,20,0.3999999998,0.190476190430839,0.2580645116753382,344.375,"[0.1125349711050459, 0.09115332628382647, 0.06330092060948392, 0.360994343218471, 0.37201643878317275]",336,25.599920511245728,5.57888650894165,0.003362894058227539,5,"ablation only -- requires ground truth, not deployable"
corrupted_client_sweep,corruption0.6_2b13c41e0b,1,no_agg_equal,off,equal,global_graph,true_dag,0.6,"[0, 1, 2]",20,5000,5,0.5,0.2,2,mild,False,0.07,0.05,0.5,42,469348213,"[869654853, 1658742143, 315633666, 922368297, 1539503550]",29,0.4727272685884298,0.8666666660888889,0.32499999991875,0,0.0,0.0,0.0,268.125,"[0.2, 0.2, 0.2, 0.2, 0.2]",0,21.463361501693726,4.79125452041626,0.000400543212890625,5,"Dir_F1=0 BY CONSTRUCTION -- no Sepsets aggregated/passed to orientation; definitional, not empirical evidence about weighting."
corrupted_client_sweep,corruption0.6_2b13c41e0b,1,agg_equal,on,equal,global_graph,true_dag,0.6,"[0, 1, 2]",20,5000,5,0.5,0.2,2,mild,False,0.07,0.05,0.5,42,469348213,"[869654853, 1658742143, 315633666, 922368297, 1539503550]",29,0.4727272685884298,0.8666666660888889,0.32499999991875,13,0.8461538455029586,0.27499999993125,0.4150943357636171,268.125,"[0.2, 0.2, 0.2, 0.2, 0.2]",322,21.465081930160522,4.792974948883057,0.0021209716796875,5,
corrupted_client_sweep,corruption0.6_2b13c41e0b,1,agg_consensus,on,consensus,global_graph,true_dag,0.6,"[0, 1, 2]",20,5000,5,0.5,0.2,2,mild,False,0.07,0.05,0.5,42,469348213,"[869654853, 1658742143, 315633666, 922368297, 1539503550]",20,0.6874999950976562,0.9166666662847222,0.5499999998625,16,0.8124999994921874,0.32499999991875,0.4642857100382654,268.125,"[0.05552549797994683, 0.0688672359324803, 0.07191021604462565, 0.4083036566038402, 0.395393393439107]",334,21.465615034103394,4.793508052825928,0.0026540756225585938,5,
corrupted_client_sweep,corruption0.6_2b13c41e0b,1,agg_oracle,on,oracle,global_graph,true_dag,0.6,"[0, 1, 2]",20,5000,5,0.5,0.2,2,mild,False,0.07,0.05,0.5,42,469348213,"[869654853, 1658742143, 315633666, 922368297, 1539503550]",19,0.7076923027408285,0.919999999632,0.5749999998562499,20,0.7999999996,0.3999999999,0.5333333287111112,268.125,"[0.027882687103752565, 0.0806299256345114, 0.057729118019070096, 0.4346106454434721, 0.39914762379919383]",334,21.466097593307495,4.793990612030029,0.0031366348266601562,5,"ablation only -- requires ground truth, not deployable"
corrupted_client_sweep,corruption0.6_2b13c41e0b,2,no_agg_equal,off,equal,global_graph,true_dag,0.6,"[0, 1, 2]",20,5000,5,0.5,0.2,2,mild,False,0.07,0.05,0.5,42,475074998,"[1744576981, 378051831, 2769144667, 1586845411, 941361888]",39,0.38095237704207613,0.74999999953125,0.255319148881847,0,0.0,0.0,0.0,306.25,"[0.2, 0.2, 0.2, 0.2, 0.2]",0,24.071211099624634,5.5182366371154785,0.0005338191986083984,5,"Dir_F1=0 BY CONSTRUCTION -- no Sepsets aggregated/passed to orientation; definitional, not empirical evidence about weighting."
corrupted_client_sweep,corruption0.6_2b13c41e0b,2,agg_equal,on,equal,global_graph,true_dag,0.6,"[0, 1, 2]",20,5000,5,0.5,0.2,2,mild,False,0.07,0.05,0.5,42,475074998,"[1744576981, 378051831, 2769144667, 1586845411, 941361888]",39,0.38095237704207613,0.74999999953125,0.255319148881847,5,0.1999999996,0.021276595740153916,0.038461536708579956,306.25,"[0.2, 0.2, 0.2, 0.2, 0.2]",310,24.072760343551636,5.5197858810424805,0.0020830631256103516,5,
corrupted_client_sweep,corruption0.6_2b13c41e0b,2,agg_consensus,on,consensus,global_graph,true_dag,0.6,"[0, 1, 2]",20,5000,5,0.5,0.2,2,mild,False,0.07,0.05,0.5,42,475074998,"[1744576981, 378051831, 2769144667, 1586845411, 941361888]",29,0.6027397212760368,0.8461538458284024,0.4680851062833861,17,0.7058823525259516,0.255319148881847,0.37499999598144534,306.25,"[0.07512710842234377, 0.13538329684875464, 0.09543518243655656, 0.3650634373305445, 0.32899097496180046]",332,24.07398557662964,5.521011114120483,0.0033082962036132812,5,
corrupted_client_sweep,corruption0.6_2b13c41e0b,2,agg_oracle,on,oracle,global_graph,true_dag,0.6,"[0, 1, 2]",20,5000,5,0.5,0.2,2,mild,False,0.07,0.05,0.5,42,475074998,"[1744576981, 378051831, 2769144667, 1586845411, 941361888]",29,0.6027397212760368,0.8461538458284024,0.4680851062833861,17,0.7058823525259516,0.255319148881847,0.37499999598144534,306.25,"[0.039154419873060245, 0.11848207104303338, 0.08693355253851132, 0.3789761265507782, 0.3764538299946169]",332,24.073513984680176,5.5205395221710205,0.0028367042541503906,5,"ablation only -- requires ground truth, not deployable"
corrupted_client_sweep,corruption0.6_2b13c41e0b,3,no_agg_equal,off,equal,global_graph,true_dag,0.6,"[0, 1, 2]",20,5000,5,0.5,0.2,2,mild,False,0.07,0.05,0.5,42,793095675,"[211177491, 2917484751, 945453226, 1964343117, 1026843061]",26,0.49999999587278116,0.9285714279081632,0.34210526306786704,0,0.0,0.0,0.0,335.625,"[0.2, 0.2, 0.2, 0.2, 0.2]",0,26.207189321517944,5.489671230316162,0.0003497600555419922,5,"Dir_F1=0 BY CONSTRUCTION -- no Sepsets aggregated/passed to orientation; definitional, not empirical evidence about weighting."
corrupted_client_sweep,corruption0.6_2b13c41e0b,3,agg_equal,on,equal,global_graph,true_dag,0.6,"[0, 1, 2]",20,5000,5,0.5,0.2,2,mild,False,0.07,0.05,0.5,42,793095675,"[211177491, 2917484751, 945453226, 1964343117, 1026843061]",26,0.49999999587278116,0.9285714279081632,0.34210526306786704,5,0.3999999992,0.052631578933518004,0.09302325371552195,335.625,"[0.2, 0.2, 0.2, 0.2, 0.2]",326,26.208553791046143,5.49103569984436,0.0017142295837402344,5,
corrupted_client_sweep,corruption0.6_2b13c41e0b,3,agg_consensus,on,consensus,global_graph,true_dag,0.6,"[0, 1, 2]",20,5000,5,0.5,0.2,2,mild,False,0.07,0.05,0.5,42,793095675,"[211177491, 2917484751, 945453226, 1964343117, 1026843061]",22,0.6333333284777779,0.8636363632438017,0.49999999986842103,10,0.3999999996,0.10526315786703601,0.16666666329861116,335.625,"[0.12186890301033479, 0.03289272730590718, 0.06787144750778343, 0.3848176989194178, 0.3925492232565567]",340,26.209306955337524,5.491788864135742,0.0024673938751220703,5,
corrupted_client_sweep,corruption0.6_2b13c41e0b,3,agg_oracle,on,oracle,global_graph,true_dag,0.6,"[0, 1, 2]",20,5000,5,0.5,0.2,2,mild,False,0.07,0.05,0.5,42,793095675,"[211177491, 2917484751, 945453226, 1964343117, 1026843061]",21,0.6440677918069521,0.9047619043310657,0.49999999986842103,9,0.4444444439506172,0.10526315786703601,0.17021276278859215,335.625,"[0.1314579252084615, 0.00993170144444419, 0.07684952468979103, 0.3373208855345156, 0.44443996312278766]",340,26.209089994430542,5.49157190322876,0.0022504329681396484,5,"ablation only -- requires ground truth, not deployable"
corrupted_client_sweep,corruption0.6_2b13c41e0b,4,no_agg_equal,off,equal,global_graph,true_dag,0.6,"[0, 1, 2]",20,5000,5,0.5,0.2,2,mild,False,0.07,0.05,0.5,42,3810416047,"[55359310, 3792985468, 1632826621, 3936292048, 2112687544]",23,0.4888888843851853,0.7857142851530612,0.35483870956295527,0,0.0,0.0,0.0,245.625,"[0.2, 0.2, 0.2, 0.2, 0.2]",0,12.893301248550415,2.6542465686798096,0.0013897418975830078,5,"Dir_F1=0 BY CONSTRUCTION -- no Sepsets aggregated/passed to orientation; definitional, not empirical evidence about weighting."
corrupted_client_sweep,corruption0.6_2b13c41e0b,4,agg_equal,on,equal,global_graph,true_dag,0.6,"[0, 1, 2]",20,5000,5,0.5,0.2,2,mild,False,0.07,0.05,0.5,42,3810416047,"[55359310, 3792985468, 1632826621, 3936292048, 2112687544]",23,0.4888888843851853,0.7857142851530612,0.35483870956295527,7,0.571428570612245,0.1290322580228928,0.21052631267313024,245.625,"[0.2, 0.2, 0.2, 0.2, 0.2]",324,12.894235134124756,2.6551804542541504,0.002323627471923828,5,
corrupted_client_sweep,corruption0.6_2b13c41e0b,4,agg_consensus,on,consensus,global_graph,true_dag,0.6,"[0, 1, 2]",20,5000,5,0.5,0.2,2,mild,False,0.07,0.05,0.5,42,3810416047,"[55359310, 3792985468, 1632826621, 3936292048, 2112687544]",9,0.8421052579008926,0.9230769227218935,0.7741935481373569,22,0.8181818178099173,0.5806451611030177,0.6792452779067284,245.625,"[0.03396984251849425, 0.06069835918832584, 0.07027539205693849, 0.41752820311812067, 0.41752820311812067]",328,12.895484209060669,2.6564295291900635,0.003572702407836914,5,
corrupted_client_sweep,corruption0.6_2b13c41e0b,4,agg_oracle,on,oracle,global_graph,true_dag,0.6,"[0, 1, 2]",20,5000,5,0.5,0.2,2,mild,False,0.07,0.05,0.5,42,3810416047,"[55359310, 3792985468, 1632826621, 3936292048, 2112687544]",9,0.8421052579008926,0.9230769227218935,0.7741935481373569,22,0.8181818178099173,0.5806451611030177,0.6792452779067284,245.625,"[0.007892354617080842, 0.02417033695676258, 0.017757798426690462, 0.475089754999733, 0.475089754999733]",328,12.89535140991211,2.656296730041504,0.0034399032592773438,5,"ablation only -- requires ground truth, not deployable"
corrupted_client_sweep,corruption0.6_2b13c41e0b,5,no_agg_equal,off,equal,global_graph,true_dag,0.6,"[0, 1, 2]",20,5000,5,0.5,0.2,2,mild,False,0.07,0.05,0.5,42,2992704098,"[2278663213, 1368926858, 3300860526, 3516557843, 1906877743]",26,0.47999999532,0.7058823525259516,0.3636363635261708,0,0.0,0.0,0.0,241.25,"[0.2, 0.2, 0.2, 0.2, 0.2]",0,17.948201656341553,3.8268649578094482,0.0008561611175537109,5,"Dir_F1=0 BY CONSTRUCTION -- no Sepsets aggregated/passed to orientation; definitional, not empirical evidence about weighting."
corrupted_client_sweep,corruption0.6_2b13c41e0b,5,agg_equal,on,equal,global_graph,true_dag,0.6,"[0, 1, 2]",20,5000,5,0.5,0.2,2,mild,False,0.07,0.05,0.5,42,2992704098,"[2278663213, 1368926858, 3300860526, 3516557843, 1906877743]",26,0.47999999532,0.7058823525259516,0.3636363635261708,10,0.29999999969999996,0.0909090908815427,0.13953488008653336,241.25,"[0.2, 0.2, 0.2, 0.2, 0.2]",316,17.949298620224,3.8279619216918945,0.001953125,5,
corrupted_client_sweep,corruption0.6_2b13c41e0b,5,agg_consensus,on,consensus,global_graph,true_dag,0.6,"[0, 1, 2]",20,5000,5,0.5,0.2,2,mild,False,0.07,0.05,0.5,42,2992704098,"[2278663213, 1368926858, 3300860526, 3516557843, 1906877743]",20,0.6666666614944445,0.7407407404663923,0.6060606058769513,16,0.5624999996484374,0.2727272726446281,0.3673469342274052,241.25,"[0.027582887613751637, 0.09504940531374219, 0.05843440215145138, 0.40782894209400217, 0.4111043628270526]",326,17.949684381484985,3.828347682952881,0.002338886260986328,5,
corrupted_client_sweep,corruption0.6_2b13c41e0b,5,agg_oracle,on,oracle,global_graph,true_dag,0.6,"[0, 1, 2]",20,5000,5,0.5,0.2,2,mild,False,0.07,0.05,0.5,42,2992704098,"[2278663213, 1368926858, 3300860526, 3516557843, 1906877743]",20,0.6666666614944445,0.7407407404663923,0.6060606058769513,16,0.5624999996484374,0.2727272726446281,0.3673469342274052,241.25,"[0.016923782871920933, 0.057837060838900084, 0.04220687093209892, 0.4344523364229384, 0.4485799489341416]",326,17.94929528236389,3.827958583831787,0.0019497871398925781,5,"ablation only -- requires ground truth, not deployable"
corrupted_client_sweep,corruption0.6_2b13c41e0b,6,no_agg_equal,off,equal,global_graph,true_dag,0.6,"[0, 1, 2]",20,5000,5,0.5,0.2,2,mild,False,0.07,0.05,0.5,42,4241426678,"[1922309279, 2571453503, 597110110, 3426174495, 4261756162]",37,0.17777777477530865,0.49999999937499995,0.1081081080788897,0,0.0,0.0,0.0,263.125,"[0.2, 0.2, 0.2, 0.2, 0.2]",0,19.623583555221558,4.093894004821777,0.0004131793975830078,5,"Dir_F1=0 BY CONSTRUCTION -- no Sepsets aggregated/passed to orientation; definitional, not empirical evidence about weighting."
corrupted_client_sweep,corruption0.6_2b13c41e0b,6,agg_equal,on,equal,global_graph,true_dag,0.6,"[0, 1, 2]",20,5000,5,0.5,0.2,2,mild,False,0.07,0.05,0.5,42,4241426678,"[1922309279, 2571453503, 597110110, 3426174495, 4261756162]",37,0.17777777477530865,0.49999999937499995,0.1081081080788897,2,0.4999999975,0.027027027019722424,0.051282050282708755,263.125,"[0.2, 0.2, 0.2, 0.2, 0.2]",312,19.625211238861084,4.095521688461304,0.002040863037109375,5,
corrupted_client_sweep,corruption0.6_2b13c41e0b,6,agg_consensus,on,consensus,global_graph,true_dag,0.6,"[0, 1, 2]",20,5000,5,0.5,0.2,2,mild,False,0.07,0.05,0.5,42,4241426678,"[1922309279, 2571453503, 597110110, 3426174495, 4261756162]",28,0.5483870917845994,0.679999999728,0.4594594593352812,22,0.5454545452066115,0.32432432423666907,0.4067796562022407,263.125,"[0.026853623841540924, 0.05634843651374473, 0.06603305078926788, 0.4083921218724319, 0.44237276698301464]",334,19.62718915939331,4.09749960899353,0.0040187835693359375,5,
corrupted_client_sweep,corruption0.6_2b13c41e0b,6,agg_oracle,on,oracle,global_graph,true_dag,0.6,"[0, 1, 2]",20,5000,5,0.5,0.2,2,mild,False,0.07,0.05,0.5,42,4241426678,"[1922309279, 2571453503, 597110110, 3426174495, 4261756162]",27,0.5573770442246708,0.7083333330381945,0.4594594593352812,22,0.5909090906404958,0.3513513512563915,0.4406779612754955,263.125,"[0.020301205993944804, 0.015248461205305286, 0.043037258472016976, 0.46773981498521944, 0.4536732593435135]",334,19.626282453536987,4.096592903137207,0.0031120777130126953,5,"ablation only -- requires ground truth, not deployable"
corrupted_client_sweep,corruption0.6_2b13c41e0b,7,no_agg_equal,off,equal,global_graph,true_dag,0.6,"[0, 1, 2]",20,5000,5,0.5,0.2,2,mild,False,0.07,0.05,0.5,42,131697428,"[1422133047, 607147165, 895636004, 3990641418, 2481768548]",22,0.5217391256710776,0.74999999953125,0.3999999998666667,0,0.0,0.0,0.0,200.625,"[0.2, 0.2, 0.2, 0.2, 0.2]",0,10.618446111679077,2.4435667991638184,0.0004906654357910156,5,"Dir_F1=0 BY CONSTRUCTION -- no Sepsets aggregated/passed to orientation; definitional, not empirical evidence about weighting."
corrupted_client_sweep,corruption0.6_2b13c41e0b,7,agg_equal,on,equal,global_graph,true_dag,0.6,"[0, 1, 2]",20,5000,5,0.5,0.2,2,mild,False,0.07,0.05,0.5,42,131697428,"[1422133047, 607147165, 895636004, 3990641418, 2481768548]",22,0.5217391256710776,0.74999999953125,0.3999999998666667,13,0.7692307686390532,0.3333333332222222,0.4651162746349378,200.625,"[0.2, 0.2, 0.2, 0.2, 0.2]",324,10.620422601699829,2.4455432891845703,0.0024671554565429688,5,
corrupted_client_sweep,corruption0.6_2b13c41e0b,7,agg_consensus,on,consensus,global_graph,true_dag,0.6,"[0, 1, 2]",20,5000,5,0.5,0.2,2,mild,False,0.07,0.05,0.5,42,131697428,"[1422133047, 607147165, 895636004, 3990641418, 2481768548]",9,0.8421052578762697,0.8888888885596707,0.7999999997333334,22,0.8181818178099173,0.5999999998,0.6923076871597633,200.625,"[0.013432073468914925, 0.027442101003877655, 0.0683985438769613, 0.44398652332302047, 0.44674075832722565]",326,10.621293067932129,2.44641375541687,0.0033376216888427734,5,
corrupted_client_sweep,corruption0.6_2b13c41e0b,7,agg_oracle,on,oracle,global_graph,true_dag,0.6,"[0, 1, 2]",20,5000,5,0.5,0.2,2,mild,False,0.07,0.05,0.5,42,131697428,"[1422133047, 607147165, 895636004, 3990641418, 2481768548]",9,0.8421052578762697,0.8888888885596707,0.7999999997333334,22,0.8181818178099173,0.5999999998,0.6923076871597633,200.625,"[0.007878542852163049, 0.007878542852163049, 0.031514172800887835, 0.4875236659807327, 0.46520507551405327]",326,10.620833158493042,2.445953845977783,0.0028777122497558594,5,"ablation only -- requires ground truth, not deployable"
corrupted_client_sweep,corruption0.6_2b13c41e0b,8,no_agg_equal,off,equal,global_graph,true_dag,0.6,"[0, 1, 2]",20,5000,5,0.5,0.2,2,mild,False,0.07,0.05,0.5,42,1907741149,"[1154166253, 1136885634, 1090649674, 1955721954, 2714050559]",45,0.15094339416162336,0.6666666655555555,0.08510638296061566,0,0.0,0.0,0.0,374.375,"[0.2, 0.2, 0.2, 0.2, 0.2]",0,38.68999195098877,8.426726341247559,0.0003337860107421875,5,"Dir_F1=0 BY CONSTRUCTION -- no Sepsets aggregated/passed to orientation; definitional, not empirical evidence about weighting."
corrupted_client_sweep,corruption0.6_2b13c41e0b,8,agg_equal,on,equal,global_graph,true_dag,0.6,"[0, 1, 2]",20,5000,5,0.5,0.2,2,mild,False,0.07,0.05,0.5,42,1907741149,"[1154166253, 1136885634, 1090649674, 1955721954, 2714050559]",45,0.15094339416162336,0.6666666655555555,0.08510638296061566,2,0.0,0.0,0.0,374.375,"[0.2, 0.2, 0.2, 0.2, 0.2]",334,38.69158458709717,8.428318977355957,0.001926422119140625,5,
corrupted_client_sweep,corruption0.6_2b13c41e0b,8,agg_consensus,on,consensus,global_graph,true_dag,0.6,"[0, 1, 2]",20,5000,5,0.5,0.2,2,mild,False,0.07,0.05,0.5,42,1907741149,"[1154166253, 1136885634, 1090649674, 1955721954, 2714050559]",42,0.32258064138917797,0.6666666662222221,0.21276595740153914,7,0.2857142853061225,0.04255319148030783,0.07407407179012353,374.375,"[0.026598414401919172, 0.032912272185375735, 0.02888055377719826, 0.46095981163870764, 0.4506489479967991]",350,38.692891120910645,8.429625511169434,0.0032329559326171875,5,
corrupted_client_sweep,corruption0.6_2b13c41e0b,8,agg_oracle,on,oracle,global_graph,true_dag,0.6,"[0, 1, 2]",20,5000,5,0.5,0.2,2,mild,False,0.07,0.05,0.5,42,1907741149,"[1154166253, 1136885634, 1090649674, 1955721954, 2714050559]",42,0.32258064138917797,0.6666666662222221,0.21276595740153914,7,0.2857142853061225,0.04255319148030783,0.07407407179012353,374.375,"[0.08649412548055131, 0.11772811615230154, 0.039532326942254066, 0.3567038316215568, 0.3995415998033363]",350,38.691996574401855,8.428730964660645,0.002338409423828125,5,"ablation only -- requires ground truth, not deployable"
corrupted_client_sweep,corruption0.6_2b13c41e0b,9,no_agg_equal,off,equal,global_graph,true_dag,0.6,"[0, 1, 2]",20,5000,5,0.5,0.2,2,mild,False,0.07,0.05,0.5,42,3851846790,"[1070327565, 1817397438, 3444900081, 3205994300, 3949761998]",29,0.3555555519407408,0.7999999992,0.22857142850612244,0,0.0,0.0,0.0,196.875,"[0.2, 0.2, 0.2, 0.2, 0.2]",0,10.556700706481934,2.343552827835083,0.0004172325134277344,5,"Dir_F1=0 BY CONSTRUCTION -- no Sepsets aggregated/passed to orientation; definitional, not empirical evidence about weighting."
corrupted_client_sweep,corruption0.6_2b13c41e0b,9,agg_equal,on,equal,global_graph,true_dag,0.6,"[0, 1, 2]",20,5000,5,0.5,0.2,2,mild,False,0.07,0.05,0.5,42,3851846790,"[1070327565, 1817397438, 3444900081, 3205994300, 3949761998]",29,0.3555555519407408,0.7999999992,0.22857142850612244,4,0.249999999375,0.028571428563265305,0.05128204941485871,196.875,"[0.2, 0.2, 0.2, 0.2, 0.2]",322,10.55799651145935,2.3448486328125,0.0017130374908447266,5,
corrupted_client_sweep,corruption0.6_2b13c41e0b,9,agg_consensus,on,consensus,global_graph,true_dag,0.6,"[0, 1, 2]",20,5000,5,0.5,0.2,2,mild,False,0.07,0.05,0.5,42,3851846790,"[1070327565, 1817397438, 3444900081, 3205994300, 3949761998]",18,0.6999999949055556,0.839999999664,0.5999999998285714,22,0.8181818178099173,0.5142857141387756,0.6315789424068945,196.875,"[0.03493807724336353, 0.09219071658301681, 0.03403211056112202, 0.42958777185082625, 0.4092513237616714]",330,10.559070587158203,2.3459227085113525,0.0027871131896972656,5,
corrupted_client_sweep,corruption0.6_2b13c41e0b,9,agg_oracle,on,oracle,global_graph,true_dag,0.6,"[0, 1, 2]",20,5000,5,0.5,0.2,2,mild,False,0.07,0.05,0.5,42,3851846790,"[1070327565, 1817397438, 3444900081, 3205994300, 3949761998]",18,0.6999999949055556,0.839999999664,0.5999999998285714,22,0.8181818178099173,0.5142857141387756,0.6315789424068945,196.875,"[0.0025207154497976555, 0.02931554342738961, 0.0095724219478546, 0.4851384157829122, 0.47345290339204593]",330,10.55884313583374,2.3456952571868896,0.002559661865234375,5,"ablation only -- requires ground truth, not deployable"
corrupted_client_sweep,corruption0.6_2b13c41e0b,10,no_agg_equal,off,equal,global_graph,true_dag,0.6,"[0, 1, 2]",20,5000,5,0.5,0.2,2,mild,False,0.07,0.05,0.5,42,3562502476,"[4077564172, 1281664011, 1374833739, 1326600291, 1652826350]",24,0.47826086512287336,0.7857142851530612,0.3437499998925781,0,0.0,0.0,0.0,209.375,"[0.2, 0.2, 0.2, 0.2, 0.2]",0,12.144949674606323,2.7201216220855713,0.0004646778106689453,5,"Dir_F1=0 BY CONSTRUCTION -- no Sepsets aggregated/passed to orientation; definitional, not empirical evidence about weighting."
corrupted_client_sweep,corruption0.6_2b13c41e0b,10,agg_equal,on,equal,global_graph,true_dag,0.6,"[0, 1, 2]",20,5000,5,0.5,0.2,2,mild,False,0.07,0.05,0.5,42,3562502476,"[4077564172, 1281664011, 1374833739, 1326600291, 1652826350]",24,0.47826086512287336,0.7857142851530612,0.3437499998925781,9,0.6666666659259258,0.18749999994140626,0.2926829232599643,209.375,"[0.2, 0.2, 0.2, 0.2, 0.2]",326,12.146056175231934,2.7212281227111816,0.0015711784362792969,5,
corrupted_client_sweep,corruption0.6_2b13c41e0b,10,agg_consensus,on,consensus,global_graph,true_dag,0.6,"[0, 1, 2]",20,5000,5,0.5,0.2,2,mild,False,0.07,0.05,0.5,42,3562502476,"[4077564172, 1281664011, 1374833739, 1326600291, 1652826350]",17,0.6909090857917356,0.8260869561625709,0.5937499998144531,19,0.6842105259556787,0.4062499998730469,0.5098039166935794,209.375,"[0.05702770697504204, 0.06393263966842119, 0.04862476389394669, 0.4030201720133355, 0.4273947174492545]",336,12.147191286087036,2.722363233566284,0.002706289291381836,5,
corrupted_client_sweep,corruption0.6_2b13c41e0b,10,agg_oracle,on,oracle,global_graph,true_dag,0.6,"[0, 1, 2]",20,5000,5,0.5,0.2,2,mild,False,0.07,0.05,0.5,42,3562502476,"[4077564172, 1281664011, 1374833739, 1326600291, 1652826350]",15,0.7368421000800246,0.839999999664,0.6562499997949218,21,0.7142857139455782,0.4687499998535156,0.5660377308508365,209.375,"[0.042846699078520574, 0.04436926730837655, 0.029627901624969522, 0.38169544064681166, 0.5014606913413218]",336,12.148252487182617,2.7234244346618652,0.0037674903869628906,5,"ablation only -- requires ground truth, not deployable"
corrupted_client_sweep,corruption0.6_2b13c41e0b,11,no_agg_equal,off,equal,global_graph,true_dag,0.6,"[0, 1, 2]",20,5000,5,0.5,0.2,2,mild,False,0.07,0.05,0.5,42,2417517327,"[2044008682, 2314096263, 4098070699, 2143943817, 1701221860]",24,0.5199999953040001,0.7647058819031142,0.39393939382001836,0,0.0,0.0,0.0,218.125,"[0.2, 0.2, 0.2, 0.2, 0.2]",0,12.644246101379395,2.7999556064605713,0.0005247592926025391,5,"Dir_F1=0 BY CONSTRUCTION -- no Sepsets aggregated/passed to orientation; definitional, not empirical evidence about weighting."
corrupted_client_sweep,corruption0.6_2b13c41e0b,11,agg_equal,on,equal,global_graph,true_dag,0.6,"[0, 1, 2]",20,5000,5,0.5,0.2,2,mild,False,0.07,0.05,0.5,42,2417517327,"[2044008682, 2314096263, 4098070699, 2143943817, 1701221860]",24,0.5199999953040001,0.7647058819031142,0.39393939382001836,11,0.45454545413223135,0.15151515146923783,0.2272727234194215,218.125,"[0.2, 0.2, 0.2, 0.2, 0.2]",324,12.64611005783081,2.8018195629119873,0.0023887157440185547,5,
corrupted_client_sweep,corruption0.6_2b13c41e0b,11,agg_consensus,on,consensus,global_graph,true_dag,0.6,"[0, 1, 2]",20,5000,5,0.5,0.2,2,mild,False,0.07,0.05,0.5,42,2417517327,"[2044008682, 2314096263, 4098070699, 2143943817, 1701221860]",12,0.793103443097503,0.919999999632,0.696969696758494,17,0.5882352937716263,0.30303030293847566,0.39999999535200004,218.125,"[0.046359809868565194, 0.06255428208030181, 0.07368097258171637, 0.4014089205220345, 0.41599601494738214]",330,12.646186590194702,2.801896095275879,0.0024652481079101562,5,
corrupted_client_sweep,corruption0.6_2b13c41e0b,11,agg_oracle,on,oracle,global_graph,true_dag,0.6,"[0, 1, 2]",20,5000,5,0.5,0.2,2,mild,False,0.07,0.05,0.5,42,2417517327,"[2044008682, 2314096263, 4098070699, 2143943817, 1701221860]",12,0.793103443097503,0.919999999632,0.696969696758494,17,0.5882352937716263,0.30303030293847566,0.39999999535200004,218.125,"[0.018802778126079507, 0.013057484647246117, 0.0269947525032601, 0.4826882304721341, 0.4584567542512802]",330,12.645941734313965,2.8016512393951416,0.0022203922271728516,5,"ablation only -- requires ground truth, not deployable"
corrupted_client_sweep,corruption0.6_2b13c41e0b,12,no_agg_equal,off,equal,global_graph,true_dag,0.6,"[0, 1, 2]",20,5000,5,0.5,0.2,2,mild,False,0.07,0.05,0.5,42,313822872,"[2669706390, 2420739798, 3138844098, 1330285303, 321316892]",42,0.29999999598888893,0.5624999996484374,0.20454545449896694,0,0.0,0.0,0.0,342.5,"[0.2, 0.2, 0.2, 0.2, 0.2]",0,27.932779788970947,6.07927942276001,0.0005252361297607422,5,"Dir_F1=0 BY CONSTRUCTION -- no Sepsets aggregated/passed to orientation; definitional, not empirical evidence about weighting."
corrupted_client_sweep,corruption0.6_2b13c41e0b,12,agg_equal,on,equal,global_graph,true_dag,0.6,"[0, 1, 2]",20,5000,5,0.5,0.2,2,mild,False,0.07,0.05,0.5,42,313822872,"[2669706390, 2420739798, 3138844098, 1330285303, 321316892]",42,0.29999999598888893,0.5624999996484374,0.20454545449896694,12,0.41666666631944443,0.1136363636105372,0.1785714251403062,342.5,"[0.2, 0.2, 0.2, 0.2, 0.2]",328,27.935127019882202,6.081626653671265,0.002872467041015625,5,
corrupted_client_sweep,corruption0.6_2b13c41e0b,12,agg_consensus,on,consensus,global_graph,true_dag,0.6,"[0, 1, 2]",20,5000,5,0.5,0.2,2,mild,False,0.07,0.05,0.5,42,313822872,"[2669706390, 2420739798, 3138844098, 1330285303, 321316892]",35,0.444444440090703,0.7368421048753462,0.31818181810950413,15,0.5333333329777777,0.1818181817768595,0.2711864367940247,342.5,"[0.035133813595065476, 0.042897072560391415, 0.17459370795263704, 0.3687080057778701, 0.378667400114036]",346,27.935948610305786,6.082448244094849,0.0036940574645996094,5,
corrupted_client_sweep,corruption0.6_2b13c41e0b,12,agg_oracle,on,oracle,global_graph,true_dag,0.6,"[0, 1, 2]",20,5000,5,0.5,0.2,2,mild,False,0.07,0.05,0.5,42,313822872,"[2669706390, 2420739798, 3138844098, 1330285303, 321316892]",35,0.444444440090703,0.7368421048753462,0.31818181810950413,15,0.5333333329777777,0.1818181817768595,0.2711864367940247,342.5,"[0.05393772069590903, 0.12483684188009937, 0.0960627593988625, 0.37098567810881083, 0.3541769999163182]",346,27.935558080673218,6.08205771446228,0.00330352783203125,5,"ablation only -- requires ground truth, not deployable"
corrupted_client_sweep,corruption0.6_2b13c41e0b,13,no_agg_equal,off,equal,global_graph,true_dag,0.6,"[0, 1, 2]",20,5000,5,0.5,0.2,2,mild,False,0.07,0.05,0.5,42,2745619404,"[3416295259, 1700878281, 3094191747, 2678768276, 111485114]",28,0.43999999562400005,0.7333333328444444,0.3142857141959184,0,0.0,0.0,0.0,268.75,"[0.2, 0.2, 0.2, 0.2, 0.2]",0,20.762799978256226,4.299782037734985,0.0005109310150146484,5,"Dir_F1=0 BY CONSTRUCTION -- no Sepsets aggregated/passed to orientation; definitional, not empirical evidence about weighting."
corrupted_client_sweep,corruption0.6_2b13c41e0b,13,agg_equal,on,equal,global_graph,true_dag,0.6,"[0, 1, 2]",20,5000,5,0.5,0.2,2,mild,False,0.07,0.05,0.5,42,2745619404,"[3416295259, 1700878281, 3094191747, 2678768276, 111485114]",28,0.43999999562400005,0.7333333328444444,0.3142857141959184,13,0.6153846149112425,0.22857142850612244,0.3333333292447917,268.75,"[0.2, 0.2, 0.2, 0.2, 0.2]",326,20.764413833618164,4.301395893096924,0.002124786376953125,5,
corrupted_client_sweep,corruption0.6_2b13c41e0b,13,agg_consensus,on,consensus,global_graph,true_dag,0.6,"[0, 1, 2]",20,5000,5,0.5,0.2,2,mild,False,0.07,0.05,0.5,42,2745619404,"[3416295259, 1700878281, 3094191747, 2678768276, 111485114]",17,0.7118644017121518,0.8749999996354166,0.5999999998285714,19,0.7368421048753462,0.3999999998857143,0.5185185137654321,268.75,"[0.07828976123518645, 0.050419708920904804, 0.053981018411451226, 0.40368797489347297, 0.41362153653898454]",336,20.765594482421875,4.302576541900635,0.0033054351806640625,5,
corrupted_client_sweep,corruption0.6_2b13c41e0b,13,agg_oracle,on,oracle,global_graph,true_dag,0.6,"[0, 1, 2]",20,5000,5,0.5,0.2,2,mild,False,0.07,0.05,0.5,42,2745619404,"[3416295259, 1700878281, 3094191747, 2678768276, 111485114]",17,0.7118644017121518,0.8749999996354166,0.5999999998285714,19,0.7368421048753462,0.3999999998857143,0.5185185137654321,268.75,"[0.035613848567896414, 0.04170876892684985, 0.05580350038513397, 0.41159685786717387, 0.45527702425294586]",336,20.765398502349854,4.302380561828613,0.003109455108642578,5,"ablation only -- requires ground truth, not deployable"
corrupted_client_sweep,corruption0.6_2b13c41e0b,14,no_agg_equal,off,equal,global_graph,true_dag,0.6,"[0, 1, 2]",20,5000,5,0.5,0.2,2,mild,False,0.07,0.05,0.5,42,1315496982,"[3268428862, 3935010151, 3327345832, 3164670930, 3435823867]",41,0.30508474241884515,0.749999999375,0.19148936166138525,0,0.0,0.0,0.0,315.625,"[0.2, 0.2, 0.2, 0.2, 0.2]",0,29.155062198638916,6.221118927001953,0.0004260540008544922,5,"Dir_F1=0 BY CONSTRUCTION -- no Sepsets aggregated/passed to orientation; definitional, not empirical evidence about weighting."
corrupted_client_sweep,corruption0.6_2b13c41e0b,14,agg_equal,on,equal,global_graph,true_dag,0.6,"[0, 1, 2]",20,5000,5,0.5,0.2,2,mild,False,0.07,0.05,0.5,42,1315496982,"[3268428862, 3935010151, 3327345832, 3164670930, 3435823867]",41,0.30508474241884515,0.749999999375,0.19148936166138525,4,0.7499999981250001,0.06382978722046175,0.11764705733179548,315.625,"[0.2, 0.2, 0.2, 0.2, 0.2]",322,29.156795501708984,6.2228522300720215,0.0021593570709228516,5,
corrupted_client_sweep,corruption0.6_2b13c41e0b,14,agg_consensus,on,consensus,global_graph,true_dag,0.6,"[0, 1, 2]",20,5000,5,0.5,0.2,2,mild,False,0.07,0.05,0.5,42,1315496982,"[3268428862, 3935010151, 3327345832, 3164670930, 3435823867]",31,0.5507246331779038,0.8636363632438017,0.4042553190629244,15,0.7333333328444444,0.23404255314169306,0.3548387058949011,315.625,"[0.07866789554012173, 0.05924347109718189, 0.1005875881941289, 0.3826121745205654, 0.37888887064800203]",338,29.15752387046814,6.223580598831177,0.002887725830078125,5,
corrupted_client_sweep,corruption0.6_2b13c41e0b,14,agg_oracle,on,oracle,global_graph,true_dag,0.6,"[0, 1, 2]",20,5000,5,0.5,0.2,2,mild,False,0.07,0.05,0.5,42,1315496982,"[3268428862, 3935010151, 3327345832, 3164670930, 3435823867]",31,0.5507246331779038,0.8636363632438017,0.4042553190629244,16,0.74999999953125,0.255319148881847,0.38095237704207613,315.625,"[0.0491100112856744, 0.024574426513529448, 0.11029299689435916, 0.3785617791255585, 0.4374607861808785]",338,29.15751552581787,6.223572254180908,0.0028793811798095703,5,"ablation only -- requires ground truth, not deployable"
