scenario_id,replicate_id,method,evaluation_unit,evaluation_target,p,N,K,tau,edge_prob,ell,noise_regime,mechanism_shift,deletion_probability,alpha,sep_tau_factor,master_seed,replicate_seed,client_seeds,SHD,F1,Precision,Recall,n_oriented,Dir_Prec,Dir_Rec,Dir_F1,communication_bytes,runtime_sum,runtime_parallel_est,server_runtime,n_clients_timed,client_weights,note,n_sepset_pairs_retained
default_2b13c41e0b,0,centralized,global_graph,true_dag,20,5000,5,0.5,0.2,2,mild,False,0.07,0.05,0.5,42,2836180329,"[3563225114, 2710558004, 1643472447, 3898294022, 2901017718]",27.0,0.6086956471749633,0.7499999997321428,0.5121951218262939,21,0.6666666663492063,0.3414634145508626,0.4516128986004163,0.0,123.5594871044159,123.5594871044159,0.0,1,,,
default_2b13c41e0b,0,local,mean_local_graph,true_dag,20,5000,5,0.5,0.2,2,mild,False,0.07,0.05,0.5,42,2836180329,"[3563225114, 2710558004, 1643472447, 3898294022, 2901017718]",28.0,0.5482559991442482,0.8113930078231892,0.4146341462403331,0,0.0,0.0,0.3763272531504353,596.25,28.184135675430294,6.8573877811431885,0.0056536197662353,5,,,
default_2b13c41e0b,0,naive,global_graph,true_dag,20,5000,5,0.5,0.2,2,mild,False,0.07,0.05,0.5,42,2836180329,"[3563225114, 2710558004, 1643472447, 3898294022, 2901017718]",28.0,0.5333333288277778,0.8421052627146814,0.3902439023438429,0,0.0,0.0,0.0,596.25,28.178926467895508,6.852178573608398,0.0004444122314453,5,"[0.2, 0.2, 0.2, 0.2, 0.2]","n_oriented=0 / Dir_F1=0 BY CONSTRUCTION (no Sepsets passed to orientation) -- definitional, not independent evidence of a weighting effect; see factorial ablation for that comparison.",
default_2b13c41e0b,0,fedpc_consensus,global_graph,true_dag,20,5000,5,0.5,0.2,2,mild,False,0.07,0.05,0.5,42,2836180329,"[3563225114, 2710558004, 1643472447, 3898294022, 2901017718]",28.0,0.5333333288277778,0.8421052627146814,0.3902439023438429,14,0.7857142851530612,0.268292682861392,0.3999999960595041,596.25,28.1821711063385,6.855423212051392,0.0036890506744384,5,"[0.23383795326799567, 0.20010119759892636, 0.1792202019285791, 0.19536121675344972, 0.19147943045104915]",,346.0
default_2b13c41e0b,0,fedpc_oracle,global_graph,true_dag,20,5000,5,0.5,0.2,2,mild,False,0.07,0.05,0.5,42,2836180329,"[3563225114, 2710558004, 1643472447, 3898294022, 2901017718]",28.0,0.5333333288277778,0.8421052627146814,0.3902439023438429,14,0.7857142851530612,0.268292682861392,0.3999999960595041,596.25,28.182318449020386,6.855570554733276,0.0038363933563232,5,"[0.20662988647345062, 0.19371877218250919, 0.2104456854868276, 0.18918749582240726, 0.20001816003480533]","ablation only -- requires ground truth, not deployable",346.0
default_2b13c41e0b,1,centralized,global_graph,true_dag,20,5000,5,0.5,0.2,2,mild,False,0.07,0.05,0.5,42,2989247211,"[802217134, 1987871661, 2051506124, 513074231, 3518445005]",29.0,0.6329113874763661,0.8064516126430801,0.5208333332248264,21,0.6190476187528344,0.2708333332769097,0.3768115898592732,0.0,103.90068173408508,103.90068173408508,0.0,1,,,
default_2b13c41e0b,1,local,mean_local_graph,true_dag,20,5000,5,0.5,0.2,2,mild,False,0.07,0.05,0.5,42,2989247211,"[802217134, 1987871661, 2051506124, 513074231, 3518445005]",28.8,0.6169996442200042,0.8535514290990756,0.4833333332326388,0,0.0,0.0,0.368385050328244,565.625,23.299546003341675,5.057870864868164,0.0071437358856201,5,,,
default_2b13c41e0b,1,naive,global_graph,true_dag,20,5000,5,0.5,0.2,2,mild,False,0.07,0.05,0.5,42,2989247211,"[802217134, 1987871661, 2051506124, 513074231, 3518445005]",29.0,0.6027397213586039,0.879999999648,0.4583333332378472,0,0.0,0.0,0.0,565.625,23.293390035629272,5.051714897155762,0.0009877681732177,5,"[0.2, 0.2, 0.2, 0.2, 0.2]","n_oriented=0 / Dir_F1=0 BY CONSTRUCTION (no Sepsets passed to orientation) -- definitional, not independent evidence of a weighting effect; see factorial ablation for that comparison.",
default_2b13c41e0b,1,fedpc_consensus,global_graph,true_dag,20,5000,5,0.5,0.2,2,mild,False,0.07,0.05,0.5,42,2989247211,"[802217134, 1987871661, 2051506124, 513074231, 3518445005]",29.0,0.6027397213586039,0.879999999648,0.4583333332378472,22,0.5454545452066115,0.2499999999479166,0.3428571384489796,565.625,23.29849100112915,5.05681586265564,0.0060887336730957,5,"[0.19424612645601544, 0.18943477355058996, 0.21230430369938652, 0.21728125787178446, 0.18673353842222354]",,332.0
default_2b13c41e0b,1,fedpc_oracle,global_graph,true_dag,20,5000,5,0.5,0.2,2,mild,False,0.07,0.05,0.5,42,2989247211,"[802217134, 1987871661, 2051506124, 513074231, 3518445005]",29.0,0.6027397213586039,0.879999999648,0.4583333332378472,22,0.5454545452066115,0.2499999999479166,0.3428571384489796,565.625,23.296932220458984,5.055257081985474,0.0045299530029296,5,"[0.23278677571404854, 0.20353628669604074, 0.2023918623510607, 0.19703072672752267, 0.16425434851132747]","ablation only -- requires ground truth, not deployable",332.0
default_2b13c41e0b,2,centralized,global_graph,true_dag,20,5000,5,0.5,0.2,2,mild,False,0.07,0.05,0.5,42,1255418218,"[3842149286, 1772790231, 135692816, 3280705364, 2521811311]",17.0,0.746268651521497,0.8064516126430801,0.6944444442515432,28,0.6785714283290816,0.5277777776311728,0.5937499948925782,0.0,85.5744423866272,85.5744423866272,0.0,1,,,
default_2b13c41e0b,2,local,mean_local_graph,true_dag,20,5000,5,0.5,0.2,2,mild,False,0.07,0.05,0.5,42,1255418218,"[3842149286, 1772790231, 135692816, 3280705364, 2521811311]",16.4,0.736687175148969,0.8714223397808099,0.6388888887114197,0,0.0,0.0,0.5170820586749915,508.75,23.60777974128723,4.959717988967896,0.0093419551849365,5,,,
default_2b13c41e0b,2,naive,global_graph,true_dag,20,5000,5,0.5,0.2,2,mild,False,0.07,0.05,0.5,42,1255418218,"[3842149286, 1772790231, 135692816, 3280705364, 2521811311]",15.0,0.754098355571083,0.919999999632,0.6388888887114197,0,0.0,0.0,0.0,508.75,23.599001169204712,4.950939416885376,0.0005633831024169,5,"[0.2, 0.2, 0.2, 0.2, 0.2]","n_oriented=0 / Dir_F1=0 BY CONSTRUCTION (no Sepsets passed to orientation) -- definitional, not independent evidence of a weighting effect; see factorial ablation for that comparison.",
default_2b13c41e0b,2,fedpc_consensus,global_graph,true_dag,20,5000,5,0.5,0.2,2,mild,False,0.07,0.05,0.5,42,1255418218,"[3842149286, 1772790231, 135692816, 3280705364, 2521811311]",15.0,0.754098355571083,0.919999999632,0.6388888887114197,20,0.749999999625,0.4166666665509259,0.5357142809311225,508.75,23.605156421661377,4.957094669342041,0.006718635559082,5,"[0.17657355412887593, 0.2113156861558894, 0.22416569072363657, 0.18249171129549835, 0.20545335769609982]",,332.0
default_2b13c41e0b,2,fedpc_oracle,global_graph,true_dag,20,5000,5,0.5,0.2,2,mild,False,0.07,0.05,0.5,42,1255418218,"[3842149286, 1772790231, 135692816, 3280705364, 2521811311]",15.0,0.754098355571083,0.919999999632,0.6388888887114197,20,0.749999999625,0.4166666665509259,0.5357142809311225,508.75,23.603614807128903,4.95555305480957,0.0051770210266113,5,"[0.17437957775777152, 0.18525873109255325, 0.21352960040317942, 0.21765568089031714, 0.2091764098561787]","ablation only -- requires ground truth, not deployable",332.0
default_2b13c41e0b,3,centralized,global_graph,true_dag,20,5000,5,0.5,0.2,2,mild,False,0.07,0.05,0.5,42,1156672447,"[1027070033, 2905422372, 3105829863, 676763517, 1665788939]",23.0,0.6760563331243801,0.8888888885596707,0.5454545453305785,22,0.7272727269421487,0.363636363553719,0.4848484802571167,0.0,102.30988478660583,102.30988478660583,0.0,1,,,
default_2b13c41e0b,3,local,mean_local_graph,true_dag,20,5000,5,0.5,0.2,2,mild,False,0.07,0.05,0.5,42,1156672447,"[1027070033, 2905422372, 3105829863, 676763517, 1665788939]",30.4,0.5307714462518274,0.8277284115396848,0.3909090908202479,0,0.0,0.0,0.3788385622114784,656.25,27.07890820503235,5.816222429275513,0.0065040588378906,5,,,
default_2b13c41e0b,3,naive,global_graph,true_dag,20,5000,5,0.5,0.2,2,mild,False,0.07,0.05,0.5,42,1156672447,"[1027070033, 2905422372, 3105829863, 676763517, 1665788939]",30.0,0.5312499955371094,0.8499999995749999,0.3863636362758264,0,0.0,0.0,0.0,656.25,27.073002099990845,5.810316324234009,0.0005979537963867,5,"[0.2, 0.2, 0.2, 0.2, 0.2]","n_oriented=0 / Dir_F1=0 BY CONSTRUCTION (no Sepsets passed to orientation) -- definitional, not independent evidence of a weighting effect; see factorial ablation for that comparison.",
default_2b13c41e0b,3,fedpc_consensus,global_graph,true_dag,20,5000,5,0.5,0.2,2,mild,False,0.07,0.05,0.5,42,1156672447,"[1027070033, 2905422372, 3105829863, 676763517, 1665788939]",30.0,0.5312499955371094,0.8499999995749999,0.3863636362758264,17,0.7647058819031142,0.2954545453873967,0.4262295040365494,656.25,27.078269481658936,5.8155837059021,0.0058653354644775,5,"[0.18591186858482014, 0.18903827041476562, 0.20602668871457885, 0.2009173852278887, 0.2181057870579467]",,346.0
default_2b13c41e0b,3,fedpc_oracle,global_graph,true_dag,20,5000,5,0.5,0.2,2,mild,False,0.07,0.05,0.5,42,1156672447,"[1027070033, 2905422372, 3105829863, 676763517, 1665788939]",30.0,0.5312499955371094,0.8499999995749999,0.3863636362758264,17,0.7647058819031142,0.2954545453873967,0.4262295040365494,656.25,27.07718062400818,5.814494848251343,0.0047764778137207,5,"[0.18814932714000568, 0.21747582919949202, 0.18291594476885556, 0.1939830696921548, 0.21747582919949202]","ablation only -- requires ground truth, not deployable",346.0
default_2b13c41e0b,4,centralized,global_graph,true_dag,20,5000,5,0.5,0.2,2,mild,False,0.07,0.05,0.5,42,1548226752,"[391175079, 3591503241, 2594181794, 2909973592, 3602301829]",9.0,0.852459011147541,0.928571428239796,0.7878787876400367,22,0.772727272376033,0.5151515149954086,0.6181818131570249,0.0,51.60495090484619,51.60495090484619,0.0,1,,,
default_2b13c41e0b,4,local,mean_local_graph,true_dag,20,5000,5,0.5,0.2,2,mild,False,0.07,0.05,0.5,42,1548226752,"[391175079, 3591503241, 2594181794, 2909973592, 3602301829]",12.4,0.7768580491238335,0.9560935437133036,0.6545454543471074,0,0.0,0.0,0.4655041898825212,461.25,16.059783458709717,3.69621467590332,0.0062894821166992,5,,,
default_2b13c41e0b,4,naive,global_graph,true_dag,20,5000,5,0.5,0.2,2,mild,False,0.07,0.05,0.5,42,1548226752,"[391175079, 3591503241, 2594181794, 2909973592, 3602301829]",12.0,0.7777777727366254,0.9999999995238096,0.6363636361707988,0,0.0,0.0,0.0,461.25,16.053943872451782,3.6903750896453857,0.0004498958587646,5,"[0.2, 0.2, 0.2, 0.2, 0.2]","n_oriented=0 / Dir_F1=0 BY CONSTRUCTION (no Sepsets passed to orientation) -- definitional, not independent evidence of a weighting effect; see factorial ablation for that comparison.",
default_2b13c41e0b,4,fedpc_consensus,global_graph,true_dag,20,5000,5,0.5,0.2,2,mild,False,0.07,0.05,0.5,42,1548226752,"[391175079, 3591503241, 2594181794, 2909973592, 3602301829]",12.0,0.7777777727366254,0.9999999995238096,0.6363636361707988,12,0.8333333326388889,0.3030303029384756,0.4444444403358025,461.25,16.057212829589844,3.6936440467834473,0.0037188529968261,5,"[0.2037592363117089, 0.2037592363117089, 0.18832796666348836, 0.2126777686933517, 0.19147579201974216]",,338.0
default_2b13c41e0b,4,fedpc_oracle,global_graph,true_dag,20,5000,5,0.5,0.2,2,mild,False,0.07,0.05,0.5,42,1548226752,"[391175079, 3591503241, 2594181794, 2909973592, 3602301829]",12.0,0.7777777727366254,0.9999999995238096,0.6363636361707988,12,0.8333333326388889,0.3030303029384756,0.4444444403358025,461.25,16.056777715682983,3.693208932876587,0.0032837390899658,5,"[0.19308915137670649, 0.19308915137670649, 0.21565057688832512, 0.21191643836673205, 0.18625468199152997]","ablation only -- requires ground truth, not deployable",338.0
default_2b13c41e0b,5,centralized,global_graph,true_dag,20,5000,5,0.5,0.2,2,mild,False,0.07,0.05,0.5,42,754076577,"[1193840416, 1687608015, 846676228, 295619653, 2126204607]",28.0,0.6585365802171328,0.6923076921301775,0.6279069765981612,37,0.5945945944338933,0.5116279068577609,0.549999994890625,0.0,137.00703382492063,137.00703382492063,0.0,1,,,
default_2b13c41e0b,5,local,mean_local_graph,true_dag,20,5000,5,0.5,0.2,2,mild,False,0.07,0.05,0.5,42,754076577,"[1193840416, 1687608015, 846676228, 295619653, 2126204607]",31.0,0.5936589711408439,0.6837182635105027,0.525581395226609,0,0.0,0.0,0.4655598436906429,526.25,28.78131413459778,6.288346529006958,0.0143933296203613,5,,,
default_2b13c41e0b,5,naive,global_graph,true_dag,20,5000,5,0.5,0.2,2,mild,False,0.07,0.05,0.5,42,754076577,"[1193840416, 1687608015, 846676228, 295619653, 2126204607]",30.0,0.5945945895653763,0.7096774191259105,0.5116279068577609,0,0.0,0.0,0.0,526.25,28.767678260803223,6.274710655212402,0.0007574558258056,5,"[0.2, 0.2, 0.2, 0.2, 0.2]","n_oriented=0 / Dir_F1=0 BY CONSTRUCTION (no Sepsets passed to orientation) -- definitional, not independent evidence of a weighting effect; see factorial ablation for that comparison.",
default_2b13c41e0b,5,fedpc_consensus,global_graph,true_dag,20,5000,5,0.5,0.2,2,mild,False,0.07,0.05,0.5,42,754076577,"[1193840416, 1687608015, 846676228, 295619653, 2126204607]",30.0,0.5945945895653763,0.7096774191259105,0.5116279068577609,27,0.5555555553497942,0.3488372092212006,0.428571423710204,526.25,28.77354645729065,6.280578851699829,0.0066256523132324,5,"[0.20239647598701901, 0.20108510781634087, 0.20320490618501635, 0.1903741279933364, 0.20293938201828746]",,320.0
default_2b13c41e0b,5,fedpc_oracle,global_graph,true_dag,20,5000,5,0.5,0.2,2,mild,False,0.07,0.05,0.5,42,754076577,"[1193840416, 1687608015, 846676228, 295619653, 2126204607]",30.0,0.5945945895653763,0.7096774191259105,0.5116279068577609,27,0.5555555553497942,0.3488372092212006,0.428571423710204,526.25,28.77262592315674,6.279658317565918,0.0057051181793212,5,"[0.22504667128142125, 0.1873865170320259, 0.20763049000034176, 0.18996816084310558, 0.18996816084310558]","ablation only -- requires ground truth, not deployable",320.0
default_2b13c41e0b,6,centralized,global_graph,true_dag,20,5000,5,0.5,0.2,2,mild,False,0.07,0.05,0.5,42,617228058,"[3327513306, 2952375908, 3676987488, 493920658, 3649690825]",3.0,0.9491525370525712,0.9655172410463734,0.9333333330222222,24,0.9999999995833332,0.7999999997333334,0.8888888836213993,0.0,19.753941297531128,19.753941297531128,0.0,1,,,
default_2b13c41e0b,6,local,mean_local_graph,true_dag,20,5000,5,0.5,0.2,2,mild,False,0.07,0.05,0.5,42,617228058,"[3327513306, 2952375908, 3676987488, 493920658, 3649690825]",3.0,0.9480882164033106,0.9859605907779632,0.913333333028889,0,0.0,0.0,0.8705194752381491,321.25,9.654301643371582,2.377829074859619,0.0084118843078613,5,,,
default_2b13c41e0b,6,naive,global_graph,true_dag,20,5000,5,0.5,0.2,2,mild,False,0.07,0.05,0.5,42,617228058,"[3327513306, 2952375908, 3676987488, 493920658, 3649690825]",3.0,0.9473684157340722,0.9999999996296296,0.8999999997,0,0.0,0.0,0.0,321.25,9.64653253555298,2.370059967041016,0.0006427764892578,5,"[0.2, 0.2, 0.2, 0.2, 0.2]","n_oriented=0 / Dir_F1=0 BY CONSTRUCTION (no Sepsets passed to orientation) -- definitional, not independent evidence of a weighting effect; see factorial ablation for that comparison.",
default_2b13c41e0b,6,fedpc_consensus,global_graph,true_dag,20,5000,5,0.5,0.2,2,mild,False,0.07,0.05,0.5,42,617228058,"[3327513306, 2952375908, 3676987488, 493920658, 3649690825]",3.0,0.9473684157340722,0.9999999996296296,0.8999999997,25,0.959999999616,0.7999999997333334,0.8727272674512399,321.25,9.650169610977173,2.37369704246521,0.0042798519134521,5,"[0.2084217683321173, 0.19776152303464783, 0.2084217683321173, 0.18763341726646965, 0.19776152303464783]",,326.0
default_2b13c41e0b,6,fedpc_oracle,global_graph,true_dag,20,5000,5,0.5,0.2,2,mild,False,0.07,0.05,0.5,42,617228058,"[3327513306, 2952375908, 3676987488, 493920658, 3649690825]",3.0,0.9473684157340722,0.9999999996296296,0.8999999997,25,0.959999999616,0.7999999997333334,0.8727272674512399,321.25,9.650155067443848,2.3736824989318848,0.0042653083801269,5,"[0.19966991760139818, 0.20739338372219288, 0.19966991760139818, 0.20042267817252155, 0.19284410290248913]","ablation only -- requires ground truth, not deployable",326.0
default_2b13c41e0b,7,centralized,global_graph,true_dag,20,5000,5,0.5,0.2,2,mild,False,0.07,0.05,0.5,42,82489646,"[2732781283, 4019595917, 3680959850, 13008986, 4166109751]",10.0,0.8333333281055555,0.9259259255829904,0.7575757573461891,23,0.8695652170132325,0.6060606058769513,0.7142857091900511,0.0,28.726752519607544,28.726752519607544,0.0,1,,,
default_2b13c41e0b,7,local,mean_local_graph,true_dag,20,5000,5,0.5,0.2,2,mild,False,0.07,0.05,0.5,42,82489646,"[2732781283, 4019595917, 3680959850, 13008986, 4166109751]",11.2,0.8019837065924186,0.9581002326958122,0.6909090906997244,0,0.0,0.0,0.6622695368186614,369.375,12.216113805770874,2.707305669784546,0.0068309307098388,5,,,
default_2b13c41e0b,7,naive,global_graph,true_dag,20,5000,5,0.5,0.2,2,mild,False,0.07,0.05,0.5,42,82489646,"[2732781283, 4019595917, 3680959850, 13008986, 4166109751]",11.0,0.8070175387011389,0.9583333329340278,0.696969696758494,0,0.0,0.0,0.0,369.375,12.209795713424684,2.7009875774383545,0.0005128383636474,5,"[0.2, 0.2, 0.2, 0.2, 0.2]","n_oriented=0 / Dir_F1=0 BY CONSTRUCTION (no Sepsets passed to orientation) -- definitional, not independent evidence of a weighting effect; see factorial ablation for that comparison.",
default_2b13c41e0b,7,fedpc_consensus,global_graph,true_dag,20,5000,5,0.5,0.2,2,mild,False,0.07,0.05,0.5,42,82489646,"[2732781283, 4019595917, 3680959850, 13008986, 4166109751]",11.0,0.8070175387011389,0.9583333329340278,0.696969696758494,21,0.9047619043310656,0.5757575755831037,0.7037036986899863,369.375,12.212979793548584,2.704171657562256,0.0036969184875488,5,"[0.20905560299307052, 0.2114262108435574, 0.18198842688371275, 0.19090167212341264, 0.2066280871562466]",,338.0
default_2b13c41e0b,7,fedpc_oracle,global_graph,true_dag,20,5000,5,0.5,0.2,2,mild,False,0.07,0.05,0.5,42,82489646,"[2732781283, 4019595917, 3680959850, 13008986, 4166109751]",11.0,0.8070175387011389,0.9583333329340278,0.696969696758494,21,0.9047619043310656,0.5757575755831037,0.7037036986899863,369.375,12.21275758743286,2.703949451446533,0.0034747123718261,5,"[0.20193113866459192, 0.20521816202323853, 0.23042063230605794, 0.16399550532488255, 0.19843456168122922]","ablation only -- requires ground truth, not deployable",338.0
default_2b13c41e0b,8,centralized,global_graph,true_dag,20,5000,5,0.5,0.2,2,mild,False,0.07,0.05,0.5,42,1457828885,"[1911158319, 34719100, 3701941699, 1487015142, 2311735528]",8.0,0.8787878735261709,0.8529411762197232,0.9062499997167968,32,0.7812499997558594,0.7812499997558594,0.7812499947558595,0.0,39.51308846473694,39.51308846473694,0.0,1,,,
default_2b13c41e0b,8,local,mean_local_graph,true_dag,20,5000,5,0.5,0.2,2,mild,False,0.07,0.05,0.5,42,1457828885,"[1911158319, 34719100, 3701941699, 1487015142, 2311735528]",5.0,0.9196863746392132,0.948145160975361,0.893749999720703,0,0.0,0.0,0.7852962121692273,350.0,12.643415689468384,2.7890772819519043,0.0082817077636718,5,,,
default_2b13c41e0b,8,naive,global_graph,true_dag,20,5000,5,0.5,0.2,2,mild,False,0.07,0.05,0.5,42,1457828885,"[1911158319, 34719100, 3701941699, 1487015142, 2311735528]",5.0,0.9206349153439154,0.9354838706659728,0.9062499997167968,0,0.0,0.0,0.0,350.0,12.635727882385254,2.7813894748687744,0.0005939006805419,5,"[0.2, 0.2, 0.2, 0.2, 0.2]","n_oriented=0 / Dir_F1=0 BY CONSTRUCTION (no Sepsets passed to orientation) -- definitional, not independent evidence of a weighting effect; see factorial ablation for that comparison.",
default_2b13c41e0b,8,fedpc_consensus,global_graph,true_dag,20,5000,5,0.5,0.2,2,mild,False,0.07,0.05,0.5,42,1457828885,"[1911158319, 34719100, 3701941699, 1487015142, 2311735528]",5.0,0.9206349153439154,0.9354838706659728,0.9062499997167968,28,0.8571428568367346,0.749999999765625,0.7999999947555555,350.0,12.63952136039734,2.78518295288086,0.0043873786926269,5,"[0.19655628436550018, 0.19142263262806944, 0.1993638216845368, 0.20582677262429766, 0.20683048869759582]",,324.0
default_2b13c41e0b,8,fedpc_oracle,global_graph,true_dag,20,5000,5,0.5,0.2,2,mild,False,0.07,0.05,0.5,42,1457828885,"[1911158319, 34719100, 3701941699, 1487015142, 2311735528]",5.0,0.9206349153439154,0.9354838706659728,0.9062499997167968,28,0.8571428568367346,0.749999999765625,0.7999999947555555,350.0,12.63970708847046,2.7853686809539795,0.004573106765747,5,"[0.18674239427560677, 0.20588348980183563, 0.2068333547013523, 0.19281492273961623, 0.2077258384815891]","ablation only -- requires ground truth, not deployable",324.0
default_2b13c41e0b,9,centralized,global_graph,true_dag,20,5000,5,0.5,0.2,2,mild,False,0.07,0.05,0.5,42,1751134848,"[3252744564, 2610536932, 3212688370, 2598425919, 3126934496]",22.0,0.7179487129257068,0.8749999997265625,0.6086956520415879,26,0.8461538458284024,0.4782608694612476,0.6111111063271606,0.0,71.14123344421387,71.14123344421387,0.0,1,,,
default_2b13c41e0b,9,local,mean_local_graph,true_dag,20,5000,5,0.5,0.2,2,mild,False,0.07,0.05,0.5,42,1751134848,"[3252744564, 2610536932, 3212688370, 2598425919, 3126934496]",25.6,0.6425128807611686,0.8995982902458497,0.4999999998913044,0,0.0,0.0,0.4850726559245061,551.25,19.943696975708008,4.279695987701416,0.0071609020233154,5,,,
default_2b13c41e0b,9,naive,global_graph,true_dag,20,5000,5,0.5,0.2,2,mild,False,0.07,0.05,0.5,42,1751134848,"[3252744564, 2610536932, 3212688370, 2598425919, 3126934496]",26.0,0.6285714238857143,0.9166666662847222,0.4782608694612476,0,0.0,0.0,0.0,551.25,19.936922073364254,4.272921085357666,0.0003859996795654,5,"[0.2, 0.2, 0.2, 0.2, 0.2]","n_oriented=0 / Dir_F1=0 BY CONSTRUCTION (no Sepsets passed to orientation) -- definitional, not independent evidence of a weighting effect; see factorial ablation for that comparison.",
default_2b13c41e0b,9,fedpc_consensus,global_graph,true_dag,20,5000,5,0.5,0.2,2,mild,False,0.07,0.05,0.5,42,1751134848,"[3252744564, 2610536932, 3212688370, 2598425919, 3126934496]",26.0,0.6285714238857143,0.9166666662847222,0.4782608694612476,20,0.749999999625,0.3260869564508507,0.4545454501836548,551.25,19.94061708450317,4.276616096496582,0.0040810108184814,5,"[0.18849257885205503, 0.20318162619894872, 0.21433976667722146, 0.20117610949816767, 0.19280991877360715]",,334.0
default_2b13c41e0b,9,fedpc_oracle,global_graph,true_dag,20,5000,5,0.5,0.2,2,mild,False,0.07,0.05,0.5,42,1751134848,"[3252744564, 2610536932, 3212688370, 2598425919, 3126934496]",26.0,0.6285714238857143,0.9166666662847222,0.4782608694612476,20,0.749999999625,0.3260869564508507,0.4545454501836548,551.25,19.941608667373657,4.277607679367065,0.0050725936889648,5,"[0.19760970535066616, 0.18079980591101413, 0.20321537649247381, 0.20906300270807632, 0.20931210953776966]","ablation only -- requires ground truth, not deployable",334.0
default_2b13c41e0b,10,centralized,global_graph,true_dag,20,5000,5,0.5,0.2,2,mild,False,0.07,0.05,0.5,42,3022362085,"[3014436381, 3941975726, 1820441237, 730282083, 3229137430]",12.0,0.8064516077263268,0.9259259255829904,0.7142857140816327,25,0.839999999664,0.5999999998285714,0.6999999949055556,0.0,37.40382742881775,37.40382742881775,0.0,1,,,
default_2b13c41e0b,10,local,mean_local_graph,true_dag,20,5000,5,0.5,0.2,2,mild,False,0.07,0.05,0.5,42,3022362085,"[3014436381, 3941975726, 1820441237, 730282083, 3229137430]",14.6,0.7454040222974394,0.9570848856985192,0.6114285712538775,0,0.0,0.0,0.5912474168699289,438.125,12.701571226119995,2.7362046241760254,0.0086104869842529,5,,,
default_2b13c41e0b,10,naive,global_graph,true_dag,20,5000,5,0.5,0.2,2,mild,False,0.07,0.05,0.5,42,3022362085,"[3014436381, 3941975726, 1820441237, 730282083, 3229137430]",14.0,0.749999995044643,0.9999999995238096,0.5999999998285714,0,0.0,0.0,0.0,438.125,12.693589925765991,2.728223323822021,0.000629186630249,5,"[0.2, 0.2, 0.2, 0.2, 0.2]","n_oriented=0 / Dir_F1=0 BY CONSTRUCTION (no Sepsets passed to orientation) -- definitional, not independent evidence of a weighting effect; see factorial ablation for that comparison.",
default_2b13c41e0b,10,fedpc_consensus,global_graph,true_dag,20,5000,5,0.5,0.2,2,mild,False,0.07,0.05,0.5,42,3022362085,"[3014436381, 3941975726, 1820441237, 730282083, 3229137430]",14.0,0.749999995044643,0.9999999995238096,0.5999999998285714,21,0.6666666663492063,0.3999999998857143,0.4999999951339286,438.125,12.698498010635376,2.7331314086914062,0.0055372714996337,5,"[0.19883326550614874, 0.18905812362866561, 0.21183547038652922, 0.1839671449915084, 0.21630599548714788]",,338.0
default_2b13c41e0b,10,fedpc_oracle,global_graph,true_dag,20,5000,5,0.5,0.2,2,mild,False,0.07,0.05,0.5,42,3022362085,"[3014436381, 3941975726, 1820441237, 730282083, 3229137430]",14.0,0.749999995044643,0.9999999995238096,0.5999999998285714,21,0.6666666663492063,0.3999999998857143,0.4999999951339286,438.125,12.698508977890016,2.733142375946045,0.0055482387542724,5,"[0.1885746292522283, 0.18347825351940023, 0.21428723984952802, 0.2113751027472767, 0.20228477463156677]","ablation only -- requires ground truth, not deployable",338.0
default_2b13c41e0b,11,centralized,global_graph,true_dag,20,5000,5,0.5,0.2,2,mild,False,0.07,0.05,0.5,42,91194952,"[259987570, 3900996656, 574563945, 1808047538, 1948838977]",19.0,0.724637676126864,0.8928571425382653,0.6097560974122546,22,0.6818181815082645,0.3658536584473527,0.4761904714940791,0.0,91.80962085723876,91.80962085723876,0.0,1,,,
default_2b13c41e0b,11,local,mean_local_graph,true_dag,20,5000,5,0.5,0.2,2,mild,False,0.07,0.05,0.5,42,91194952,"[259987570, 3900996656, 574563945, 1808047538, 1948838977]",21.2,0.6747493254013353,0.9104988341208328,0.5365853657227841,0,0.0,0.0,0.4490375445634053,633.75,23.902453184127808,5.347425699234009,0.0060260295867919,5,,,
default_2b13c41e0b,11,naive,global_graph,true_dag,20,5000,5,0.5,0.2,2,mild,False,0.07,0.05,0.5,42,91194952,"[259987570, 3900996656, 574563945, 1808047538, 1948838977]",21.0,0.6769230720568048,0.9166666662847222,0.536585365722784,0,0.0,0.0,0.0,633.75,23.897095203399655,5.342067718505859,0.0006680488586425,5,"[0.2, 0.2, 0.2, 0.2, 0.2]","n_oriented=0 / Dir_F1=0 BY CONSTRUCTION (no Sepsets passed to orientation) -- definitional, not independent evidence of a weighting effect; see factorial ablation for that comparison.",
default_2b13c41e0b,11,fedpc_consensus,global_graph,true_dag,20,5000,5,0.5,0.2,2,mild,False,0.07,0.05,0.5,42,91194952,"[259987570, 3900996656, 574563945, 1808047538, 1948838977]",21.0,0.6769230720568048,0.9166666662847222,0.536585365722784,18,0.8333333328703704,0.3658536584473527,0.5084745718586614,633.75,23.90156579017639,5.346538305282593,0.0051386356353759,5,"[0.20432244617621897, 0.2018545783646406, 0.21038622081108657, 0.17537210574242845, 0.2080646489056254]",,336.0
default_2b13c41e0b,11,fedpc_oracle,global_graph,true_dag,20,5000,5,0.5,0.2,2,mild,False,0.07,0.05,0.5,42,91194952,"[259987570, 3900996656, 574563945, 1808047538, 1948838977]",21.0,0.6769230720568048,0.9166666662847222,0.536585365722784,18,0.8333333328703704,0.3658536584473527,0.5084745718586614,633.75,23.901556968688965,5.346529483795166,0.0051298141479492,5,"[0.20686961944941995, 0.2197959106070473, 0.1832325074786133, 0.19505098118819084, 0.19505098127672849]","ablation only -- requires ground truth, not deployable",336.0
default_2b13c41e0b,12,centralized,global_graph,true_dag,20,5000,5,0.5,0.2,2,mild,False,0.07,0.05,0.5,42,315523826,"[1502532737, 1647041987, 2990966596, 3894855772, 1984544794]",37.0,0.5647058773757785,0.6857142855183673,0.479999999904,28,0.4999999998214285,0.279999999944,0.3589743542800789,0.0,159.3966767787933,159.3966767787933,0.0,1,,,
default_2b13c41e0b,12,local,mean_local_graph,true_dag,20,5000,5,0.5,0.2,2,mild,False,0.07,0.05,0.5,42,315523826,"[1502532737, 1647041987, 2990966596, 3894855772, 1984544794]",38.0,0.5152235269925737,0.7115289178296951,0.4039999999192,0,0.0,0.0,0.3249351775817924,583.75,25.637624740600582,6.174027919769287,0.0057032108306884,5,,,
default_2b13c41e0b,12,naive,global_graph,true_dag,20,5000,5,0.5,0.2,2,mild,False,0.07,0.05,0.5,42,315523826,"[1502532737, 1647041987, 2990966596, 3894855772, 1984544794]",38.0,0.5249999951812501,0.6999999997666666,0.419999999916,0,0.0,0.0,0.0,583.75,25.632354021072388,6.168757200241089,0.0004324913024902,5,"[0.2, 0.2, 0.2, 0.2, 0.2]","n_oriented=0 / Dir_F1=0 BY CONSTRUCTION (no Sepsets passed to orientation) -- definitional, not independent evidence of a weighting effect; see factorial ablation for that comparison.",
default_2b13c41e0b,12,fedpc_consensus,global_graph,true_dag,20,5000,5,0.5,0.2,2,mild,False,0.07,0.05,0.5,42,315523826,"[1502532737, 1647041987, 2990966596, 3894855772, 1984544794]",38.0,0.5249999951812501,0.6999999997666666,0.419999999916,23,0.4782608693572778,0.219999999956,0.3013698586151248,583.75,25.63656997680664,6.172973155975342,0.0046484470367431,5,"[0.22094445459152587, 0.19650806162726542, 0.21540740231346492, 0.19570603181666696, 0.17143404965107695]",,328.0
default_2b13c41e0b,12,fedpc_oracle,global_graph,true_dag,20,5000,5,0.5,0.2,2,mild,False,0.07,0.05,0.5,42,315523826,"[1502532737, 1647041987, 2990966596, 3894855772, 1984544794]",38.0,0.5249999951812501,0.6999999997666666,0.419999999916,23,0.4782608693572778,0.219999999956,0.3013698586151248,583.75,25.635656356811523,6.172059535980225,0.0037348270416259,5,"[0.20747574536822966, 0.21825193480489138, 0.19298098845109854, 0.19796093842934354, 0.18333039294643688]","ablation only -- requires ground truth, not deployable",328.0
default_2b13c41e0b,13,centralized,global_graph,true_dag,20,5000,5,0.5,0.2,2,mild,False,0.07,0.05,0.5,42,807153825,"[1296802561, 2867155390, 1660649238, 2328647345, 2066676777]",32.0,0.5789473634383656,0.7096774191259105,0.4888888887802469,25,0.519999999792,0.2888888888246913,0.3714285667306122,0.0,94.33474516868591,94.33474516868591,0.0,1,,,
default_2b13c41e0b,13,local,mean_local_graph,true_dag,20,5000,5,0.5,0.2,2,mild,False,0.07,0.05,0.5,42,807153825,"[1296802561, 2867155390, 1660649238, 2328647345, 2066676777]",31.6,0.5559963691775377,0.7559739516847619,0.4399999999022222,0,0.0,0.0,0.3754000496893864,570.0,25.85471510887146,6.207482814788818,0.0075159072875976,5,,,
default_2b13c41e0b,13,naive,global_graph,true_dag,20,5000,5,0.5,0.2,2,mild,False,0.07,0.05,0.5,42,807153825,"[1296802561, 2867155390, 1660649238, 2328647345, 2066676777]",31.0,0.5507246329846671,0.7916666663368055,0.422222222128395,0,0.0,0.0,0.0,570.0,25.84772610664368,6.200493812561035,0.0005269050598144,5,"[0.2, 0.2, 0.2, 0.2, 0.2]","n_oriented=0 / Dir_F1=0 BY CONSTRUCTION (no Sepsets passed to orientation) -- definitional, not independent evidence of a weighting effect; see factorial ablation for that comparison.",
default_2b13c41e0b,13,fedpc_consensus,global_graph,true_dag,20,5000,5,0.5,0.2,2,mild,False,0.07,0.05,0.5,42,807153825,"[1296802561, 2867155390, 1660649238, 2328647345, 2066676777]",31.0,0.5507246329846671,0.7916666663368055,0.422222222128395,19,0.5263157891966759,0.2222222221728395,0.312499995727539,570.0,25.852272987365723,6.205040693283081,0.0050737857818603,5,"[0.18722503359016576, 0.2110312879219867, 0.1745445944763989, 0.20823511969453717, 0.21896396431691137]",,336.0
default_2b13c41e0b,13,fedpc_oracle,global_graph,true_dag,20,5000,5,0.5,0.2,2,mild,False,0.07,0.05,0.5,42,807153825,"[1296802561, 2867155390, 1660649238, 2328647345, 2066676777]",31.0,0.5507246329846671,0.7916666663368055,0.422222222128395,19,0.5263157891966759,0.2222222221728395,0.312499995727539,570.0,25.85145664215088,6.204224348068237,0.0042574405670166,5,"[0.1937633275862955, 0.19018157299308913, 0.24101145396691145, 0.18486207246061484, 0.19018157299308913]","ablation only -- requires ground truth, not deployable",336.0
default_2b13c41e0b,14,centralized,global_graph,true_dag,20,5000,5,0.5,0.2,2,mild,False,0.07,0.05,0.5,42,2050145013,"[2301350380, 2154456678, 2297381658, 3043327479, 1620125002]",12.0,0.7931034430261594,0.8518518515363511,0.7419354836316336,18,0.7222222218209876,0.4193548385744016,0.5306122400333195,0.0,30.006513833999637,30.006513833999637,0.0,1,,,
default_2b13c41e0b,14,local,mean_local_graph,true_dag,20,5000,5,0.5,0.2,2,mild,False,0.07,0.05,0.5,42,2050145013,"[2301350380, 2154456678, 2297381658, 3043327479, 1620125002]",9.6,0.8220098368186204,0.9659420285641952,0.7161290320270551,0,0.0,0.0,0.5196899179246051,486.875,14.91235637664795,3.288275718688965,0.0043072700500488,5,,,
default_2b13c41e0b,14,naive,global_graph,true_dag,20,5000,5,0.5,0.2,2,mild,False,0.07,0.05,0.5,42,2050145013,"[2301350380, 2154456678, 2297381658, 3043327479, 1620125002]",9.0,0.8301886740761837,0.9999999995454544,0.7096774191259105,0,0.0,0.0,0.0,486.875,14.908689975738524,3.284609317779541,0.000640869140625,5,"[0.2, 0.2, 0.2, 0.2, 0.2]","n_oriented=0 / Dir_F1=0 BY CONSTRUCTION (no Sepsets passed to orientation) -- definitional, not independent evidence of a weighting effect; see factorial ablation for that comparison.",
default_2b13c41e0b,14,fedpc_consensus,global_graph,true_dag,20,5000,5,0.5,0.2,2,mild,False,0.07,0.05,0.5,42,2050145013,"[2301350380, 2154456678, 2297381658, 3043327479, 1620125002]",9.0,0.8301886740761837,0.9999999995454544,0.7096774191259105,15,0.8666666660888889,0.4193548385744016,0.5652173866635161,486.875,14.91095781326294,3.286877155303955,0.002908706665039,5,"[0.19297696089150276, 0.19297696089150276, 0.20520020654631083, 0.20364566512437282, 0.20520020654631088]",,336.0
default_2b13c41e0b,14,fedpc_oracle,global_graph,true_dag,20,5000,5,0.5,0.2,2,mild,False,0.07,0.05,0.5,42,2050145013,"[2301350380, 2154456678, 2297381658, 3043327479, 1620125002]",9.0,0.8301886740761837,0.9999999995454544,0.7096774191259105,15,0.8666666660888889,0.4193548385744016,0.5652173866635161,486.875,14.910609245300291,3.2865285873413086,0.0025601387023925,5,"[0.20700156344455786, 0.20700156344455786, 0.19647222997697372, 0.19305241315693678, 0.19647222997697372]","ablation only -- requires ground truth, not deployable",336.0
K2_1a1f959921,0,centralized,global_graph,true_dag,20,5000,2,0.5,0.2,2,mild,False,0.07,0.05,0.5,42,2821148668,"[3346208361, 3604102393]",15.0,0.745762706681988,0.8461538458284024,0.6666666664646465,23,0.8260869561625709,0.5757575755831037,0.6785714234885204,0.0,42.99568152427673,42.99568152427673,0.0,1,,,
K2_1a1f959921,0,local,mean_local_graph,true_dag,20,5000,2,0.5,0.2,2,mild,False,0.07,0.05,0.5,42,2821148668,"[3346208361, 3604102393]",17.0,0.7120689603482859,0.8088888885768559,0.6363636361707988,0,0.0,0.0,0.5697439303305192,193.75,8.599024534225464,4.3496458530426025,0.0029220581054687,2,,,
K2_1a1f959921,0,naive,global_graph,true_dag,20,5000,2,0.5,0.2,2,mild,False,0.07,0.05,0.5,42,2821148668,"[3346208361, 3604102393]",17.0,0.7301587249382716,0.7666666664111111,0.696969696758494,0,0.0,0.0,0.0,193.75,8.596733808517456,4.347355127334595,0.0006313323974609,2,"[0.5, 0.5]","n_oriented=0 / Dir_F1=0 BY CONSTRUCTION (no Sepsets passed to orientation) -- definitional, not independent evidence of a weighting effect; see factorial ablation for that comparison.",
K2_1a1f959921,0,fedpc_consensus,global_graph,true_dag,20,5000,2,0.5,0.2,2,mild,False,0.07,0.05,0.5,42,2821148668,"[3346208361, 3604102393]",17.0,0.7301587249382716,0.7666666664111111,0.696969696758494,26,0.6538461535946746,0.5151515149954086,0.5762711813157139,193.75,8.59964108467102,4.350262403488159,0.0035386085510253,2,"[0.5, 0.5]",,336.0
K2_1a1f959921,0,fedpc_oracle,global_graph,true_dag,20,5000,2,0.5,0.2,2,mild,False,0.07,0.05,0.5,42,2821148668,"[3346208361, 3604102393]",16.0,0.724137925879905,0.839999999664,0.6363636361707988,20,0.7999999996,0.484848484701561,0.6037735799786402,193.75,8.599290370941162,4.349911689758301,0.0031878948211669,2,"[0.4830557149631577, 0.5169442850368424]","ablation only -- requires ground truth, not deployable",336.0
K2_1a1f959921,1,centralized,global_graph,true_dag,20,5000,2,0.5,0.2,2,mild,False,0.07,0.05,0.5,42,1462521622,"[749449946, 3370749794]",24.0,0.67567567050767,0.7142857140816327,0.6410256408612754,31,0.5483870965972945,0.4358974357856673,0.4857142806408163,0.0,86.82220911979675,86.82220911979675,0.0,1,,,
K2_1a1f959921,1,local,mean_local_graph,true_dag,20,5000,2,0.5,0.2,2,mild,False,0.07,0.05,0.5,42,1462521622,"[749449946, 3370749794]",24.0,0.6666666615162038,0.7272727270523416,0.6153846152268244,0,0.0,0.0,0.4513574610815293,239.375,15.808330297470093,8.60294246673584,0.0057764053344726,2,,,
K2_1a1f959921,1,naive,global_graph,true_dag,20,5000,2,0.5,0.2,2,mild,False,0.07,0.05,0.5,42,1462521622,"[749449946, 3370749794]",22.0,0.7027026975273923,0.742857142644898,0.6666666664957265,0,0.0,0.0,0.0,239.375,15.803082942962646,8.597695112228394,0.0005290508270263,2,"[0.5, 0.5]","n_oriented=0 / Dir_F1=0 BY CONSTRUCTION (no Sepsets passed to orientation) -- definitional, not independent evidence of a weighting effect; see factorial ablation for that comparison.",
K2_1a1f959921,1,fedpc_consensus,global_graph,true_dag,20,5000,2,0.5,0.2,2,mild,False,0.07,0.05,0.5,42,1462521622,"[749449946, 3370749794]",22.0,0.7027026975273923,0.742857142644898,0.6666666664957265,28,0.5714285712244898,0.4102564101512163,0.4776119352907106,239.375,15.806398391723633,8.60101056098938,0.0038444995880126,2,"[0.5, 0.5]",,318.0
K2_1a1f959921,1,fedpc_oracle,global_graph,true_dag,20,5000,2,0.5,0.2,2,mild,False,0.07,0.05,0.5,42,1462521622,"[749449946, 3370749794]",22.0,0.7027026975273923,0.742857142644898,0.6666666664957265,28,0.5714285712244898,0.4102564101512163,0.4776119352907106,239.375,15.805903911590576,8.600516080856323,0.003350019454956,2,"[0.5, 0.5]","ablation only -- requires ground truth, not deployable",318.0
K2_1a1f959921,2,centralized,global_graph,true_dag,20,5000,2,0.5,0.2,2,mild,False,0.07,0.05,0.5,42,969313242,"[4107150726, 632191125]",8.0,0.8666666614277778,0.96296296260631,0.7878787876400367,27,0.8888888885596707,0.7272727270523416,0.7999999947833334,0.0,23.979089975357056,23.979089975357056,0.0,1,,,
K2_1a1f959921,2,local,mean_local_graph,true_dag,20,5000,2,0.5,0.2,2,mild,False,0.07,0.05,0.5,42,969313242,"[4107150726, 632191125]",8.5,0.8547632911084266,0.9807692303843196,0.7575757573461891,0,0.0,0.0,0.7588462630485964,181.25,6.365426301956177,3.1901912689208984,0.002983808517456,2,,,
K2_1a1f959921,2,naive,global_graph,true_dag,20,5000,2,0.5,0.2,2,mild,False,0.07,0.05,0.5,42,969313242,"[4107150726, 632191125]",8.0,0.8666666614277778,0.96296296260631,0.7878787876400367,0,0.0,0.0,0.0,181.25,6.362894058227539,3.1876590251922607,0.0004515647888183,2,"[0.5, 0.5]","n_oriented=0 / Dir_F1=0 BY CONSTRUCTION (no Sepsets passed to orientation) -- definitional, not independent evidence of a weighting effect; see factorial ablation for that comparison.",
K2_1a1f959921,2,fedpc_consensus,global_graph,true_dag,20,5000,2,0.5,0.2,2,mild,False,0.07,0.05,0.5,42,969313242,"[4107150726, 632191125]",8.0,0.8666666614277778,0.96296296260631,0.7878787876400367,27,0.8518518515363511,0.696969696758494,0.7666666614611112,181.25,6.365032911300659,3.189797878265381,0.0025904178619384,2,"[0.5, 0.5]",,332.0
K2_1a1f959921,2,fedpc_oracle,global_graph,true_dag,20,5000,2,0.5,0.2,2,mild,False,0.07,0.05,0.5,42,969313242,"[4107150726, 632191125]",8.0,0.862068960315101,0.9999999996,0.7575757573461891,24,0.9166666662847222,0.6666666664646465,0.7719298194152047,181.25,6.36435341835022,3.1891183853149414,0.001910924911499,2,"[0.4914536157172331, 0.5085463842827669]","ablation only -- requires ground truth, not deployable",332.0
K2_1a1f959921,3,centralized,global_graph,true_dag,20,5000,2,0.5,0.2,2,mild,False,0.07,0.05,0.5,42,2247088771,"[303657133, 1033942787]",22.0,0.6764705830536333,0.7187499997753906,0.6388888887114197,27,0.5555555553497942,0.4166666665509259,0.4761904711413454,0.0,63.09746742248535,63.09746742248535,0.0,1,,,
K2_1a1f959921,3,local,mean_local_graph,true_dag,20,5000,2,0.5,0.2,2,mild,False,0.07,0.05,0.5,42,2247088771,"[303657133, 1033942787]",22.5,0.6509615333277968,0.7364532017120957,0.5833333331712963,0,0.0,0.0,0.4743072320361789,224.375,11.359004974365234,5.77690052986145,0.0045015811920166,2,,,
K2_1a1f959921,3,naive,global_graph,true_dag,20,5000,2,0.5,0.2,2,mild,False,0.07,0.05,0.5,42,2247088771,"[303657133, 1033942787]",21.0,0.6865671590020049,0.7419354836316336,0.6388888887114197,0,0.0,0.0,0.0,224.375,11.355035543441772,5.772931098937988,0.0005321502685546,2,"[0.5, 0.5]","n_oriented=0 / Dir_F1=0 BY CONSTRUCTION (no Sepsets passed to orientation) -- definitional, not independent evidence of a weighting effect; see factorial ablation for that comparison.",
K2_1a1f959921,3,fedpc_consensus,global_graph,true_dag,20,5000,2,0.5,0.2,2,mild,False,0.07,0.05,0.5,42,2247088771,"[303657133, 1033942787]",21.0,0.6865671590020049,0.7419354836316336,0.6388888887114197,26,0.615384615147929,0.4444444443209876,0.5161290272216442,224.375,11.357730388641356,5.775625944137573,0.0032269954681396,2,"[0.5, 0.5]",,328.0
K2_1a1f959921,3,fedpc_oracle,global_graph,true_dag,20,5000,2,0.5,0.2,2,mild,False,0.07,0.05,0.5,42,2247088771,"[303657133, 1033942787]",21.0,0.6769230717727811,0.7586206893935791,0.6111111109413581,27,0.5925925923731138,0.4444444443209876,0.5079365028772991,224.375,11.359533071517944,5.77742862701416,0.0050296783447265,2,"[0.46018150183184003, 0.5398184981681599]","ablation only -- requires ground truth, not deployable",328.0
K2_1a1f959921,4,centralized,global_graph,true_dag,20,5000,2,0.5,0.2,2,mild,False,0.07,0.05,0.5,42,3502240448,"[1804690065, 3504490819]",19.0,0.7654320936137784,0.8378378376113952,0.7045454543853306,33,0.6363636361707988,0.4772727271642561,0.5454545404149098,0.0,54.607500076293945,54.607500076293945,0.0,1,,,
K2_1a1f959921,4,local,mean_local_graph,true_dag,20,5000,2,0.5,0.2,2,mild,False,0.07,0.05,0.5,42,3502240448,"[1804690065, 3504490819]",20.0,0.743421047528203,0.8541666664142071,0.6590909089411157,0,0.0,0.0,0.5444444394947409,160.625,9.25117540359497,4.651291608810425,0.0029475688934326,2,,,
K2_1a1f959921,4,naive,global_graph,true_dag,20,5000,2,0.5,0.2,2,mild,False,0.07,0.05,0.5,42,3502240448,"[1804690065, 3504490819]",20.0,0.7499999948625001,0.8333333331018519,0.6818181816632232,0,0.0,0.0,0.0,160.625,9.248652458190918,4.648768663406372,0.0004246234893798,2,"[0.5, 0.5]","n_oriented=0 / Dir_F1=0 BY CONSTRUCTION (no Sepsets passed to orientation) -- definitional, not independent evidence of a weighting effect; see factorial ablation for that comparison.",
K2_1a1f959921,4,fedpc_consensus,global_graph,true_dag,20,5000,2,0.5,0.2,2,mild,False,0.07,0.05,0.5,42,3502240448,"[1804690065, 3504490819]",20.0,0.7499999948625001,0.8333333331018519,0.6818181816632232,32,0.6562499997949218,0.4772727271642561,0.5526315739265929,160.625,9.250362634658812,4.650478839874268,0.0021347999572753,2,"[0.5, 0.5]",,316.0
K2_1a1f959921,4,fedpc_oracle,global_graph,true_dag,20,5000,2,0.5,0.2,2,mild,False,0.07,0.05,0.5,42,3502240448,"[1804690065, 3504490819]",20.0,0.7499999948625001,0.8333333331018519,0.6818181816632232,32,0.6562499997949218,0.4772727271642561,0.5526315739265929,160.625,9.250479459762571,4.650595664978027,0.0022516250610351,2,"[0.4911511354589216, 0.5088488645410784]","ablation only -- requires ground truth, not deployable",316.0
K2_1a1f959921,5,centralized,global_graph,true_dag,20,5000,2,0.5,0.2,2,mild,False,0.07,0.05,0.5,42,2831323959,"[2685938545, 67332489]",24.0,0.6842105212222992,0.7878787876400367,0.6046511626500811,30,0.4999999998333333,0.3488372092212006,0.4109588991555639,0.0,105.1325798034668,105.1325798034668,0.0,1,,,
K2_1a1f959921,5,local,mean_local_graph,true_dag,20,5000,2,0.5,0.2,2,mild,False,0.07,0.05,0.5,42,2831323959,"[2685938545, 67332489]",24.5,0.6621004516121436,0.8137931031722552,0.558139534753921,0,0.0,0.0,0.3920538106285731,197.5,11.98323917388916,6.3762712478637695,0.0039756298065185,2,,,
K2_1a1f959921,5,naive,global_graph,true_dag,20,5000,2,0.5,0.2,2,mild,False,0.07,0.05,0.5,42,2831323959,"[2685938545, 67332489]",25.0,0.6666666615964445,0.7812499997558594,0.581395348702001,0,0.0,0.0,0.0,197.5,11.979795932769775,6.372828006744385,0.0005323886871337,2,"[0.5, 0.5]","n_oriented=0 / Dir_F1=0 BY CONSTRUCTION (no Sepsets passed to orientation) -- definitional, not independent evidence of a weighting effect; see factorial ablation for that comparison.",
K2_1a1f959921,5,fedpc_consensus,global_graph,true_dag,20,5000,2,0.5,0.2,2,mild,False,0.07,0.05,0.5,42,2831323959,"[2685938545, 67332489]",25.0,0.6666666615964445,0.7812499997558594,0.581395348702001,27,0.5185185183264746,0.3255813952731206,0.3999999951469387,197.5,11.982457160949709,6.375489234924316,0.0031936168670654,2,"[0.5, 0.5]",,326.0
K2_1a1f959921,5,fedpc_oracle,global_graph,true_dag,20,5000,2,0.5,0.2,2,mild,False,0.07,0.05,0.5,42,2831323959,"[2685938545, 67332489]",24.0,0.6666666616705247,0.8275862066111771,0.558139534753921,26,0.4999999998076923,0.3023255813250405,0.3768115893971855,197.5,11.982604503631592,6.375636577606201,0.0033409595489501,2,"[0.4931037762056173, 0.5068962237943827]","ablation only -- requires ground truth, not deployable",326.0
K2_1a1f959921,6,centralized,global_graph,true_dag,20,5000,2,0.5,0.2,2,mild,False,0.07,0.05,0.5,42,808649108,"[892623907, 3566964085]",15.0,0.7619047566742253,0.7999999997333334,0.7272727270523416,22,0.6818181815082645,0.4545454544077135,0.5454545404561985,0.0,33.80124354362488,33.80124354362488,0.0,1,,,
K2_1a1f959921,6,local,mean_local_graph,true_dag,20,5000,2,0.5,0.2,2,mild,False,0.07,0.05,0.5,42,808649108,"[892623907, 3566964085]",15.0,0.7619047566742252,0.7999999997333334,0.7272727270523416,0,0.0,0.0,0.5272727222809919,184.375,7.623662710189819,3.8955078125,0.0022463798522949,2,,,
K2_1a1f959921,6,naive,global_graph,true_dag,20,5000,2,0.5,0.2,2,mild,False,0.07,0.05,0.5,42,808649108,"[892623907, 3566964085]",15.0,0.7692307639952662,0.7812499997558594,0.7575757573461891,0,0.0,0.0,0.0,184.375,7.622021436691284,3.893866539001465,0.0006051063537597,2,"[0.5, 0.5]","n_oriented=0 / Dir_F1=0 BY CONSTRUCTION (no Sepsets passed to orientation) -- definitional, not independent evidence of a weighting effect; see factorial ablation for that comparison.",
K2_1a1f959921,6,fedpc_consensus,global_graph,true_dag,20,5000,2,0.5,0.2,2,mild,False,0.07,0.05,0.5,42,808649108,"[892623907, 3566964085]",15.0,0.7692307639952662,0.7812499997558594,0.7575757573461891,25,0.639999999744,0.484848484701561,0.5517241328359097,184.375,7.625237941741943,3.897083044052124,0.0038216114044189,2,"[0.5, 0.5]",,324.0
K2_1a1f959921,6,fedpc_oracle,global_graph,true_dag,20,5000,2,0.5,0.2,2,mild,False,0.07,0.05,0.5,42,808649108,"[892623907, 3566964085]",13.0,0.7936507884101789,0.8333333330555556,0.7575757573461891,22,0.6818181815082645,0.4545454544077135,0.5454545404561985,184.375,7.623660564422607,3.895505666732788,0.002244234085083,2,"[0.541594454344191, 0.4584055456558091]","ablation only -- requires ground truth, not deployable",324.0
K2_1a1f959921,7,centralized,global_graph,true_dag,20,5000,2,0.5,0.2,2,mild,False,0.07,0.05,0.5,42,1772518564,"[2568428263, 1275019633]",12.0,0.8235294065614187,0.9032258061602496,0.7567567565522278,26,0.8461538458284024,0.5945945944338933,0.6984126933434114,0.0,48.38296794891357,48.38296794891357,0.0,1,,,
K2_1a1f959921,7,local,mean_local_graph,true_dag,20,5000,2,0.5,0.2,2,mild,False,0.07,0.05,0.5,42,1772518564,"[2568428263, 1275019633]",13.0,0.8057040946374587,0.8998887649945124,0.7297297295325054,0,0.0,0.0,0.677075196636769,197.5,9.629684686660768,5.247015714645386,0.0038578510284423,2,,,
K2_1a1f959921,7,naive,global_graph,true_dag,20,5000,2,0.5,0.2,2,mild,False,0.07,0.05,0.5,42,1772518564,"[2568428263, 1275019633]",13.0,0.8115941976895611,0.8749999997265625,0.7567567565522278,0,0.0,0.0,0.0,197.5,9.626414060592651,5.243745088577271,0.0005872249603271,2,"[0.5, 0.5]","n_oriented=0 / Dir_F1=0 BY CONSTRUCTION (no Sepsets passed to orientation) -- definitional, not independent evidence of a weighting effect; see factorial ablation for that comparison.",
K2_1a1f959921,7,fedpc_consensus,global_graph,true_dag,20,5000,2,0.5,0.2,2,mild,False,0.07,0.05,0.5,42,1772518564,"[2568428263, 1275019633]",13.0,0.8115941976895611,0.8749999997265625,0.7567567565522278,27,0.8148148145130315,0.5945945944338933,0.6874999949072265,197.5,9.629183530807495,5.246514558792114,0.0033566951751708,2,"[0.5, 0.5]",,324.0
K2_1a1f959921,7,fedpc_oracle,global_graph,true_dag,20,5000,2,0.5,0.2,2,mild,False,0.07,0.05,0.5,42,1772518564,"[2568428263, 1275019633]",12.0,0.8235294065614187,0.9032258061602496,0.7567567565522278,26,0.8461538458284024,0.5945945944338933,0.6984126933434114,197.5,9.628787994384766,5.246119022369385,0.0029611587524414,2,"[0.5221130703129221, 0.477886929687078]","ablation only -- requires ground truth, not deployable",324.0
K2_1a1f959921,8,centralized,global_graph,true_dag,20,5000,2,0.5,0.2,2,mild,False,0.07,0.05,0.5,42,899464318,"[2803749710, 688527370]",9.0,0.857142851872008,0.8709677416545265,0.8437499997363281,25,0.839999999664,0.6562499997949218,0.7368421000800246,0.0,30.1226544380188,30.1226544380188,0.0,1,,,
K2_1a1f959921,8,local,mean_local_graph,true_dag,20,5000,2,0.5,0.2,2,mild,False,0.07,0.05,0.5,42,899464318,"[2803749710, 688527370]",6.5,0.8909604467068946,0.9642857139347129,0.828124999741211,0,0.0,0.0,0.7777777726611798,156.25,6.675498008728027,3.442864179611206,0.0024013519287109,2,,,
K2_1a1f959921,8,naive,global_graph,true_dag,20,5000,2,0.5,0.2,2,mild,False,0.07,0.05,0.5,42,899464318,"[2803749710, 688527370]",6.0,0.9032258011654528,0.9333333330222222,0.8749999997265625,0,0.0,0.0,0.0,156.25,6.67346453666687,3.440830707550049,0.0003678798675537,2,"[0.5, 0.5]","n_oriented=0 / Dir_F1=0 BY CONSTRUCTION (no Sepsets passed to orientation) -- definitional, not independent evidence of a weighting effect; see factorial ablation for that comparison.",
K2_1a1f959921,8,fedpc_consensus,global_graph,true_dag,20,5000,2,0.5,0.2,2,mild,False,0.07,0.05,0.5,42,899464318,"[2803749710, 688527370]",6.0,0.9032258011654528,0.9333333330222222,0.8749999997265625,25,0.919999999632,0.7187499997753906,0.807017538651893,156.25,6.674931287765503,3.4422974586486816,0.0018346309661865,2,"[0.5, 0.5]",,330.0
K2_1a1f959921,8,fedpc_oracle,global_graph,true_dag,20,5000,2,0.5,0.2,2,mild,False,0.07,0.05,0.5,42,899464318,"[2803749710, 688527370]",5.0,0.9152542320137892,0.9999999996296296,0.8437499997363281,22,0.9999999995454544,0.6874999997851562,0.8148148096844994,156.25,6.675783634185791,3.4431498050689697,0.0026869773864746,2,"[0.4727532948339145, 0.5272467051660855]","ablation only -- requires ground truth, not deployable",330.0
K2_1a1f959921,9,centralized,global_graph,true_dag,20,5000,2,0.5,0.2,2,mild,False,0.07,0.05,0.5,42,2458753763,"[272049505, 1015674150]",24.0,0.6470588183564013,0.6874999997851562,0.6111111109413581,30,0.5333333331555555,0.4444444443209876,0.4848484797428833,0.0,72.10199666023254,72.10199666023254,0.0,1,,,
K2_1a1f959921,9,local,mean_local_graph,true_dag,20,5000,2,0.5,0.2,2,mild,False,0.07,0.05,0.5,42,2458753763,"[272049505, 1015674150]",20.0,0.6966704885172661,0.766407118765468,0.6388888887114197,0,0.0,0.0,0.4805194754421144,221.25,13.617857456207275,6.91485857963562,0.0068249702453613,2,,,
K2_1a1f959921,9,naive,global_graph,true_dag,20,5000,2,0.5,0.2,2,mild,False,0.07,0.05,0.5,42,2458753763,"[272049505, 1015674150]",19.0,0.7246376759588322,0.7575757573461891,0.6944444442515432,0,0.0,0.0,0.0,221.25,13.611769676208496,6.908770799636841,0.000737190246582,2,"[0.5, 0.5]","n_oriented=0 / Dir_F1=0 BY CONSTRUCTION (no Sepsets passed to orientation) -- definitional, not independent evidence of a weighting effect; see factorial ablation for that comparison.",
K2_1a1f959921,9,fedpc_consensus,global_graph,true_dag,20,5000,2,0.5,0.2,2,mild,False,0.07,0.05,0.5,42,2458753763,"[272049505, 1015674150]",19.0,0.7246376759588322,0.7575757573461891,0.6944444442515432,32,0.5312499998339844,0.4722222220910493,0.4999999948702422,221.25,13.614680767059326,6.911681890487671,0.0036482810974121,2,"[0.5, 0.5]",,326.0
K2_1a1f959921,9,fedpc_oracle,global_graph,true_dag,20,5000,2,0.5,0.2,2,mild,False,0.07,0.05,0.5,42,2458753763,"[272049505, 1015674150]",19.0,0.716417905261751,0.7741935481373569,0.6666666664814814,30,0.5333333331555555,0.4444444443209876,0.4848484797428833,221.25,13.615296840667725,6.912297964096069,0.0042643547058105,2,"[0.528322662569172, 0.47167733743082796]","ablation only -- requires ground truth, not deployable",326.0
K2_1a1f959921,10,centralized,global_graph,true_dag,20,5000,2,0.5,0.2,2,mild,False,0.07,0.05,0.5,42,1456385243,"[649788737, 1109787372]",9.0,0.8524590111797904,0.96296296260631,0.7647058821280277,22,0.772727272376033,0.4999999998529412,0.6071428521556123,0.0,48.1517288684845,48.1517288684845,0.0,1,,,
K2_1a1f959921,10,local,mean_local_graph,true_dag,20,5000,2,0.5,0.2,2,mild,False,0.07,0.05,0.5,42,1456385243,"[649788737, 1109787372]",11.5,0.8092501316586498,0.9274425283814016,0.72058823508218,0,0.0,0.0,0.563472841993345,251.875,13.197503566741943,6.907435655593872,0.0025372505187988,2,,,
K2_1a1f959921,10,naive,global_graph,true_dag,20,5000,2,0.5,0.2,2,mild,False,0.07,0.05,0.5,42,1456385243,"[649788737, 1109787372]",11.0,0.8253968201662888,0.8965517238287752,0.7647058821280277,0,0.0,0.0,0.0,251.875,13.195348262786863,6.905280351638794,0.0003819465637207,2,"[0.5, 0.5]","n_oriented=0 / Dir_F1=0 BY CONSTRUCTION (no Sepsets passed to orientation) -- definitional, not independent evidence of a weighting effect; see factorial ablation for that comparison.",
K2_1a1f959921,10,fedpc_consensus,global_graph,true_dag,20,5000,2,0.5,0.2,2,mild,False,0.07,0.05,0.5,42,1456385243,"[649788737, 1109787372]",11.0,0.8253968201662888,0.8965517238287752,0.7647058821280277,25,0.79999999968,0.5882352939446367,0.6779660965814422,251.875,13.198187351226808,6.908119440078735,0.0032210350036621,2,"[0.5, 0.5]",,332.0
K2_1a1f959921,10,fedpc_oracle,global_graph,true_dag,20,5000,2,0.5,0.2,2,mild,False,0.07,0.05,0.5,42,1456385243,"[649788737, 1109787372]",11.0,0.8253968201662888,0.8965517238287752,0.7647058821280277,25,0.79999999968,0.5882352939446367,0.6779660965814422,251.875,13.1982524394989,6.90818452835083,0.0032861232757568,2,"[0.519944714620901, 0.480055285379099]","ablation only -- requires ground truth, not deployable",332.0
K2_1a1f959921,11,centralized,global_graph,true_dag,20,5000,2,0.5,0.2,2,mild,False,0.07,0.05,0.5,42,3987281196,"[1941670700, 508515935]",36.0,0.5499999949125001,0.6111111109413581,0.4999999998863636,32,0.4687499998535156,0.3409090908316116,0.3947368371260388,0.0,84.96486759185791,84.96486759185791,0.0,1,,,
K2_1a1f959921,11,local,mean_local_graph,true_dag,20,5000,2,0.5,0.2,2,mild,False,0.07,0.05,0.5,42,3987281196,"[1941670700, 508515935]",32.5,0.5811125865502285,0.6736607140836137,0.5113636362474173,0,0.0,0.0,0.4024064122674785,251.875,14.34551453590393,7.4035797119140625,0.0042560100555419,2,,,
K2_1a1f959921,11,naive,global_graph,true_dag,20,5000,2,0.5,0.2,2,mild,False,0.07,0.05,0.5,42,3987281196,"[1941670700, 508515935]",33.0,0.6024096334272029,0.6410256408612754,0.568181818052686,0,0.0,0.0,0.0,251.875,14.34207844734192,7.400143623352051,0.0008199214935302,2,"[0.5, 0.5]","n_oriented=0 / Dir_F1=0 BY CONSTRUCTION (no Sepsets passed to orientation) -- definitional, not independent evidence of a weighting effect; see factorial ablation for that comparison.",
K2_1a1f959921,11,fedpc_consensus,global_graph,true_dag,20,5000,2,0.5,0.2,2,mild,False,0.07,0.05,0.5,42,3987281196,"[1941670700, 508515935]",33.0,0.6024096334272029,0.6410256408612754,0.568181818052686,33,0.484848484701561,0.363636363553719,0.4155844105785123,251.875,14.345388650894163,7.403453826904297,0.0041301250457763,2,"[0.5, 0.5]",,324.0
K2_1a1f959921,11,fedpc_oracle,global_graph,true_dag,20,5000,2,0.5,0.2,2,mild,False,0.07,0.05,0.5,42,3987281196,"[1941670700, 508515935]",30.0,0.6052631528601109,0.7187499997753906,0.5227272726084711,25,0.559999999776,0.3181818181095041,0.4057970967107751,251.875,14.344841480255129,7.402906656265259,0.0035829544067382,2,"[0.5414875305592475, 0.45851246944075247]","ablation only -- requires ground truth, not deployable",324.0
K2_1a1f959921,12,centralized,global_graph,true_dag,20,5000,2,0.5,0.2,2,mild,False,0.07,0.05,0.5,42,3123631932,"[3334925120, 856491529]",30.0,0.5833333285570987,0.8076923073816568,0.4565217390311909,19,0.4736842102770083,0.1956521738705104,0.2769230727005917,0.0,91.6753990650177,91.6753990650177,0.0,1,,,
K2_1a1f959921,12,local,mean_local_graph,true_dag,20,5000,2,0.5,0.2,2,mild,False,0.07,0.05,0.5,42,3123631932,"[3334925120, 856491529]",34.5,0.5237913922529982,0.7171428568713061,0.4130434781710775,0,0.0,0.0,0.2176470547781238,276.25,16.836459398269653,8.841949701309204,0.0018894672393798,2,,,
K2_1a1f959921,12,naive,global_graph,true_dag,20,5000,2,0.5,0.2,2,mild,False,0.07,0.05,0.5,42,3123631932,"[3334925120, 856491529]",37.0,0.5194805145353348,0.6451612901144641,0.4347826086011342,0,0.0,0.0,0.0,276.25,16.835079193115234,8.840569496154785,0.0005092620849609,2,"[0.5, 0.5]","n_oriented=0 / Dir_F1=0 BY CONSTRUCTION (no Sepsets passed to orientation) -- definitional, not independent evidence of a weighting effect; see factorial ablation for that comparison.",
K2_1a1f959921,12,fedpc_consensus,global_graph,true_dag,20,5000,2,0.5,0.2,2,mild,False,0.07,0.05,0.5,42,3123631932,"[3334925120, 856491529]",37.0,0.5194805145353348,0.6451612901144641,0.4347826086011342,23,0.4347826085066162,0.2173913043005671,0.2898550679353077,276.25,16.837385416030884,8.842875719070435,0.0028154850006103,2,"[0.5, 0.5]",,336.0
K2_1a1f959921,12,fedpc_oracle,global_graph,true_dag,20,5000,2,0.5,0.2,2,mild,False,0.07,0.05,0.5,42,3123631932,"[3334925120, 856491529]",34.0,0.540540535690285,0.7142857140306123,0.4347826086011342,18,0.4999999997222222,0.1956521738705104,0.2812499958691407,276.25,16.837211847305298,8.842702150344849,0.0026419162750244,2,"[0.5319440811274803, 0.46805591887251985]","ablation only -- requires ground truth, not deployable",336.0
K2_1a1f959921,13,centralized,global_graph,true_dag,20,5000,2,0.5,0.2,2,mild,False,0.07,0.05,0.5,42,1366350731,"[1354422650, 2607644551]",16.0,0.7777777725655863,0.7999999997714285,0.7567567565522278,30,0.6999999997666666,0.5675675674141709,0.6268656665092449,0.0,46.23025274276733,46.23025274276733,0.0,1,,,
K2_1a1f959921,13,local,mean_local_graph,true_dag,20,5000,2,0.5,0.2,2,mild,False,0.07,0.05,0.5,42,1366350731,"[1354422650, 2607644551]",14.0,0.7941176418641869,0.8709677416545265,0.7297297295325054,0,0.0,0.0,0.6397849412017519,216.875,9.087476015090942,4.706179618835449,0.0027403831481933,2,,,
K2_1a1f959921,13,naive,global_graph,true_dag,20,5000,2,0.5,0.2,2,mild,False,0.07,0.05,0.5,42,1366350731,"[1354422650, 2607644551]",14.0,0.7999999947877551,0.8484848482277318,0.7567567565522278,0,0.0,0.0,0.0,216.875,9.085325479507446,4.704029083251953,0.0005898475646972,2,"[0.5, 0.5]","n_oriented=0 / Dir_F1=0 BY CONSTRUCTION (no Sepsets passed to orientation) -- definitional, not independent evidence of a weighting effect; see factorial ablation for that comparison.",
K2_1a1f959921,13,fedpc_consensus,global_graph,true_dag,20,5000,2,0.5,0.2,2,mild,False,0.07,0.05,0.5,42,1366350731,"[1354422650, 2607644551]",14.0,0.7999999947877551,0.8484848482277318,0.7567567565522278,28,0.7499999997321428,0.5675675674141709,0.6461538410508876,216.875,9.086613178253174,4.705316781997681,0.0018775463104248,2,"[0.5, 0.5]",,322.0
K2_1a1f959921,13,fedpc_oracle,global_graph,true_dag,20,5000,2,0.5,0.2,2,mild,False,0.07,0.05,0.5,42,1366350731,"[1354422650, 2607644551]",12.0,0.8235294065614187,0.9032258061602496,0.7567567565522278,26,0.8076923073816568,0.5675675674141709,0.6666666616074579,216.875,9.086875200271606,4.705578804016113,0.0021395683288574,2,"[0.5369863016002938, 0.46301369839970635]","ablation only -- requires ground truth, not deployable",322.0
K2_1a1f959921,14,centralized,global_graph,true_dag,20,5000,2,0.5,0.2,2,mild,False,0.07,0.05,0.5,42,2061213851,"[3414953171, 2321598950]",18.0,0.7428571377469387,0.8666666663777778,0.6499999998375,25,0.79999999968,0.499999999875,0.6153846104615385,0.0,68.27157855033875,68.27157855033875,0.0,1,,,
K2_1a1f959921,14,local,mean_local_graph,true_dag,20,5000,2,0.5,0.2,2,mild,False,0.07,0.05,0.5,42,2061213851,"[3414953171, 2321598950]",17.0,0.7424242374242425,0.9423076919452662,0.612499999846875,0,0.0,0.0,0.5333333287111112,250.625,13.153682231903076,7.078954696655273,0.0026690959930419,2,,,
K2_1a1f959921,14,naive,global_graph,true_dag,20,5000,2,0.5,0.2,2,mild,False,0.07,0.05,0.5,42,2061213851,"[3414953171, 2321598950]",16.0,0.764705877283737,0.928571428239796,0.6499999998375,0,0.0,0.0,0.0,250.625,13.151391983032228,7.076664447784424,0.0003788471221923,2,"[0.5, 0.5]","n_oriented=0 / Dir_F1=0 BY CONSTRUCTION (no Sepsets passed to orientation) -- definitional, not independent evidence of a weighting effect; see factorial ablation for that comparison.",
K2_1a1f959921,14,fedpc_consensus,global_graph,true_dag,20,5000,2,0.5,0.2,2,mild,False,0.07,0.05,0.5,42,2061213851,"[3414953171, 2321598950]",16.0,0.764705877283737,0.928571428239796,0.6499999998375,21,0.809523809138322,0.42499999989375,0.557377044482666,250.625,13.153295755386353,7.07856822013855,0.0022826194763183,2,"[0.5, 0.5]",,332.0
K2_1a1f959921,14,fedpc_oracle,global_graph,true_dag,20,5000,2,0.5,0.2,2,mild,False,0.07,0.05,0.5,42,2061213851,"[3414953171, 2321598950]",16.0,0.7575757525711663,0.9615384611686392,0.62499999984375,19,0.894736841634349,0.42499999989375,0.5762711818787705,250.625,13.153523206710815,7.078795671463013,0.0025100708007812,2,"[0.5203996670753077, 0.47960033292469223]","ablation only -- requires ground truth, not deployable",332.0
K10_b550ff96e0,0,centralized,global_graph,true_dag,20,5000,10,0.5,0.2,2,mild,False,0.07,0.05,0.5,42,2022005148,"[3394928963, 3017049564, 898328652, 3685593274, 791102522, 1409448217, 1097287666, 1639154282, 797101286, 1898789194]",26.0,0.638888883900463,0.7931034480023781,0.534883720805841,23,0.5217391302079395,0.2790697673769605,0.3636363589853076,0.0,122.90197134017944,122.90197134017944,0.0,1,,,
K10_b550ff96e0,0,local,mean_local_graph,true_dag,20,5000,10,0.5,0.2,2,mild,False,0.07,0.05,0.5,42,2022005148,"[3394928963, 3017049564, 898328652, 3685593274, 791102522, 1409448217, 1097287666, 1639154282, 797101286, 1898789194]",27.1,0.5994699419741554,0.8228766423462032,0.4720930231460248,0,0.0,0.0,0.3293331256546324,1278.75,49.90067148208618,5.47516131401062,0.0104188919067382,10,,,
K10_b550ff96e0,0,naive,global_graph,true_dag,20,5000,10,0.5,0.2,2,mild,False,0.07,0.05,0.5,42,2022005148,"[3394928963, 3017049564, 898328652, 3685593274, 791102522, 1409448217, 1097287666, 1639154282, 797101286, 1898789194]",28.0,0.5882352892949828,0.79999999968,0.4651162789616008,0,0.0,0.0,0.0,1278.75,49.890610218048096,5.465100049972534,0.0003576278686523,10,"[0.1, 0.1, 0.1, 0.1, 0.1, 0.1, 0.1, 0.1, 0.1, 0.1]","n_oriented=0 / Dir_F1=0 BY CONSTRUCTION (no Sepsets passed to orientation) -- definitional, not independent evidence of a weighting effect; see factorial ablation for that comparison.",
K10_b550ff96e0,0,fedpc_consensus,global_graph,true_dag,20,5000,10,0.5,0.2,2,mild,False,0.07,0.05,0.5,42,2022005148,"[3394928963, 3017049564, 898328652, 3685593274, 791102522, 1409448217, 1097287666, 1639154282, 797101286, 1898789194]",27.0,0.597014920597015,0.8333333329861111,0.4651162789616008,20,0.549999999725,0.2558139534288804,0.3492063447619047,1278.75,49.89569687843323,5.470186710357666,0.0054442882537841,10,"[0.10917469468659721, 0.09705465112409821, 0.0829391377356832, 0.09601099599284495, 0.12004036708623617, 0.10206880265417909, 0.09548623576634682, 0.09817711044093158, 0.09115563708412838, 0.10789236742895433]",,344.0
K10_b550ff96e0,0,fedpc_oracle,global_graph,true_dag,20,5000,10,0.5,0.2,2,mild,False,0.07,0.05,0.5,42,2022005148,"[3394928963, 3017049564, 898328652, 3685593274, 791102522, 1409448217, 1097287666, 1639154282, 797101286, 1898789194]",28.0,0.5882352892949828,0.79999999968,0.4651162789616008,18,0.5555555552469136,0.2325581394808004,0.3278688481913464,1278.75,49.89538145065308,5.469871282577515,0.0051288604736328,10,"[0.08264900331837578, 0.09494256722466383, 0.10000529410409396, 0.10916149290476539, 0.09901269190448808, 0.09335601210069365, 0.09901269190448808, 0.10292500342042825, 0.1129607748082295, 0.10597446830977354]","ablation only -- requires ground truth, not deployable",344.0
K10_b550ff96e0,1,centralized,global_graph,true_dag,20,5000,10,0.5,0.2,2,mild,False,0.07,0.05,0.5,42,433341934,"[524473029, 3030339585, 1006045390, 3717788985, 1728480741, 1994510128, 1527412225, 1777988102, 742088677, 174553806]",23.0,0.6567164127689908,0.7333333330888888,0.5945945944338933,23,0.5217391302079395,0.324324324236669,0.3999999951388888,0.0,64.38440656661987,64.38440656661987,0.0,1,,,
K10_b550ff96e0,1,local,mean_local_graph,true_dag,20,5000,10,0.5,0.2,2,mild,False,0.07,0.05,0.5,42,433341934,"[524473029, 3030339585, 1006045390, 3717788985, 1728480741, 1994510128, 1527412225, 1777988102, 742088677, 174553806]",22.3,0.6317149576834813,0.8152648217853778,0.5162162160766983,0,0.0,0.0,0.3933351183779131,963.75,27.681316137313843,3.1725010871887207,0.0080556869506835,10,,,
K10_b550ff96e0,1,naive,global_graph,true_dag,20,5000,10,0.5,0.2,2,mild,False,0.07,0.05,0.5,42,433341934,"[524473029, 3030339585, 1006045390, 3717788985, 1728480741, 1994510128, 1527412225, 1777988102, 742088677, 174553806]",23.0,0.6229508146949746,0.7916666663368055,0.5135135133747261,0,0.0,0.0,0.0,963.75,27.67387270927429,3.16505765914917,0.0006122589111328,10,"[0.1, 0.1, 0.1, 0.1, 0.1, 0.1, 0.1, 0.1, 0.1, 0.1]","n_oriented=0 / Dir_F1=0 BY CONSTRUCTION (no Sepsets passed to orientation) -- definitional, not independent evidence of a weighting effect; see factorial ablation for that comparison.",
K10_b550ff96e0,1,fedpc_consensus,global_graph,true_dag,20,5000,10,0.5,0.2,2,mild,False,0.07,0.05,0.5,42,433341934,"[524473029, 3030339585, 1006045390, 3717788985, 1728480741, 1994510128, 1527412225, 1777988102, 742088677, 174553806]",23.0,0.6101694866417696,0.8181818178099173,0.4864864863550036,11,0.6363636357851239,0.1891891891380569,0.2916666630121527,963.75,27.681583642959595,3.1727685928344727,0.0083231925964355,10,"[0.1037228218157651, 0.10363054478206848, 0.10023420341120563, 0.09095116352538116, 0.10572238188770815, 0.08420580543682094, 0.09915780357663034, 0.10884939259421357, 0.09828748581264175, 0.10523839715756486]",,340.0
K10_b550ff96e0,1,fedpc_oracle,global_graph,true_dag,20,5000,10,0.5,0.2,2,mild,False,0.07,0.05,0.5,42,433341934,"[524473029, 3030339585, 1006045390, 3717788985, 1728480741, 1994510128, 1527412225, 1777988102, 742088677, 174553806]",20.0,0.6551724089476815,0.9047619043310656,0.5135135133747261,11,0.8181818174380164,0.2432432431775018,0.3749999963107639,963.75,27.678273916244507,3.1694588661193848,0.0050134658813476,10,"[0.08432688790648847, 0.11116342862877354, 0.10032499426257643, 0.10410726919293545, 0.0939568103728466, 0.0939568103728466, 0.10375466230629649, 0.09312052786736179, 0.10032499426257643, 0.11496361482729818]","ablation only -- requires ground truth, not deployable",340.0
K10_b550ff96e0,2,centralized,global_graph,true_dag,20,5000,10,0.5,0.2,2,mild,False,0.07,0.05,0.5,42,813467335,"[3386181497, 3309309390, 1486797207, 296507933, 3025622500, 4133720418, 1734529881, 2890525350, 3641564355, 2892720242]",15.0,0.794520542728467,0.7837837835719503,0.8055555553317901,31,0.7419354836316336,0.6388888887114197,0.6865671590020049,0.0,39.50441813468933,39.50441813468933,0.0,1,,,
K10_b550ff96e0,2,local,mean_local_graph,true_dag,20,5000,10,0.5,0.2,2,mild,False,0.07,0.05,0.5,42,813467335,"[3386181497, 3309309390, 1486797207, 296507933, 3025622500, 4133720418, 1734529881, 2890525350, 3641564355, 2892720242]",18.9,0.7024830868814858,0.8084564445516331,0.6222222220493827,0,0.0,0.0,0.5401549177175462,778.125,23.988701343536377,2.864186763763428,0.0075969696044921,10,,,
K10_b550ff96e0,2,naive,global_graph,true_dag,20,5000,10,0.5,0.2,2,mild,False,0.07,0.05,0.5,42,813467335,"[3386181497, 3309309390, 1486797207, 296507933, 3025622500, 4133720418, 1734529881, 2890525350, 3641564355, 2892720242]",19.0,0.7076923025325442,0.7931034480023781,0.6388888887114197,0,0.0,0.0,0.0,778.125,23.98160719871521,2.8570926189422607,0.0005028247833251,10,"[0.1, 0.1, 0.1, 0.1, 0.1, 0.1, 0.1, 0.1, 0.1, 0.1]","n_oriented=0 / Dir_F1=0 BY CONSTRUCTION (no Sepsets passed to orientation) -- definitional, not independent evidence of a weighting effect; see factorial ablation for that comparison.",
K10_b550ff96e0,2,fedpc_consensus,global_graph,true_dag,20,5000,10,0.5,0.2,2,mild,False,0.07,0.05,0.5,42,813467335,"[3386181497, 3309309390, 1486797207, 296507933, 3025622500, 4133720418, 1734529881, 2890525350, 3641564355, 2892720242]",19.0,0.7076923025325442,0.7931034480023781,0.6388888887114197,22,0.7272727269421487,0.4444444443209876,0.5517241330321048,778.125,23.98552179336548,2.8610072135925293,0.0044174194335937,10,"[0.10167550359270627, 0.10166083168946602, 0.10950373772906305, 0.09125269429245624, 0.09606879867003516, 0.11631158290709957, 0.1005712734181813, 0.0922386529598575, 0.08889613870702341, 0.10182078603411142]",,336.0
K10_b550ff96e0,2,fedpc_oracle,global_graph,true_dag,20,5000,10,0.5,0.2,2,mild,False,0.07,0.05,0.5,42,813467335,"[3386181497, 3309309390, 1486797207, 296507933, 3025622500, 4133720418, 1734529881, 2890525350, 3641564355, 2892720242]",18.0,0.7187499948535157,0.8214285711352041,0.6388888887114197,21,0.7619047615419501,0.4444444443209876,0.5614035039212065,778.125,23.98479557037353,2.860280990600586,0.0036911964416503,10,"[0.09527661927001829, 0.11568926759860444, 0.09832527907285422, 0.11701520828958925, 0.10487853611161542, 0.10095547668978602, 0.12142217725734542, 0.07572246568595632, 0.08390300913697829, 0.0868119608872523]","ablation only -- requires ground truth, not deployable",334.0
K10_b550ff96e0,3,centralized,global_graph,true_dag,20,5000,10,0.5,0.2,2,mild,False,0.07,0.05,0.5,42,3796569607,"[2242290196, 2631404480, 855154159, 3163021792, 3369423752, 4172512913, 1285491226, 794956091, 1285617092, 2855891406]",38.0,0.5365853609131471,0.6666666664646465,0.4489795917451062,33,0.5151515149954086,0.3469387754394002,0.414634141430696,0.0,98.82916736602785,98.82916736602785,0.0,1,,,
K10_b550ff96e0,3,local,mean_local_graph,true_dag,20,5000,10,0.5,0.2,2,mild,False,0.07,0.05,0.5,42,3796569607,"[2242290196, 2631404480, 855154159, 3163021792, 3369423752, 4172512913, 1285491226, 794956091, 1285617092, 2855891406]",34.9,0.5137374776626735,0.8143877014321836,0.377551020331112,0,0.0,0.0,0.3069305008651571,1243.75,43.01139783859253,4.762650012969971,0.0108988285064697,10,,,
K10_b550ff96e0,3,naive,global_graph,true_dag,20,5000,10,0.5,0.2,2,mild,False,0.07,0.05,0.5,42,3796569607,"[2242290196, 2631404480, 855154159, 3163021792, 3369423752, 4172512913, 1285491226, 794956091, 1285617092, 2855891406]",34.0,0.5142857099387755,0.8571428567346938,0.3673469387005414,0,0.0,0.0,0.0,1243.75,43.0010404586792,4.752292633056641,0.0005414485931396,10,"[0.1, 0.1, 0.1, 0.1, 0.1, 0.1, 0.1, 0.1, 0.1, 0.1]","n_oriented=0 / Dir_F1=0 BY CONSTRUCTION (no Sepsets passed to orientation) -- definitional, not independent evidence of a weighting effect; see factorial ablation for that comparison.",
K10_b550ff96e0,3,fedpc_consensus,global_graph,true_dag,20,5000,10,0.5,0.2,2,mild,False,0.07,0.05,0.5,42,3796569607,"[2242290196, 2631404480, 855154159, 3163021792, 3369423752, 4172512913, 1285491226, 794956091, 1285617092, 2855891406]",33.0,0.5217391261667718,0.89999999955,0.3673469387005414,13,0.6153846149112425,0.1632653060891295,0.2580645127315297,1243.75,43.00695824623108,4.7582104206085205,0.0064592361450195,10,"[0.11541389217154699, 0.0895813331352694, 0.11795436381742139, 0.09884452901604138, 0.11452793706790529, 0.08682442010454701, 0.09431038230448374, 0.10321402805771997, 0.087844456800442, 0.09148465752462283]",,344.0
K10_b550ff96e0,3,fedpc_oracle,global_graph,true_dag,20,5000,10,0.5,0.2,2,mild,False,0.07,0.05,0.5,42,3796569607,"[2242290196, 2631404480, 855154159, 3163021792, 3369423752, 4172512913, 1285491226, 794956091, 1285617092, 2855891406]",34.0,0.5142857099387755,0.8571428567346938,0.3673469387005414,15,0.5999999996,0.1836734693502707,0.2812499963232422,1243.75,43.00666856765747,4.757920742034912,0.0061695575714111,10,"[0.10275023561290475, 0.09436610165447064, 0.09983548397691672, 0.11527825724286121, 0.10812509500503123, 0.10275023561290475, 0.07667596741922514, 0.08359073366598953, 0.1170919871168124, 0.09953590269288377]","ablation only -- requires ground truth, not deployable",344.0
K10_b550ff96e0,4,centralized,global_graph,true_dag,20,5000,10,0.5,0.2,2,mild,False,0.07,0.05,0.5,42,3856764412,"[647929736, 3506588205, 3801524503, 885312045, 1642278001, 710579068, 1114329745, 691520400, 3367682203, 2009594278]",23.0,0.666666661499685,0.7187499997753906,0.6216216214536158,28,0.642857142627551,0.4864864863550036,0.5538461487715977,0.0,84.79934430122375,84.79934430122375,0.0,1,,,
K10_b550ff96e0,4,local,mean_local_graph,true_dag,20,5000,10,0.5,0.2,2,mild,False,0.07,0.05,0.5,42,3856764412,"[647929736, 3506588205, 3801524503, 885312045, 1642278001, 710579068, 1114329745, 691520400, 3367682203, 2009594278]",18.4,0.6919179113223428,0.908310935041524,0.5594594593082541,0,0.0,0.0,0.5223369952824684,1131.875,35.42102289199829,3.768718242645264,0.0075964927673339,10,,,
K10_b550ff96e0,4,naive,global_graph,true_dag,20,5000,10,0.5,0.2,2,mild,False,0.07,0.05,0.5,42,3856764412,"[647929736, 3506588205, 3801524503, 885312045, 1642278001, 710579068, 1114329745, 691520400, 3367682203, 2009594278]",17.0,0.7118644018615341,0.9545454541115702,0.5675675674141709,0,0.0,0.0,0.0,1131.875,35.413848638534546,3.761543989181519,0.0004222393035888,10,"[0.1, 0.1, 0.1, 0.1, 0.1, 0.1, 0.1, 0.1, 0.1, 0.1]","n_oriented=0 / Dir_F1=0 BY CONSTRUCTION (no Sepsets passed to orientation) -- definitional, not independent evidence of a weighting effect; see factorial ablation for that comparison.",
K10_b550ff96e0,4,fedpc_consensus,global_graph,true_dag,20,5000,10,0.5,0.2,2,mild,False,0.07,0.05,0.5,42,3856764412,"[647929736, 3506588205, 3801524503, 885312045, 1642278001, 710579068, 1114329745, 691520400, 3367682203, 2009594278]",17.0,0.7118644018615341,0.9545454541115702,0.5675675674141709,17,0.941176470034602,0.4324324323155588,0.592592588058985,1131.875,35.41948223114014,3.767177581787109,0.0060558319091796,10,"[0.09573797206788975, 0.10090983891431189, 0.08311819435327983, 0.10503230987919854, 0.1019017373035137, 0.10524806785277756, 0.09737346253108842, 0.10669452450784216, 0.10837343910357741, 0.09561045348652074]",,342.0
K10_b550ff96e0,4,fedpc_oracle,global_graph,true_dag,20,5000,10,0.5,0.2,2,mild,False,0.07,0.05,0.5,42,3856764412,"[647929736, 3506588205, 3801524503, 885312045, 1642278001, 710579068, 1114329745, 691520400, 3367682203, 2009594278]",17.0,0.7118644018615341,0.9545454541115702,0.5675675674141709,17,0.941176470034602,0.4324324323155588,0.592592588058985,1131.875,35.417675256729126,3.765370607376098,0.0042488574981689,10,"[0.10217558724720807, 0.09267626954938686, 0.08649962644652578, 0.10217558724720807, 0.09267626959410337, 0.1147845265005208, 0.10217558724720807, 0.10566851887999663, 0.10849175773845564, 0.09267626954938686]","ablation only -- requires ground truth, not deployable",342.0
K10_b550ff96e0,5,centralized,global_graph,true_dag,20,5000,10,0.5,0.2,2,mild,False,0.07,0.05,0.5,42,4079306462,"[2902331128, 350192150, 1187720387, 1158361899, 857360888, 1218817371, 2816578491, 2064731295, 3590636955, 2646878334]",12.0,0.793103443097503,0.919999999632,0.696969696758494,18,0.8888888883950616,0.484848484701561,0.6274509755786236,0.0,31.026862621307373,31.026862621307373,0.0,1,,,
K10_b550ff96e0,5,local,mean_local_graph,true_dag,20,5000,10,0.5,0.2,2,mild,False,0.07,0.05,0.5,42,4079306462,"[2902331128, 350192150, 1187720387, 1158361899, 857360888, 1218817371, 2816578491, 2064731295, 3590636955, 2646878334]",14.6,0.7381933317822964,0.903816111027674,0.6242424240532598,0,0.0,0.0,0.4339178045836239,983.125,23.384713411331177,2.5958712100982666,0.0091590881347656,10,,,
K10_b550ff96e0,5,naive,global_graph,true_dag,20,5000,10,0.5,0.2,2,mild,False,0.07,0.05,0.5,42,4079306462,"[2902331128, 350192150, 1187720387, 1158361899, 857360888, 1218817371, 2816578491, 2064731295, 3590636955, 2646878334]",13.0,0.7636363585586777,0.9545454541115702,0.6363636361707988,0,0.0,0.0,0.0,983.125,23.3760027885437,2.587160587310791,0.00044846534729,10,"[0.1, 0.1, 0.1, 0.1, 0.1, 0.1, 0.1, 0.1, 0.1, 0.1]","n_oriented=0 / Dir_F1=0 BY CONSTRUCTION (no Sepsets passed to orientation) -- definitional, not independent evidence of a weighting effect; see factorial ablation for that comparison.",
K10_b550ff96e0,5,fedpc_consensus,global_graph,true_dag,20,5000,10,0.5,0.2,2,mild,False,0.07,0.05,0.5,42,4079306462,"[2902331128, 350192150, 1187720387, 1158361899, 857360888, 1218817371, 2816578491, 2064731295, 3590636955, 2646878334]",13.0,0.7636363585586777,0.9545454541115702,0.6363636361707988,10,0.8999999991,0.2727272726446281,0.4186046473985939,983.125,23.38079166412353,2.591949462890625,0.005237340927124,10,"[0.10360272993265555, 0.10367321683856763, 0.10081197661864064, 0.08996982201287237, 0.09738079663584291, 0.10053873643566603, 0.10834011944441661, 0.09658642598854163, 0.09265744738380895, 0.10643872870898767]",,340.0
K10_b550ff96e0,5,fedpc_oracle,global_graph,true_dag,20,5000,10,0.5,0.2,2,mild,False,0.07,0.05,0.5,42,4079306462,"[2902331128, 350192150, 1187720387, 1158361899, 857360888, 1218817371, 2816578491, 2064731295, 3590636955, 2646878334]",13.0,0.7636363585586777,0.9545454541115702,0.6363636361707988,10,0.8999999991,0.2727272726446281,0.4186046473985939,983.125,23.38040399551392,2.591561794281006,0.0048496723175048,10,"[0.09697986185665318, 0.09697986185665318, 0.09079598217582734, 0.09954875362599495, 0.09954875362599495, 0.10313581015047664, 0.10313581015047664, 0.10313581015047664, 0.0935472200307591, 0.1131921363766874]","ablation only -- requires ground truth, not deployable",340.0
K10_b550ff96e0,6,centralized,global_graph,true_dag,20,5000,10,0.5,0.2,2,mild,False,0.07,0.05,0.5,42,3362319069,"[2973794839, 3046473476, 1204255653, 3375312357, 1958090330, 779367357, 1795452240, 2050508440, 3251127779, 707570316]",36.0,0.5135135084331629,0.5757575755831037,0.4634146340333135,29,0.3448275860879904,0.2439024389649018,0.2857142807795919,0.0,98.22676753997804,98.22676753997804,0.0,1,,,
K10_b550ff96e0,6,local,mean_local_graph,true_dag,20,5000,10,0.5,0.2,2,mild,False,0.07,0.05,0.5,42,3362319069,"[2973794839, 3046473476, 1204255653, 3375312357, 1958090330, 779367357, 1795452240, 2050508440, 3251127779, 707570316]",33.5,0.5083635125125923,0.6368203374987854,0.4243902437989292,0,0.0,0.0,0.3122198863905995,999.375,35.51229667663574,4.025483846664429,0.012892723083496,10,,,
K10_b550ff96e0,6,naive,global_graph,true_dag,20,5000,10,0.5,0.2,2,mild,False,0.07,0.05,0.5,42,3362319069,"[2973794839, 3046473476, 1204255653, 3375312357, 1958090330, 779367357, 1795452240, 2050508440, 3251127779, 707570316]",34.0,0.4999999950648789,0.6296296293964334,0.4146341462403331,0,0.0,0.0,0.0,999.375,35.49994349479675,4.01313066482544,0.0005395412445068,10,"[0.1, 0.1, 0.1, 0.1, 0.1, 0.1, 0.1, 0.1, 0.1, 0.1]","n_oriented=0 / Dir_F1=0 BY CONSTRUCTION (no Sepsets passed to orientation) -- definitional, not independent evidence of a weighting effect; see factorial ablation for that comparison.",
K10_b550ff96e0,6,fedpc_consensus,global_graph,true_dag,20,5000,10,0.5,0.2,2,mild,False,0.07,0.05,0.5,42,3362319069,"[2973794839, 3046473476, 1204255653, 3375312357, 1958090330, 779367357, 1795452240, 2050508440, 3251127779, 707570316]",32.0,0.5151515102892563,0.679999999728,0.4146341462403331,22,0.4545454543388429,0.2439024389649018,0.317460312814311,999.375,35.50519037246704,4.018377542495728,0.0057864189147949,10,"[0.09441558594977817, 0.11772126138013393, 0.10754396498340352, 0.10691288331769533, 0.08614017756737223, 0.10062567498257831, 0.09717815054300918, 0.10536981592745871, 0.0919632115409862, 0.09212927380758441]",,338.0
K10_b550ff96e0,6,fedpc_oracle,global_graph,true_dag,20,5000,10,0.5,0.2,2,mild,False,0.07,0.05,0.5,42,3362319069,"[2973794839, 3046473476, 1204255653, 3375312357, 1958090330, 779367357, 1795452240, 2050508440, 3251127779, 707570316]",32.0,0.5151515102892563,0.679999999728,0.4146341462403331,22,0.4545454543388429,0.2439024389649018,0.317460312814311,999.375,35.50517249107361,4.018359661102295,0.0057685375213623,10,"[0.11829922624277504, 0.1017177809096562, 0.09306503950365273, 0.1106578710022726, 0.13412471066727152, 0.10137615966294536, 0.06898506913576626, 0.07460219340711449, 0.1129530668971466, 0.08421888257139913]","ablation only -- requires ground truth, not deployable",338.0
K10_b550ff96e0,7,centralized,global_graph,true_dag,20,5000,10,0.5,0.2,2,mild,False,0.07,0.05,0.5,42,1045656202,"[4166757509, 3956364278, 2297408323, 2775077140, 2403322845, 1996341763, 927024795, 3443066623, 1289466294, 2634358143]",21.0,0.6557376998118786,0.7692307689349113,0.5714285712653061,21,0.6190476187528344,0.371428571322449,0.4642857094323979,0.0,64.04788160324097,64.04788160324097,0.0,1,,,
K10_b550ff96e0,7,local,mean_local_graph,true_dag,20,5000,10,0.5,0.2,2,mild,False,0.07,0.05,0.5,42,1045656202,"[4166757509, 3956364278, 2297408323, 2775077140, 2403322845, 1996341763, 927024795, 3443066623, 1289466294, 2634358143]",26.1,0.5061378444172024,0.7488097691014284,0.382857142747755,0,0.0,0.0,0.3385176568113086,1129.375,33.55262351036072,3.76030945777893,0.1100873947143554,10,,,
K10_b550ff96e0,7,naive,global_graph,true_dag,20,5000,10,0.5,0.2,2,mild,False,0.07,0.05,0.5,42,1045656202,"[4166757509, 3956364278, 2297408323, 2775077140, 2403322845, 1996341763, 927024795, 3443066623, 1289466294, 2634358143]",26.0,0.4999999954068048,0.7647058819031142,0.371428571322449,0,0.0,0.0,0.0,1129.375,33.443002223968506,3.650688171386719,0.0004661083221435,10,"[0.1, 0.1, 0.1, 0.1, 0.1, 0.1, 0.1, 0.1, 0.1, 0.1]","n_oriented=0 / Dir_F1=0 BY CONSTRUCTION (no Sepsets passed to orientation) -- definitional, not independent evidence of a weighting effect; see factorial ablation for that comparison.",
K10_b550ff96e0,7,fedpc_consensus,global_graph,true_dag,20,5000,10,0.5,0.2,2,mild,False,0.07,0.05,0.5,42,1045656202,"[4166757509, 3956364278, 2297408323, 2775077140, 2403322845, 1996341763, 927024795, 3443066623, 1289466294, 2634358143]",26.0,0.4999999954068048,0.7647058819031142,0.371428571322449,14,0.5714285710204081,0.2285714285061224,0.3265306080299875,1129.375,33.448925495147705,3.656611442565918,0.0063893795013427,10,"[0.11989803535367397, 0.1105341500585429, 0.08427975112474927, 0.12006362455073295, 0.08929873667883813, 0.10087601908276332, 0.08684678520851716, 0.09882467863488668, 0.09316350629222135, 0.09621471301507425]",,354.0
K10_b550ff96e0,7,fedpc_oracle,global_graph,true_dag,20,5000,10,0.5,0.2,2,mild,False,0.07,0.05,0.5,42,1045656202,"[4166757509, 3956364278, 2297408323, 2775077140, 2403322845, 1996341763, 927024795, 3443066623, 1289466294, 2634358143]",25.0,0.5098039170626684,0.8124999994921874,0.371428571322449,12,0.5833333328472222,0.1999999999428571,0.2978723364961521,1129.375,33.44905352592468,3.656739473342896,0.0065174102783203,10,"[0.10066047476032736, 0.10037910377563891, 0.09320679761276798, 0.10413127198084178, 0.09682614447836625, 0.13600819227406916, 0.07207051721059018, 0.09320679761276798, 0.12409189061543208, 0.07941880967919822]","ablation only -- requires ground truth, not deployable",354.0
K10_b550ff96e0,8,centralized,global_graph,true_dag,20,5000,10,0.5,0.2,2,mild,False,0.07,0.05,0.5,42,1677218506,"[468996013, 1006832533, 3577233964, 3650459617, 3850542375, 954804086, 477562842, 293392674, 1777042981, 738098756]",37.0,0.5542168624241545,0.6388888887114197,0.48936170202354,32,0.4374999998632812,0.2978723403621548,0.3544303748373658,0.0,77.80955958366394,77.80955958366394,0.0,1,,,
K10_b550ff96e0,8,local,mean_local_graph,true_dag,20,5000,10,0.5,0.2,2,mild,False,0.07,0.05,0.5,42,1677218506,"[468996013, 1006832533, 3577233964, 3650459617, 3850542375, 954804086, 477562842, 293392674, 1777042981, 738098756]",37.0,0.4725875157625475,0.7165509543704285,0.3531914892865549,0,0.0,0.0,0.2814971914139198,1022.5,34.48439884185791,3.911724805831909,0.0102384090423583,10,,,
K10_b550ff96e0,8,naive,global_graph,true_dag,20,5000,10,0.5,0.2,2,mild,False,0.07,0.05,0.5,42,1677218506,"[468996013, 1006832533, 3577233964, 3650459617, 3850542375, 954804086, 477562842, 293392674, 1777042981, 738098756]",37.0,0.4637681114639783,0.7272727269421487,0.3404255318424626,0,0.0,0.0,0.0,1022.5,34.47469687461853,3.902022838592529,0.0005364418029785,10,"[0.1, 0.1, 0.1, 0.1, 0.1, 0.1, 0.1, 0.1, 0.1, 0.1]","n_oriented=0 / Dir_F1=0 BY CONSTRUCTION (no Sepsets passed to orientation) -- definitional, not independent evidence of a weighting effect; see factorial ablation for that comparison.",
K10_b550ff96e0,8,fedpc_consensus,global_graph,true_dag,20,5000,10,0.5,0.2,2,mild,False,0.07,0.05,0.5,42,1677218506,"[468996013, 1006832533, 3577233964, 3650459617, 3850542375, 954804086, 477562842, 293392674, 1777042981, 738098756]",37.0,0.4637681114639783,0.7272727269421487,0.3404255318424626,17,0.5294117643944637,0.1914893616613852,0.2812499960107422,1022.5,34.47957420349121,3.90690016746521,0.0054137706756591,10,"[0.09809582508061966, 0.0923515393480946, 0.11283867108680046, 0.08549245709843263, 0.10517414896501392, 0.09617318198462023, 0.09409712668594572, 0.1046575654321344, 0.11568343105897406, 0.0954360532593643]",,340.0
K10_b550ff96e0,8,fedpc_oracle,global_graph,true_dag,20,5000,10,0.5,0.2,2,mild,False,0.07,0.05,0.5,42,1677218506,"[468996013, 1006832533, 3577233964, 3650459617, 3850542375, 954804086, 477562842, 293392674, 1777042981, 738098756]",36.0,0.4705882308866783,0.7619047615419501,0.3404255318424626,16,0.5624999996484374,0.1914893616613852,0.2857142818342151,1022.5,34.479955434799194,3.907281398773194,0.0057950019836425,10,"[0.10219985093880278, 0.0755626816259018, 0.09585414569325261, 0.11787400719945744, 0.10821034428075774, 0.09408134547658437, 0.09313501783437936, 0.10219985093880278, 0.08674287443535778, 0.12413988157670344]","ablation only -- requires ground truth, not deployable",340.0
K10_b550ff96e0,9,centralized,global_graph,true_dag,20,5000,10,0.5,0.2,2,mild,False,0.07,0.05,0.5,42,324037438,"[1235654551, 4165272842, 1967801052, 600231168, 3308583944, 1851218964, 207094044, 3554477445, 2161005547, 3038843157]",16.0,0.7714285662081632,0.7714285712081632,0.7714285712081632,35,0.657142856955102,0.657142856955102,0.657142851955102,0.0,66.30159211158752,66.30159211158752,0.0,1,,,
K10_b550ff96e0,9,local,mean_local_graph,true_dag,20,5000,10,0.5,0.2,2,mild,False,0.07,0.05,0.5,42,324037438,"[1235654551, 4165272842, 1967801052, 600231168, 3308583944, 1851218964, 207094044, 3554477445, 2161005547, 3038843157]",17.8,0.6939819984894052,0.8714600033874248,0.5771428569779593,0,0.0,0.0,0.4409168750357133,1189.375,36.70577001571655,4.392286062240601,0.0099775791168212,10,,,
K10_b550ff96e0,9,naive,global_graph,true_dag,20,5000,10,0.5,0.2,2,mild,False,0.07,0.05,0.5,42,324037438,"[1235654551, 4165272842, 1967801052, 600231168, 3308583944, 1851218964, 207094044, 3554477445, 2161005547, 3038843157]",17.0,0.7017543809787626,0.909090908677686,0.5714285712653061,0,0.0,0.0,0.0,1189.375,36.69634985923767,4.382865905761719,0.0005574226379394,10,"[0.1, 0.1, 0.1, 0.1, 0.1, 0.1, 0.1, 0.1, 0.1, 0.1]","n_oriented=0 / Dir_F1=0 BY CONSTRUCTION (no Sepsets passed to orientation) -- definitional, not independent evidence of a weighting effect; see factorial ablation for that comparison.",
K10_b550ff96e0,9,fedpc_consensus,global_graph,true_dag,20,5000,10,0.5,0.2,2,mild,False,0.07,0.05,0.5,42,324037438,"[1235654551, 4165272842, 1967801052, 600231168, 3308583944, 1851218964, 207094044, 3554477445, 2161005547, 3038843157]",17.0,0.7017543809787626,0.909090908677686,0.5714285712653061,16,0.6874999995703125,0.3142857141959184,0.431372544544406,1189.375,36.70226812362671,4.388784170150757,0.0064756870269775,10,"[0.09185287201797178, 0.0993226886645759, 0.10317434495864074, 0.10817780152347706, 0.11228060853219561, 0.09377189245747919, 0.09729004118431679, 0.08913513515013172, 0.09856025616991101, 0.10643435934130019]",,340.0
K10_b550ff96e0,9,fedpc_oracle,global_graph,true_dag,20,5000,10,0.5,0.2,2,mild,False,0.07,0.05,0.5,42,324037438,"[1235654551, 4165272842, 1967801052, 600231168, 3308583944, 1851218964, 207094044, 3554477445, 2161005547, 3038843157]",17.0,0.7017543809787626,0.909090908677686,0.5714285712653061,16,0.6874999995703125,0.3142857141959184,0.431372544544406,1189.375,36.70216083526611,4.388676881790161,0.0063683986663818,10,"[0.08600476385421722, 0.10506399145109273, 0.10506399145109273, 0.0986105392619061, 0.10210090926314425, 0.10210090926314425, 0.10506399145109273, 0.10159104281245959, 0.08568174158374511, 0.10871811960810542]","ablation only -- requires ground truth, not deployable",340.0
K10_b550ff96e0,10,centralized,global_graph,true_dag,20,5000,10,0.5,0.2,2,mild,False,0.07,0.05,0.5,42,1995271694,"[1073091109, 3419267428, 175471059, 1889436968, 2329903507, 1688019701, 744884370, 2082427479, 1942598158, 2352522104]",35.0,0.5333333283413334,0.6451612901144641,0.4545454544421488,25,0.439999999824,0.2499999999431818,0.3188405749968494,0.0,62.000489473342896,62.000489473342896,0.0,1,,,
K10_b550ff96e0,10,local,mean_local_graph,true_dag,20,5000,10,0.5,0.2,2,mild,False,0.07,0.05,0.5,42,1995271694,"[1073091109, 3419267428, 175471059, 1889436968, 2329903507, 1688019701, 744884370, 2082427479, 1942598158, 2352522104]",33.5,0.521852357421202,0.7018521524080307,0.415909090814566,0,0.0,0.0,0.2674324880648141,906.25,27.97382664680481,3.158309936523437,0.0128557682037353,10,,,
K10_b550ff96e0,10,naive,global_graph,true_dag,20,5000,10,0.5,0.2,2,mild,False,0.07,0.05,0.5,42,1995271694,"[1073091109, 3419267428, 175471059, 1889436968, 2329903507, 1688019701, 744884370, 2082427479, 1942598158, 2352522104]",31.0,0.5633802768180917,0.7407407404663923,0.4545454544421488,0,0.0,0.0,0.0,906.25,27.96153688430786,3.1460201740264893,0.0005660057067871,10,"[0.1, 0.1, 0.1, 0.1, 0.1, 0.1, 0.1, 0.1, 0.1, 0.1]","n_oriented=0 / Dir_F1=0 BY CONSTRUCTION (no Sepsets passed to orientation) -- definitional, not independent evidence of a weighting effect; see factorial ablation for that comparison.",
K10_b550ff96e0,10,fedpc_consensus,global_graph,true_dag,20,5000,10,0.5,0.2,2,mild,False,0.07,0.05,0.5,42,1995271694,"[1073091109, 3419267428, 175471059, 1889436968, 2329903507, 1688019701, 744884370, 2082427479, 1942598158, 2352522104]",31.0,0.5633802768180917,0.7407407404663923,0.4545454544421488,22,0.4090909089049586,0.2045454544989669,0.2727272682001837,906.25,27.96775507926941,3.152238368988037,0.0067842006683349,10,"[0.09750336839805977, 0.10909242739057172, 0.0932689839093228, 0.10715899829853007, 0.10484384143947287, 0.10534991431329462, 0.09977494095365282, 0.10807077809829367, 0.08831902263636374, 0.08661772456243781]",,336.0
K10_b550ff96e0,10,fedpc_oracle,global_graph,true_dag,20,5000,10,0.5,0.2,2,mild,False,0.07,0.05,0.5,42,1995271694,"[1073091109, 3419267428, 175471059, 1889436968, 2329903507, 1688019701, 744884370, 2082427479, 1942598158, 2352522104]",31.0,0.5633802768180917,0.7407407404663923,0.4545454544421488,22,0.4090909089049586,0.2045454544989669,0.2727272682001837,906.25,27.96949315071106,3.1539764404296875,0.0085222721099853,10,"[0.08624557222798093, 0.1160321502021665, 0.12439663802955823, 0.10471901546523425, 0.10246185894629256, 0.08339219502149078, 0.09398604148902027, 0.10773235860662288, 0.09951347102593647, 0.08152069898569707]","ablation only -- requires ground truth, not deployable",336.0
K10_b550ff96e0,11,centralized,global_graph,true_dag,20,5000,10,0.5,0.2,2,mild,False,0.07,0.05,0.5,42,4199794308,"[538229451, 3665421072, 2659832081, 4253240579, 2345979062, 3354787500, 878460566, 979005668, 962064232, 3929389151]",24.0,0.6363636311753903,0.6562499997949218,0.6176470586418685,25,0.559999999776,0.4117647057612457,0.4745762661419133,0.0,64.75221347808838,64.75221347808838,0.0,1,,,
K10_b550ff96e0,11,local,mean_local_graph,true_dag,20,5000,10,0.5,0.2,2,mild,False,0.07,0.05,0.5,42,4199794308,"[538229451, 3665421072, 2659832081, 4253240579, 2345979062, 3354787500, 878460566, 979005668, 962064232, 3929389151]",21.2,0.6147232775063657,0.814926377631741,0.4970588233832179,0,0.0,0.0,0.3690981161386825,849.375,26.157219409942627,2.8377974033355717,0.0084786415100097,10,,,
K10_b550ff96e0,11,naive,global_graph,true_dag,20,5000,10,0.5,0.2,2,mild,False,0.07,0.05,0.5,42,4199794308,"[538229451, 3665421072, 2659832081, 4253240579, 2345979062, 3354787500, 878460566, 979005668, 962064232, 3929389151]",21.0,0.6037735800783198,0.8421052627146814,0.4705882351557093,0,0.0,0.0,0.0,849.375,26.1491916179657,2.8297696113586426,0.000450849533081,10,"[0.1, 0.1, 0.1, 0.1, 0.1, 0.1, 0.1, 0.1, 0.1, 0.1]","n_oriented=0 / Dir_F1=0 BY CONSTRUCTION (no Sepsets passed to orientation) -- definitional, not independent evidence of a weighting effect; see factorial ablation for that comparison.",
K10_b550ff96e0,11,fedpc_consensus,global_graph,true_dag,20,5000,10,0.5,0.2,2,mild,False,0.07,0.05,0.5,42,4199794308,"[538229451, 3665421072, 2659832081, 4253240579, 2345979062, 3354787500, 878460566, 979005668, 962064232, 3929389151]",21.0,0.6037735800783198,0.8421052627146814,0.4705882351557093,12,0.749999999375,0.2647058822750865,0.391304343799622,849.375,26.15501117706299,2.8355891704559326,0.006270408630371,10,"[0.08564334510148224, 0.11758856930020913, 0.10917089840905876, 0.10836000279138336, 0.09322809508475963, 0.1158194006561591, 0.09623914472403527, 0.11257014638366851, 0.06754520459988628, 0.09383519294935766]",,348.0
K10_b550ff96e0,11,fedpc_oracle,global_graph,true_dag,20,5000,10,0.5,0.2,2,mild,False,0.07,0.05,0.5,42,4199794308,"[538229451, 3665421072, 2659832081, 4253240579, 2345979062, 3354787500, 878460566, 979005668, 962064232, 3929389151]",21.0,0.6037735800783198,0.8421052627146814,0.4705882351557093,12,0.749999999375,0.2647058822750865,0.391304343799622,849.375,26.15436029434204,2.8349382877349854,0.0056195259094238,10,"[0.096086461447684, 0.10092727817375056, 0.09396891850369232, 0.087904666002058, 0.11315030503820415, 0.09274458088308957, 0.1039766237097281, 0.11315030503820415, 0.08940270999244702, 0.1086881512111421]","ablation only -- requires ground truth, not deployable",348.0
K10_b550ff96e0,12,centralized,global_graph,true_dag,20,5000,10,0.5,0.2,2,mild,False,0.07,0.05,0.5,42,3251009380,"[1015787705, 2693765550, 3282521568, 3100904451, 2249344335, 4053772189, 2652230587, 1563174517, 1375610138, 3139262010]",36.0,0.4705882310034602,0.7999999996,0.3333333332638888,18,0.4444444441975308,0.1666666666319444,0.2424242383838384,0.0,157.18818140029907,157.18818140029907,0.0,1,,,
K10_b550ff96e0,12,local,mean_local_graph,true_dag,20,5000,10,0.5,0.2,2,mild,False,0.07,0.05,0.5,42,3251009380,"[1015787705, 2693765550, 3282521568, 3100904451, 2249344335, 4053772189, 2652230587, 1563174517, 1375610138, 3139262010]",37.1,0.4502065506387416,0.7847068781464044,0.3166666666006944,0,0.0,0.0,0.2949453641426289,1426.25,59.4601640701294,6.61313533782959,0.0098097324371337,10,,,
K10_b550ff96e0,12,naive,global_graph,true_dag,20,5000,10,0.5,0.2,2,mild,False,0.07,0.05,0.5,42,3251009380,"[1015787705, 2693765550, 3282521568, 3100904451, 2249344335, 4053772189, 2652230587, 1563174517, 1375610138, 3139262010]",37.0,0.447761189832925,0.7894736837950138,0.3124999999348958,0,0.0,0.0,0.0,1426.25,59.45100712776184,6.603978395462036,0.00065279006958,10,"[0.1, 0.1, 0.1, 0.1, 0.1, 0.1, 0.1, 0.1, 0.1, 0.1]","n_oriented=0 / Dir_F1=0 BY CONSTRUCTION (no Sepsets passed to orientation) -- definitional, not independent evidence of a weighting effect; see factorial ablation for that comparison.",
K10_b550ff96e0,12,fedpc_consensus,global_graph,true_dag,20,5000,10,0.5,0.2,2,mild,False,0.07,0.05,0.5,42,3251009380,"[1015787705, 2693765550, 3282521568, 3100904451, 2249344335, 4053772189, 2652230587, 1563174517, 1375610138, 3139262010]",36.0,0.4545454504407715,0.8333333328703704,0.3124999999348958,16,0.624999999609375,0.2083333332899305,0.3124999961523437,1426.25,59.45643496513367,6.609406232833862,0.0060806274414062,10,"[0.1116542201546789, 0.1170239566969249, 0.1112187960974852, 0.09483465611548773, 0.08767643229937072, 0.09208286321313273, 0.09577149887934948, 0.08400126438076044, 0.11307177650830298, 0.09266453565450684]",,346.0
K10_b550ff96e0,12,fedpc_oracle,global_graph,true_dag,20,5000,10,0.5,0.2,2,mild,False,0.07,0.05,0.5,42,3251009380,"[1015787705, 2693765550, 3282521568, 3100904451, 2249344335, 4053772189, 2652230587, 1563174517, 1375610138, 3139262010]",37.0,0.447761189832925,0.7894736837950138,0.3124999999348958,18,0.611111110771605,0.2291666666189236,0.3333333292653811,1426.25,59.45531916618347,6.608290433883667,0.0049648284912109,10,"[0.09115869733262616, 0.09849216069527318, 0.105659982903463, 0.09286521923569348, 0.11265485101390459, 0.10794221442845718, 0.07623731367473557, 0.12650770889649318, 0.0956166325836602, 0.09286521923569348]","ablation only -- requires ground truth, not deployable",346.0
K10_b550ff96e0,13,centralized,global_graph,true_dag,20,5000,10,0.5,0.2,2,mild,False,0.07,0.05,0.5,42,418566482,"[2043710726, 3083096853, 920234121, 4040022293, 868012374, 1139885903, 2293412144, 910968450, 39670386, 1750229792]",29.0,0.6506024045405719,0.7297297295325055,0.5869565216115312,33,0.5454545452892562,0.3913043477410208,0.4556961975516744,0.0,94.30358004570007,94.30358004570007,0.0,1,,,
K10_b550ff96e0,13,local,mean_local_graph,true_dag,20,5000,10,0.5,0.2,2,mild,False,0.07,0.05,0.5,42,418566482,"[2043710726, 3083096853, 920234121, 4040022293, 868012374, 1139885903, 2293412144, 910968450, 39670386, 1750229792]",29.9,0.5657323987544632,0.8517610574096939,0.4239130433861058,0,0.0,0.0,0.3481582869122666,976.875,34.3534882068634,3.946082830429077,0.0096197128295898,10,,,
K10_b550ff96e0,13,naive,global_graph,true_dag,20,5000,10,0.5,0.2,2,mild,False,0.07,0.05,0.5,42,418566482,"[2043710726, 3083096853, 920234121, 4040022293, 868012374, 1139885903, 2293412144, 910968450, 39670386, 1750229792]",28.0,0.599999995322449,0.8749999996354166,0.4565217390311909,0,0.0,0.0,0.0,976.875,34.344237327575684,3.936831951141357,0.0003688335418701,10,"[0.1, 0.1, 0.1, 0.1, 0.1, 0.1, 0.1, 0.1, 0.1, 0.1]","n_oriented=0 / Dir_F1=0 BY CONSTRUCTION (no Sepsets passed to orientation) -- definitional, not independent evidence of a weighting effect; see factorial ablation for that comparison.",
K10_b550ff96e0,13,fedpc_consensus,global_graph,true_dag,20,5000,10,0.5,0.2,2,mild,False,0.07,0.05,0.5,42,418566482,"[2043710726, 3083096853, 920234121, 4040022293, 868012374, 1139885903, 2293412144, 910968450, 39670386, 1750229792]",29.0,0.5797101403150599,0.8695652170132325,0.4347826086011342,17,0.6470588231487889,0.2391304347306238,0.3492063451549508,976.875,34.35011148452759,3.9427061080932617,0.0062429904937744,10,"[0.08996448050517161, 0.09344329888091231, 0.10537164978294593, 0.11037932438062902, 0.09828807862175644, 0.10937182882707719, 0.09213446959954225, 0.10551329040016966, 0.11056136049191181, 0.0849722185098838]",,342.0
K10_b550ff96e0,13,fedpc_oracle,global_graph,true_dag,20,5000,10,0.5,0.2,2,mild,False,0.07,0.05,0.5,42,418566482,"[2043710726, 3083096853, 920234121, 4040022293, 868012374, 1139885903, 2293412144, 910968450, 39670386, 1750229792]",27.0,0.6086956475530352,0.913043477863894,0.4565217390311909,17,0.6470588231487889,0.2391304347306238,0.3492063451549508,976.875,34.34984588623047,3.942440509796143,0.0059773921966552,10,"[0.08736399896089785, 0.11971097975457361, 0.09734075201337167, 0.09734075201337167, 0.09185788508084843, 0.09734075201337167, 0.0899913413678131, 0.10178159020176993, 0.11549035839221214, 0.10178159020176993]","ablation only -- requires ground truth, not deployable",342.0
K10_b550ff96e0,14,centralized,global_graph,true_dag,20,5000,10,0.5,0.2,2,mild,False,0.07,0.05,0.5,42,1561184345,"[3784457359, 2922518724, 4000978882, 3055210698, 1687048151, 4079979440, 2947855397, 2551858084, 2633291898, 399325127]",23.0,0.6461538412213018,0.839999999664,0.52499999986875,19,0.5263157891966759,0.2499999999375,0.3389830463659868,0.0,74.09685683250427,74.09685683250427,0.0,1,,,
K10_b550ff96e0,14,local,mean_local_graph,true_dag,20,5000,10,0.5,0.2,2,mild,False,0.07,0.05,0.5,42,1561184345,"[3784457359, 2922518724, 4000978882, 3055210698, 1687048151, 4079979440, 2947855397, 2551858084, 2633291898, 399325127]",27.4,0.5416778272569884,0.8197197535138896,0.40499999989875,0,0.0,0.0,0.339625476909236,1220.625,34.83160161972046,3.846489906311035,0.0068097114562988,10,,,
K10_b550ff96e0,14,naive,global_graph,true_dag,20,5000,10,0.5,0.2,2,mild,False,0.07,0.05,0.5,42,1561184345,"[3784457359, 2922518724, 4000978882, 3055210698, 1687048151, 4079979440, 2947855397, 2551858084, 2633291898, 399325127]",28.0,0.5172413748513675,0.8333333328703704,0.37499999990625,0,0.0,0.0,0.0,1220.625,34.82527709007263,3.840165376663208,0.0004851818084716,10,"[0.1, 0.1, 0.1, 0.1, 0.1, 0.1, 0.1, 0.1, 0.1, 0.1]","n_oriented=0 / Dir_F1=0 BY CONSTRUCTION (no Sepsets passed to orientation) -- definitional, not independent evidence of a weighting effect; see factorial ablation for that comparison.",
K10_b550ff96e0,14,fedpc_consensus,global_graph,true_dag,20,5000,10,0.5,0.2,2,mild,False,0.07,0.05,0.5,42,1561184345,"[3784457359, 2922518724, 4000978882, 3055210698, 1687048151, 4079979440, 2947855397, 2551858084, 2633291898, 399325127]",28.0,0.5172413748513675,0.8333333328703704,0.37499999990625,12,0.666666666111111,0.19999999995,0.3076923040236686,1220.625,34.83129358291626,3.846181869506836,0.0065016746520996,10,"[0.11158396733757685, 0.10470588915359245, 0.10794867969146259, 0.10080124519878407, 0.10963724804445579, 0.11158396733757685, 0.08165080057985614, 0.08560385305543168, 0.08081753294755986, 0.1056668166537038]",,344.0
K10_b550ff96e0,14,fedpc_oracle,global_graph,true_dag,20,5000,10,0.5,0.2,2,mild,False,0.07,0.05,0.5,42,1561184345,"[3784457359, 2922518724, 4000978882, 3055210698, 1687048151, 4079979440, 2947855397, 2551858084, 2633291898, 399325127]",28.0,0.5172413748513675,0.8333333328703704,0.37499999990625,12,0.666666666111111,0.19999999995,0.3076923040236686,1220.625,34.830289125442505,3.845177412033081,0.0054972171783447,10,"[0.09106743159341026, 0.10013190979035405, 0.10930295407906827, 0.10930295407906827, 0.10013190979035405, 0.09106743159341026, 0.09682199382978747, 0.09067616478146098, 0.10574862523154323, 0.10574862523154323]","ablation only -- requires ground truth, not deployable",344.0
N100_4b32254537,0,centralized,global_graph,true_dag,20,100,5,0.5,0.2,2,mild,False,0.07,0.05,0.5,42,2590982927,"[2928774579, 3178074229, 1066798799, 556616380, 2311731453]",35.0,0.3859649082671591,0.7333333328444444,0.2619047618424036,6,0.4999999991666666,0.0714285714115646,0.1249999977604167,0.0,2.562267303466797,2.562267303466797,0.0,1,,,
N100_4b32254537,0,local,mean_local_graph,true_dag,20,100,5,0.5,0.2,2,mild,False,0.07,0.05,0.5,42,2590982927,"[2928774579, 3178074229, 1066798799, 556616380, 2311731453]",36.8,0.2802714901607144,0.7716666658341202,0.171428571387755,0,0.0,0.0,0.1431159400210631,422.5,5.03590989112854,1.193753004074097,0.0023598670959472,5,,,
N100_4b32254537,0,naive,global_graph,true_dag,20,100,5,0.5,0.2,2,mild,False,0.07,0.05,0.5,42,2590982927,"[2928774579, 3178074229, 1066798799, 556616380, 2311731453]",34.0,0.319999997184,0.99999999875,0.190476190430839,0,0.0,0.0,0.0,422.5,5.033816337585449,1.191659450531006,0.0002663135528564,5,"[0.2, 0.2, 0.2, 0.2, 0.2]","n_oriented=0 / Dir_F1=0 BY CONSTRUCTION (no Sepsets passed to orientation) -- definitional, not independent evidence of a weighting effect; see factorial ablation for that comparison.",
N100_4b32254537,0,fedpc_consensus,global_graph,true_dag,20,100,5,0.5,0.2,2,mild,False,0.07,0.05,0.5,42,2590982927,"[2928774579, 3178074229, 1066798799, 556616380, 2311731453]",33.0,0.3529411734256055,0.9999999988888888,0.2142857142346938,2,0.999999995,0.0476190476077097,0.09090909,422.5,5.036947011947632,1.1947901248931885,0.003396987915039,5,"[0.24745103945041147, 0.1504783907103125, 0.12497079226174866, 0.2736037961679447, 0.20349598140958272]",,372.0
N100_4b32254537,0,fedpc_oracle,global_graph,true_dag,20,100,5,0.5,0.2,2,mild,False,0.07,0.05,0.5,42,2590982927,"[2928774579, 3178074229, 1066798799, 556616380, 2311731453]",33.0,0.3529411734256055,0.9999999988888888,0.2142857142346938,4,0.9999999975,0.0952380952154195,0.1739130418147448,422.5,5.037067174911499,1.1949102878570557,0.0035171508789062,5,"[0.2863291505451977, 0.13229681196649326, 0.09558444643648017, 0.3534927790853355, 0.13229681196649326]","ablation only -- requires ground truth, not deployable",368.0
N100_4b32254537,1,centralized,global_graph,true_dag,20,100,5,0.5,0.2,2,mild,False,0.07,0.05,0.5,42,451256994,"[2967127080, 3414842999, 1308205382, 691368554, 599075468]",23.0,0.6461538413822485,0.913043477863894,0.4999999998809524,19,0.8421052627146814,0.380952380861678,0.5245901594732599,0.0,1.792452335357666,1.792452335357666,0.0,1,,,
N100_4b32254537,1,local,mean_local_graph,true_dag,20,100,5,0.5,0.2,2,mild,False,0.07,0.05,0.5,42,451256994,"[2967127080, 3414842999, 1308205382, 691368554, 599075468]",32.4,0.3976913217064741,0.898333332564514,0.2571428570816326,0,0.0,0.0,0.1392932448457568,268.125,3.2497949600219727,0.7705464363098145,0.0028011798858642,5,,,
N100_4b32254537,1,naive,global_graph,true_dag,20,100,5,0.5,0.2,2,mild,False,0.07,0.05,0.5,42,451256994,"[2967127080, 3414842999, 1308205382, 691368554, 599075468]",30.0,0.464285710369898,0.9285714279081632,0.3095238094501134,0,0.0,0.0,0.0,268.125,3.247313499450684,0.7680649757385254,0.0003197193145751,5,"[0.2, 0.2, 0.2, 0.2, 0.2]","n_oriented=0 / Dir_F1=0 BY CONSTRUCTION (no Sepsets passed to orientation) -- definitional, not independent evidence of a weighting effect; see factorial ablation for that comparison.",
N100_4b32254537,1,fedpc_consensus,global_graph,true_dag,20,100,5,0.5,0.2,2,mild,False,0.07,0.05,0.5,42,451256994,"[2967127080, 3414842999, 1308205382, 691368554, 599075468]",30.0,0.464285710369898,0.9285714279081632,0.3095238094501134,8,0.7499999990624999,0.1428571428231292,0.239999997216,268.125,3.2506020069122314,0.7713534832000732,0.003608226776123,5,"[0.2533777846635573, 0.2351380156254983, 0.21259453273108322, 0.1269603620067541, 0.17192930497310707]",,368.0
N100_4b32254537,1,fedpc_oracle,global_graph,true_dag,20,100,5,0.5,0.2,2,mild,False,0.07,0.05,0.5,42,451256994,"[2967127080, 3414842999, 1308205382, 691368554, 599075468]",30.0,0.464285710369898,0.9285714279081632,0.3095238094501134,6,0.8333333319444445,0.1190476190192743,0.2083333310590277,268.125,3.250075578689575,0.770827054977417,0.0030817985534667,5,"[0.2046455957552114, 0.2873456561708628, 0.24354517215226223, 0.1167287506053329, 0.14773482531633084]","ablation only -- requires ground truth, not deployable",368.0
N100_4b32254537,2,centralized,global_graph,true_dag,20,100,5,0.5,0.2,2,mild,False,0.07,0.05,0.5,42,728334199,"[3305225653, 1389700664, 4245015791, 2106507973, 2772705108]",26.0,0.5937499955175782,0.949999999525,0.4318181817200413,13,0.7692307686390532,0.2272727272210744,0.3508771893382579,0.0,2.2314541339874268,2.2314541339874268,0.0,1,,,
N100_4b32254537,2,local,mean_local_graph,true_dag,20,100,5,0.5,0.2,2,mild,False,0.07,0.05,0.5,42,728334199,"[3305225653, 1389700664, 4245015791, 2106507973, 2772705108]",34.4,0.4061412113138011,0.8416666660612598,0.2681818181208678,0,0.0,0.0,0.1240251358863865,297.5,3.305572748184204,0.724602460861206,0.0034193992614746,5,,,
N100_4b32254537,2,naive,global_graph,true_dag,20,100,5,0.5,0.2,2,mild,False,0.07,0.05,0.5,42,728334199,"[3305225653, 1389700664, 4245015791, 2106507973, 2772705108]",34.0,0.4137930996432818,0.8571428565306122,0.2727272726652892,0,0.0,0.0,0.0,297.5,3.3024721145629883,0.7215018272399902,0.0003187656402587,5,"[0.2, 0.2, 0.2, 0.2, 0.2]","n_oriented=0 / Dir_F1=0 BY CONSTRUCTION (no Sepsets passed to orientation) -- definitional, not independent evidence of a weighting effect; see factorial ablation for that comparison.",
N100_4b32254537,2,fedpc_consensus,global_graph,true_dag,20,100,5,0.5,0.2,2,mild,False,0.07,0.05,0.5,42,728334199,"[3305225653, 1389700664, 4245015791, 2106507973, 2772705108]",34.0,0.4137930996432818,0.8571428565306122,0.2727272726652892,4,0.49999999875,0.0454545454442148,0.0833333317708333,297.5,3.304687023162842,0.7237167358398438,0.0025336742401123,5,"[0.22489047604923884, 0.2346474781713468, 0.14925500336953576, 0.17172880750788802, 0.21947823490199048]",,358.0
N100_4b32254537,2,fedpc_oracle,global_graph,true_dag,20,100,5,0.5,0.2,2,mild,False,0.07,0.05,0.5,42,728334199,"[3305225653, 1389700664, 4245015791, 2106507973, 2772705108]",32.0,0.4482758582520809,0.9285714279081632,0.2954545453873967,6,0.4999999991666666,0.0681818181663223,0.11999999784,297.5,3.3050341606140137,0.7240638732910156,0.0028808116912841,5,"[0.15249804720021812, 0.20471366893034404, 0.14216226958722958, 0.26037177750209844, 0.24025423678010985]","ablation only -- requires ground truth, not deployable",360.0
N100_4b32254537,3,centralized,global_graph,true_dag,20,100,5,0.5,0.2,2,mild,False,0.07,0.05,0.5,42,3398012028,"[2294347127, 3960232528, 669492706, 177381831, 298437554]",21.0,0.5882352893194925,0.8333333328703704,0.4545454544077135,14,0.6428571423979591,0.2727272726446281,0.3829787190583975,0.0,1.7583377361297607,1.7583377361297607,0.0,1,,,
N100_4b32254537,3,local,mean_local_graph,true_dag,20,100,5,0.5,0.2,2,mild,False,0.07,0.05,0.5,42,3398012028,"[2294347127, 3960232528, 669492706, 177381831, 298437554]",25.4,0.4182375208570849,0.8436363628538995,0.2787878787033976,0,0.0,0.0,0.0942895688363102,326.25,3.595494508743286,0.8385357856750488,0.0016820430755615,5,,,
N100_4b32254537,3,naive,global_graph,true_dag,20,100,5,0.5,0.2,2,mild,False,0.07,0.05,0.5,42,3398012028,"[2294347127, 3960232528, 669492706, 177381831, 298437554]",24.0,0.428571425,0.9999999988888888,0.2727272726446281,0,0.0,0.0,0.0,326.25,3.594050645828247,0.8370919227600098,0.0002381801605224,5,"[0.2, 0.2, 0.2, 0.2, 0.2]","n_oriented=0 / Dir_F1=0 BY CONSTRUCTION (no Sepsets passed to orientation) -- definitional, not independent evidence of a weighting effect; see factorial ablation for that comparison.",
N100_4b32254537,3,fedpc_consensus,global_graph,true_dag,20,100,5,0.5,0.2,2,mild,False,0.07,0.05,0.5,42,3398012028,"[2294347127, 3960232528, 669492706, 177381831, 298437554]",23.0,0.4651162752839373,0.999999999,0.3030303029384756,4,0.9999999975,0.1212121211753902,0.2162162141709277,326.25,3.597066879272461,0.8401081562042236,0.0032544136047363,5,"[0.2758535082787466, 0.16596957169379709, 0.1804818687231328, 0.1304702397945876, 0.24722481150973585]",,372.0
N100_4b32254537,3,fedpc_oracle,global_graph,true_dag,20,100,5,0.5,0.2,2,mild,False,0.07,0.05,0.5,42,3398012028,"[2294347127, 3960232528, 669492706, 177381831, 298437554]",22.0,0.4999999960227273,0.999999999090909,0.3333333332323232,4,0.9999999975,0.1212121211753902,0.2162162141709277,326.25,3.59680438041687,0.8398456573486328,0.0029919147491455,5,"[0.3138894102076316, 0.1846795738617916, 0.1933692025128111, 0.0900830569685371, 0.21797875644922862]","ablation only -- requires ground truth, not deployable",372.0
N100_4b32254537,4,centralized,global_graph,true_dag,20,100,5,0.5,0.2,2,mild,False,0.07,0.05,0.5,42,591466725,"[1245549968, 812780214, 3642069626, 4038695846, 1683810941]",28.0,0.548387092226847,0.8499999995749999,0.4047619046655328,18,0.6666666662962962,0.2857142856462585,0.3999999956666666,0.0,2.1522040367126465,2.1522040367126465,0.0,1,,,
N100_4b32254537,4,local,mean_local_graph,true_dag,20,100,5,0.5,0.2,2,mild,False,0.07,0.05,0.5,42,591466725,"[1245549968, 812780214, 3642069626, 4038695846, 1683810941]",36.0,0.2914992428782022,0.8488888879079012,0.176190476148526,0,0.0,0.0,0.0779644254238982,329.375,3.880310535430908,0.9431431293487548,0.0019569396972656,5,,,
N100_4b32254537,4,naive,global_graph,true_dag,20,100,5,0.5,0.2,2,mild,False,0.07,0.05,0.5,42,591466725,"[1245549968, 812780214, 3642069626, 4038695846, 1683810941]",37.0,0.2448979566347355,0.8571428559183674,0.1428571428231292,0,0.0,0.0,0.0,329.375,3.878605842590332,0.9414384365081788,0.0002522468566894,5,"[0.2, 0.2, 0.2, 0.2, 0.2]","n_oriented=0 / Dir_F1=0 BY CONSTRUCTION (no Sepsets passed to orientation) -- definitional, not independent evidence of a weighting effect; see factorial ablation for that comparison.",
N100_4b32254537,4,fedpc_consensus,global_graph,true_dag,20,100,5,0.5,0.2,2,mild,False,0.07,0.05,0.5,42,591466725,"[1245549968, 812780214, 3642069626, 4038695846, 1683810941]",37.0,0.2448979566347355,0.8571428559183674,0.1428571428231292,0,0.0,0.0,0.0,329.375,3.882106065750122,0.9449386596679688,0.0037524700164794,5,"[0.23867820078870305, 0.17733247044691616, 0.21287941783102013, 0.17071332461135194, 0.20039658632200869]",,374.0
N100_4b32254537,4,fedpc_oracle,global_graph,true_dag,20,100,5,0.5,0.2,2,mild,False,0.07,0.05,0.5,42,591466725,"[1245549968, 812780214, 3642069626, 4038695846, 1683810941]",37.0,0.2448979566347355,0.8571428559183674,0.1428571428231292,0,0.0,0.0,0.0,329.375,3.881743669509888,0.9445762634277344,0.0033900737762451,5,"[0.17516682720168342, 0.12869399504090026, 0.22007434754587313, 0.23803241510577156, 0.23803241510577156]","ablation only -- requires ground truth, not deployable",374.0
N100_4b32254537,5,centralized,global_graph,true_dag,20,100,5,0.5,0.2,2,mild,False,0.07,0.05,0.5,42,1515967511,"[3945006524, 4103555342, 8789729, 2658197511, 3895012141]",24.0,0.519999995592,0.8666666660888889,0.371428571322449,7,0.7142857132653061,0.1428571428163265,0.2380952352040816,0.0,1.8737943172454836,1.8737943172454836,0.0,1,,,
N100_4b32254537,5,local,mean_local_graph,true_dag,20,100,5,0.5,0.2,2,mild,False,0.07,0.05,0.5,42,1515967511,"[3945006524, 4103555342, 8789729, 2658197511, 3895012141]",32.2,0.2905184415766216,0.6433333326913887,0.188571428517551,0,0.0,0.0,0.058729556921628,353.75,4.107776403427124,1.0115110874176023,0.0024480819702148,5,,,
N100_4b32254537,5,naive,global_graph,true_dag,20,100,5,0.5,0.2,2,mild,False,0.07,0.05,0.5,42,1515967511,"[3945006524, 4103555342, 8789729, 2658197511, 3895012141]",32.0,0.2380952352040816,0.7142857132653061,0.1428571428163265,0,0.0,0.0,0.0,353.75,4.105669021606445,1.0094037055969238,0.0003407001495361,5,"[0.2, 0.2, 0.2, 0.2, 0.2]","n_oriented=0 / Dir_F1=0 BY CONSTRUCTION (no Sepsets passed to orientation) -- definitional, not independent evidence of a weighting effect; see factorial ablation for that comparison.",
N100_4b32254537,5,fedpc_consensus,global_graph,true_dag,20,100,5,0.5,0.2,2,mild,False,0.07,0.05,0.5,42,1515967511,"[3945006524, 4103555342, 8789729, 2658197511, 3895012141]",30.0,0.3181818147830578,0.7777777769135802,0.1999999999428571,4,0.49999999875,0.0571428571265306,0.1025641006706114,353.75,4.109080791473389,1.0128154754638672,0.0037524700164794,5,"[0.17313650645137152, 0.17122036395872406, 0.29906117326214016, 0.13981275032722923, 0.2167692060005351]",,370.0
N100_4b32254537,5,fedpc_oracle,global_graph,true_dag,20,100,5,0.5,0.2,2,mild,False,0.07,0.05,0.5,42,1515967511,"[3945006524, 4103555342, 8789729, 2658197511, 3895012141]",30.0,0.3181818147830578,0.7777777769135802,0.1999999999428571,4,0.49999999875,0.0571428571265306,0.1025641006706114,353.75,4.10865592956543,1.0123906135559082,0.0033276081085205,5,"[0.22112174556603453, 0.16245679205906824, 0.3350809250060902, 0.10342003693914163, 0.1779205004296653]","ablation only -- requires ground truth, not deployable",370.0
N100_4b32254537,6,centralized,global_graph,true_dag,20,100,5,0.5,0.2,2,mild,False,0.07,0.05,0.5,42,575042122,"[3107579124, 277410028, 954070902, 4203920056, 4266252856]",11.0,0.79245282503382,0.9545454541115702,0.6774193546201873,15,0.6666666662222221,0.322580645057232,0.4347826041115312,0.0,1.9558300971984863,1.9558300971984863,0.0,1,,,
N100_4b32254537,6,local,mean_local_graph,true_dag,20,100,5,0.5,0.2,2,mild,False,0.07,0.05,0.5,42,575042122,"[3107579124, 277410028, 954070902, 4203920056, 4266252856]",22.2,0.4889868580936977,0.8659340652168377,0.3419354837606659,0,0.0,0.0,0.1785828468266385,315.625,3.5677998065948486,0.7832891941070557,0.0027329921722412,5,,,
N100_4b32254537,6,naive,global_graph,true_dag,20,100,5,0.5,0.2,2,mild,False,0.07,0.05,0.5,42,575042122,"[3107579124, 277410028, 954070902, 4203920056, 4266252856]",22.0,0.4761904720975057,0.9090909082644628,0.322580645057232,0,0.0,0.0,0.0,315.625,3.565387725830078,0.7808771133422852,0.0003209114074707,5,"[0.2, 0.2, 0.2, 0.2, 0.2]","n_oriented=0 / Dir_F1=0 BY CONSTRUCTION (no Sepsets passed to orientation) -- definitional, not independent evidence of a weighting effect; see factorial ablation for that comparison.",
N100_4b32254537,6,fedpc_consensus,global_graph,true_dag,20,100,5,0.5,0.2,2,mild,False,0.07,0.05,0.5,42,575042122,"[3107579124, 277410028, 954070902, 4203920056, 4266252856]",22.0,0.4761904720975057,0.9090909082644628,0.322580645057232,4,0.7499999981250001,0.0967741935171696,0.1714285693061224,315.625,3.56762957572937,0.7831189632415771,0.0025627613067626,5,"[0.1515647932897485, 0.21565328619672597, 0.2254440349369899, 0.18179249626217572, 0.2255453893143599]",,368.0
N100_4b32254537,6,fedpc_oracle,global_graph,true_dag,20,100,5,0.5,0.2,2,mild,False,0.07,0.05,0.5,42,575042122,"[3107579124, 277410028, 954070902, 4203920056, 4266252856]",21.0,0.511627902714981,0.9166666659027776,0.3548387095629552,4,0.7499999981250001,0.0967741935171696,0.1714285693061224,315.625,3.567635059356689,0.7831244468688965,0.002568244934082,5,"[0.16299536674250412, 0.19635075490797743, 0.2570548900574963, 0.13809563533541044, 0.24550335295661163]","ablation only -- requires ground truth, not deployable",370.0
N100_4b32254537,7,centralized,global_graph,true_dag,20,100,5,0.5,0.2,2,mild,False,0.07,0.05,0.5,42,2331006672,"[223609355, 1644920138, 357149513, 654662829, 2877800573]",25.0,0.6031745983471908,0.8260869561625709,0.4749999998812499,14,0.7857142851530612,0.27499999993125,0.4074074034156379,0.0,1.5413203239440918,1.5413203239440918,0.0,1,,,
N100_4b32254537,7,local,mean_local_graph,true_dag,20,100,5,0.5,0.2,2,mild,False,0.07,0.05,0.5,42,2331006672,"[223609355, 1644920138, 357149513, 654662829, 2877800573]",33.2,0.3535385622989972,0.7805777548930641,0.2299999999425,0,0.0,0.0,0.0941136936939325,264.375,2.7431044578552246,0.5851645469665527,0.0024244785308837,5,,,
N100_4b32254537,7,naive,global_graph,true_dag,20,100,5,0.5,0.2,2,mild,False,0.07,0.05,0.5,42,2331006672,"[223609355, 1644920138, 357149513, 654662829, 2877800573]",34.0,0.2916666637673611,0.8749999989062499,0.1749999999562499,0,0.0,0.0,0.0,264.375,2.740851402282715,0.582911491394043,0.000171422958374,5,"[0.2, 0.2, 0.2, 0.2, 0.2]","n_oriented=0 / Dir_F1=0 BY CONSTRUCTION (no Sepsets passed to orientation) -- definitional, not independent evidence of a weighting effect; see factorial ablation for that comparison.",
N100_4b32254537,7,fedpc_consensus,global_graph,true_dag,20,100,5,0.5,0.2,2,mild,False,0.07,0.05,0.5,42,2331006672,"[223609355, 1644920138, 357149513, 654662829, 2877800573]",34.0,0.2916666637673611,0.8749999989062499,0.1749999999562499,2,0.4999999975,0.02499999999375,0.0476190466893424,264.375,2.743654727935791,0.5857148170471191,0.0029747486114501,5,"[0.2136073489846366, 0.17887479834252623, 0.17536462207837342, 0.19013707778510697, 0.24201615280935682]",,372.0
N100_4b32254537,7,fedpc_oracle,global_graph,true_dag,20,100,5,0.5,0.2,2,mild,False,0.07,0.05,0.5,42,2331006672,"[223609355, 1644920138, 357149513, 654662829, 2877800573]",32.0,0.359999996656,0.8999999991,0.22499999994375,4,0.7499999981250001,0.07499999998125,0.1363636346487603,264.375,2.742743015289306,0.5848031044006348,0.0020630359649658,5,"[0.2255601265726685, 0.18993879710343098, 0.30119238666079, 0.06617996714507063, 0.21712872251803986]","ablation only -- requires ground truth, not deployable",372.0
N100_4b32254537,8,centralized,global_graph,true_dag,20,100,5,0.5,0.2,2,mild,False,0.07,0.05,0.5,42,572573437,"[3866335185, 1417381480, 535010522, 3109671800, 3678226035]",41.0,0.3492063454673721,0.7333333328444444,0.2291666666189236,10,0.4999999994999999,0.1041666666449652,0.1724137901902497,0.0,1.8675434589385984,1.8675434589385984,0.0,1,,,
N100_4b32254537,8,local,mean_local_graph,true_dag,20,100,5,0.5,0.2,2,mild,False,0.07,0.05,0.5,42,572573437,"[3866335185, 1417381480, 535010522, 3109671800, 3678226035]",41.2,0.2944476883820208,0.8272727264752066,0.1791666666293402,0,0.0,0.0,0.0977435880840138,365.0,4.6011176109313965,1.189966917037964,0.0028162002563476,5,,,
N100_4b32254537,8,naive,global_graph,true_dag,20,100,5,0.5,0.2,2,mild,False,0.07,0.05,0.5,42,572573437,"[3866335185, 1417381480, 535010522, 3109671800, 3678226035]",42.0,0.2758620660166468,0.7999999992,0.1666666666319444,0,0.0,0.0,0.0,365.0,4.5987770557403564,1.1876263618469238,0.0004756450653076,5,"[0.2, 0.2, 0.2, 0.2, 0.2]","n_oriented=0 / Dir_F1=0 BY CONSTRUCTION (no Sepsets passed to orientation) -- definitional, not independent evidence of a weighting effect; see factorial ablation for that comparison.",
N100_4b32254537,8,fedpc_consensus,global_graph,true_dag,20,100,5,0.5,0.2,2,mild,False,0.07,0.05,0.5,42,572573437,"[3866335185, 1417381480, 535010522, 3109671800, 3678226035]",42.0,0.2758620660166468,0.7999999992,0.1666666666319444,4,0.7499999981250001,0.0624999999869791,0.1153846139201183,365.0,4.60136866569519,1.1902179718017578,0.0030672550201416,5,"[0.20838430596016874, 0.20838430596016874, 0.15157531335206365, 0.20631084317364215, 0.22534523155395678]",,364.0
N100_4b32254537,8,fedpc_oracle,global_graph,true_dag,20,100,5,0.5,0.2,2,mild,False,0.07,0.05,0.5,42,572573437,"[3866335185, 1417381480, 535010522, 3109671800, 3678226035]",42.0,0.2758620660166468,0.7999999992,0.1666666666319444,4,0.7499999981250001,0.0624999999869791,0.1153846139201183,365.0,4.6014134883880615,1.190262794494629,0.0031120777130126,5,"[0.2203751744884353, 0.2203751744884353, 0.13331337645917354, 0.21296813728197797, 0.21296813728197797]","ablation only -- requires ground truth, not deployable",364.0
N100_4b32254537,9,centralized,global_graph,true_dag,20,100,5,0.5,0.2,2,mild,False,0.07,0.05,0.5,42,2754145229,"[1736219139, 1725062182, 4207713585, 869511502, 1375681316]",22.0,0.559999995424,0.874999999453125,0.4117647057612457,10,0.5999999993999999,0.176470588183391,0.2727272690909091,0.0,1.4118938446044922,1.4118938446044922,0.0,1,,,
N100_4b32254537,9,local,mean_local_graph,true_dag,20,100,5,0.5,0.2,2,mild,False,0.07,0.05,0.5,42,2754145229,"[1736219139, 1725062182, 4207713585, 869511502, 1375681316]",27.0,0.3997890490367132,0.8265423457706575,0.2647058822750865,0,0.0,0.0,0.0526900569783997,308.75,3.567025661468506,0.8429932594299316,0.0022170543670654,5,,,
N100_4b32254537,9,naive,global_graph,true_dag,20,100,5,0.5,0.2,2,mild,False,0.07,0.05,0.5,42,2754145229,"[1736219139, 1725062182, 4207713585, 869511502, 1375681316]",26.0,0.4347826046502835,0.8333333326388889,0.2941176469723183,0,0.0,0.0,0.0,308.75,3.5652129650115967,0.8411805629730225,0.0004043579101562,5,"[0.2, 0.2, 0.2, 0.2, 0.2]","n_oriented=0 / Dir_F1=0 BY CONSTRUCTION (no Sepsets passed to orientation) -- definitional, not independent evidence of a weighting effect; see factorial ablation for that comparison.",
N100_4b32254537,9,fedpc_consensus,global_graph,true_dag,20,100,5,0.5,0.2,2,mild,False,0.07,0.05,0.5,42,2754145229,"[1736219139, 1725062182, 4207713585, 869511502, 1375681316]",26.0,0.4347826046502835,0.8333333326388889,0.2941176469723183,6,0.4999999991666666,0.0882352940916955,0.149999997375,308.75,3.568089723587036,0.8440573215484619,0.0032811164855957,5,"[0.21864581801445973, 0.20588568435204738, 0.2239448284654252, 0.17689583542566328, 0.17462783374240437]",,364.0
N100_4b32254537,9,fedpc_oracle,global_graph,true_dag,20,100,5,0.5,0.2,2,mild,False,0.07,0.05,0.5,42,2754145229,"[1736219139, 1725062182, 4207713585, 869511502, 1375681316]",26.0,0.4347826046502835,0.8333333326388889,0.2941176469723183,6,0.4999999991666666,0.0882352940916955,0.149999997375,308.75,3.567479372024536,0.8434469699859619,0.0026707649230957,5,"[0.1996214156511731, 0.17273892117109854, 0.2087982268646277, 0.2358476084602495, 0.18299382785285112]","ablation only -- requires ground truth, not deployable",364.0
N100_4b32254537,10,centralized,global_graph,true_dag,20,100,5,0.5,0.2,2,mild,False,0.07,0.05,0.5,42,2094836144,"[3179904063, 3045985151, 2360510146, 3277785052, 1222483671]",22.0,0.5925925878120715,0.8421052627146814,0.4571428570122449,12,0.749999999375,0.2571428570693878,0.3829787194386601,0.0,1.1707701683044434,1.1707701683044434,0.0,1,,,
N100_4b32254537,10,local,mean_local_graph,true_dag,20,100,5,0.5,0.2,2,mild,False,0.07,0.05,0.5,42,2094836144,"[3179904063, 3045985151, 2360510146, 3277785052, 1222483671]",29.0,0.3613526533159234,0.7909090901446281,0.2342857142187755,0,0.0,0.0,0.0908608402256676,296.875,3.217312812805176,0.7214536666870117,0.0034425258636474,5,,,
N100_4b32254537,10,naive,global_graph,true_dag,20,100,5,0.5,0.2,2,mild,False,0.07,0.05,0.5,42,2094836144,"[3179904063, 3045985151, 2360510146, 3277785052, 1222483671]",28.0,0.3636363602169422,0.8888888879012344,0.2285714285061224,0,0.0,0.0,0.0,296.875,3.2141804695129395,0.7183213233947754,0.0003101825714111,5,"[0.2, 0.2, 0.2, 0.2, 0.2]","n_oriented=0 / Dir_F1=0 BY CONSTRUCTION (no Sepsets passed to orientation) -- definitional, not independent evidence of a weighting effect; see factorial ablation for that comparison.",
N100_4b32254537,10,fedpc_consensus,global_graph,true_dag,20,100,5,0.5,0.2,2,mild,False,0.07,0.05,0.5,42,2094836144,"[3179904063, 3045985151, 2360510146, 3277785052, 1222483671]",28.0,0.3636363602169422,0.8888888879012344,0.2285714285061224,4,0.249999999375,0.0285714285632653,0.0512820494148587,296.875,3.218800544738769,0.7229413986206055,0.0049302577972412,5,"[0.12710734809557575, 0.237992662927922, 0.18841902955298295, 0.23670098193155487, 0.20977997749196436]",,368.0
N100_4b32254537,10,fedpc_oracle,global_graph,true_dag,20,100,5,0.5,0.2,2,mild,False,0.07,0.05,0.5,42,2094836144,"[3179904063, 3045985151, 2360510146, 3277785052, 1222483671]",28.0,0.3636363602169422,0.8888888879012344,0.2285714285061224,4,0.249999999375,0.0285714285632653,0.0512820494148587,296.875,3.2174344062805176,0.7215752601623535,0.0035641193389892,5,"[0.19195627459118947, 0.19195627459118947, 0.23249666209125816, 0.14064612817200822, 0.24294466055435462]","ablation only -- requires ground truth, not deployable",368.0
N100_4b32254537,11,centralized,global_graph,true_dag,20,100,5,0.5,0.2,2,mild,False,0.07,0.05,0.5,42,1040878102,"[3732957220, 3930090067, 2537005429, 2557436213, 562621216]",24.0,0.5862068919441142,0.894736841634349,0.4358974357856673,11,0.6363636357851239,0.1794871794411571,0.279999996456,0.0,1.792628049850464,1.792628049850464,0.0,1,,,
N100_4b32254537,11,local,mean_local_graph,true_dag,20,100,5,0.5,0.2,2,mild,False,0.07,0.05,0.5,42,1040878102,"[3732957220, 3930090067, 2537005429, 2557436213, 562621216]",30.0,0.399487791533101,0.9084848476540036,0.2564102563445101,0,0.0,0.0,0.1509542732958377,369.375,4.1111674308776855,0.960763931274414,0.0027565956115722,5,,,
N100_4b32254537,11,naive,global_graph,true_dag,20,100,5,0.5,0.2,2,mild,False,0.07,0.05,0.5,42,1040878102,"[3732957220, 3930090067, 2537005429, 2557436213, 562621216]",31.0,0.3673469353769263,0.8999999991,0.2307692307100591,0,0.0,0.0,0.0,369.375,4.108828067779541,0.9584245681762696,0.0004172325134277,5,"[0.2, 0.2, 0.2, 0.2, 0.2]","n_oriented=0 / Dir_F1=0 BY CONSTRUCTION (no Sepsets passed to orientation) -- definitional, not independent evidence of a weighting effect; see factorial ablation for that comparison.",
N100_4b32254537,11,fedpc_consensus,global_graph,true_dag,20,100,5,0.5,0.2,2,mild,False,0.07,0.05,0.5,42,1040878102,"[3732957220, 3930090067, 2537005429, 2557436213, 562621216]",31.0,0.3673469353769263,0.8999999991,0.2307692307100591,4,0.7499999981250001,0.076923076903353,0.1395348819686317,369.375,4.111871004104614,0.9614675045013428,0.0034601688385009,5,"[0.16107083403577796, 0.20168518460741183, 0.20703858167440348, 0.18210826636937266, 0.2480971333130342]",,366.0
N100_4b32254537,11,fedpc_oracle,global_graph,true_dag,20,100,5,0.5,0.2,2,mild,False,0.07,0.05,0.5,42,1040878102,"[3732957220, 3930090067, 2537005429, 2557436213, 562621216]",31.0,0.3673469353769263,0.8999999991,0.2307692307100591,4,0.7499999981250001,0.076923076903353,0.1395348819686317,369.375,4.111621141433716,0.9612176418304444,0.0032103061676025,5,"[0.16824813939749023, 0.1994882878582166, 0.2320077166734015, 0.2320077166734015, 0.16824813939749023]","ablation only -- requires ground truth, not deployable",366.0
N100_4b32254537,12,centralized,global_graph,true_dag,20,100,5,0.5,0.2,2,mild,False,0.07,0.05,0.5,42,684284366,"[4254650236, 1701543592, 2697813391, 537943201, 372304200]",32.0,0.4838709632154007,0.749999999625,0.3571428570578231,16,0.4999999996875,0.190476190430839,0.2758620648751486,0.0,2.321746349334717,2.321746349334717,0.0,1,,,
N100_4b32254537,12,local,mean_local_graph,true_dag,20,100,5,0.5,0.2,2,mild,False,0.07,0.05,0.5,42,684284366,"[4254650236, 1701543592, 2697813391, 537943201, 372304200]",37.6,0.2933721943242833,0.705672105024323,0.185714285670068,0,0.0,0.0,0.0931159404793964,379.375,4.329824209213257,0.97367525100708,0.0021171569824218,5,,,
N100_4b32254537,12,naive,global_graph,true_dag,20,100,5,0.5,0.2,2,mild,False,0.07,0.05,0.5,42,684284366,"[4254650236, 1701543592, 2697813391, 537943201, 372304200]",36.0,0.2799999972,0.8749999989062499,0.1666666666269841,0,0.0,0.0,0.0,379.375,4.327962636947632,0.9718136787414552,0.0002555847167968,5,"[0.2, 0.2, 0.2, 0.2, 0.2]","n_oriented=0 / Dir_F1=0 BY CONSTRUCTION (no Sepsets passed to orientation) -- definitional, not independent evidence of a weighting effect; see factorial ablation for that comparison.",
N100_4b32254537,12,fedpc_consensus,global_graph,true_dag,20,100,5,0.5,0.2,2,mild,False,0.07,0.05,0.5,42,684284366,"[4254650236, 1701543592, 2697813391, 537943201, 372304200]",36.0,0.2799999972,0.8749999989062499,0.1666666666269841,0,0.0,0.0,0.0,379.375,4.330676555633545,0.9745275974273682,0.0029695034027099,5,"[0.14137722097205851, 0.2006080126212793, 0.24791997752497652, 0.1702378307767908, 0.239856958104895]",,368.0
N100_4b32254537,12,fedpc_oracle,global_graph,true_dag,20,100,5,0.5,0.2,2,mild,False,0.07,0.05,0.5,42,684284366,"[4254650236, 1701543592, 2697813391, 537943201, 372304200]",36.0,0.2799999972,0.8749999989062499,0.1666666666269841,0,0.0,0.0,0.0,379.375,4.330132961273193,0.9739840030670166,0.0024259090423583,5,"[0.2020891251032294, 0.14914928928919013, 0.2097870735851938, 0.2655117656491666, 0.1734627463732201]","ablation only -- requires ground truth, not deployable",368.0
N100_4b32254537,13,centralized,global_graph,true_dag,20,100,5,0.5,0.2,2,mild,False,0.07,0.05,0.5,42,1830216399,"[4088239252, 2316999090, 318873987, 3608051700, 3244632920]",19.0,0.666666661779009,0.9047619043310656,0.5277777776311728,12,0.749999999375,0.2499999999305555,0.37499999609375,0.0,1.253159999847412,1.253159999847412,0.0,1,,,
N100_4b32254537,13,local,mean_local_graph,true_dag,20,100,5,0.5,0.2,2,mild,False,0.07,0.05,0.5,42,1830216399,"[4088239252, 2316999090, 318873987, 3608051700, 3244632920]",25.8,0.4581792330347278,0.934945054126156,0.305555555470679,0,0.0,0.0,0.1145591230570956,303.125,3.176362991333008,0.8018226623535156,0.00213623046875,5,,,
N100_4b32254537,13,naive,global_graph,true_dag,20,100,5,0.5,0.2,2,mild,False,0.07,0.05,0.5,42,1830216399,"[4088239252, 2316999090, 318873987, 3608051700, 3244632920]",26.0,0.4347826051039698,0.999999999,0.2777777777006173,0,0.0,0.0,0.0,303.125,3.1745119094848637,0.7999715805053711,0.0002851486206054,5,"[0.2, 0.2, 0.2, 0.2, 0.2]","n_oriented=0 / Dir_F1=0 BY CONSTRUCTION (no Sepsets passed to orientation) -- definitional, not independent evidence of a weighting effect; see factorial ablation for that comparison.",
N100_4b32254537,13,fedpc_consensus,global_graph,true_dag,20,100,5,0.5,0.2,2,mild,False,0.07,0.05,0.5,42,1830216399,"[4088239252, 2316999090, 318873987, 3608051700, 3244632920]",26.0,0.4347826051039698,0.999999999,0.2777777777006173,0,0.0,0.0,0.0,303.125,3.176999568939209,0.8024592399597168,0.0027728080749511,5,"[0.1519450635547668, 0.26186415349607345, 0.18288135521646154, 0.18480670136392957, 0.21850272636876852]",,364.0
N100_4b32254537,13,fedpc_oracle,global_graph,true_dag,20,100,5,0.5,0.2,2,mild,False,0.07,0.05,0.5,42,1830216399,"[4088239252, 2316999090, 318873987, 3608051700, 3244632920]",25.0,0.4680851025984609,0.999999999090909,0.305555555470679,0,0.0,0.0,0.0,303.125,3.176919460296631,0.8023791313171387,0.002692699432373,5,"[0.14355124126299393, 0.26395636705804526, 0.15000218613789645, 0.2535036947203805, 0.1889865108206837]","ablation only -- requires ground truth, not deployable",366.0
N100_4b32254537,14,centralized,global_graph,true_dag,20,100,5,0.5,0.2,2,mild,False,0.07,0.05,0.5,42,4049219621,"[1763717147, 4017394816, 3243871951, 1961789144, 1183665658]",26.0,0.4583333291927084,0.8461538455029586,0.3142857141959184,9,0.3333333329629629,0.0857142856897959,0.1363636330475207,0.0,1.8317062854766848,1.8317062854766848,0.0,1,,,
N100_4b32254537,14,local,mean_local_graph,true_dag,20,100,5,0.5,0.2,2,mild,False,0.07,0.05,0.5,42,4049219621,"[1763717147, 4017394816, 3243871951, 1961789144, 1183665658]",27.8,0.3760566193244564,0.8822727263264566,0.2399999999314285,0,0.0,0.0,0.1038310504388697,391.875,5.500873565673828,1.2931091785430908,0.0029776096343994,5,,,
N100_4b32254537,14,naive,global_graph,true_dag,20,100,5,0.5,0.2,2,mild,False,0.07,0.05,0.5,42,4049219621,"[1763717147, 4017394816, 3243871951, 1961789144, 1183665658]",27.0,0.3720930200540833,0.99999999875,0.2285714285061224,0,0.0,0.0,0.0,391.875,5.498682737350464,1.2909183502197266,0.0007867813110351,5,"[0.2, 0.2, 0.2, 0.2, 0.2]","n_oriented=0 / Dir_F1=0 BY CONSTRUCTION (no Sepsets passed to orientation) -- definitional, not independent evidence of a weighting effect; see factorial ablation for that comparison.",
N100_4b32254537,14,fedpc_consensus,global_graph,true_dag,20,100,5,0.5,0.2,2,mild,False,0.07,0.05,0.5,42,4049219621,"[1763717147, 4017394816, 3243871951, 1961789144, 1183665658]",27.0,0.3720930200540833,0.99999999875,0.2285714285061224,4,0.249999999375,0.0285714285632653,0.0512820494148587,391.875,5.500886678695679,1.2931222915649414,0.00299072265625,5,"[0.15829809475387208, 0.22096385492195061, 0.21857260982813567, 0.2007289232784319, 0.2014365172176098]",,368.0
N100_4b32254537,14,fedpc_oracle,global_graph,true_dag,20,100,5,0.5,0.2,2,mild,False,0.07,0.05,0.5,42,4049219621,"[1763717147, 4017394816, 3243871951, 1961789144, 1183665658]",27.0,0.3720930200540833,0.99999999875,0.2285714285061224,4,0.249999999375,0.0285714285632653,0.0512820494148587,391.875,5.501839876174927,1.2940754890441897,0.003943920135498,5,"[0.14915441558621684, 0.21544990229363087, 0.194813931014645, 0.21544990229363087, 0.22513184881187628]","ablation only -- requires ground truth, not deployable",368.0
N3000_7e1fabaed9,0,centralized,global_graph,true_dag,20,3000,5,0.5,0.2,2,mild,False,0.07,0.05,0.5,42,3009498474,"[2383435807, 1151238568, 3474662031, 3316410200, 322150392]",9.0,0.8363636311008266,0.919999999632,0.7666666664111111,16,0.8124999994921874,0.4333333331888889,0.5652173865217393,0.0,3.34726357460022,3.34726357460022,0.0,1,,,
N3000_7e1fabaed9,0,local,mean_local_graph,true_dag,20,3000,5,0.5,0.2,2,mild,False,0.07,0.05,0.5,42,3009498474,"[2383435807, 1151238568, 3474662031, 3316410200, 322150392]",10.6,0.7927715718456821,0.9530519476046072,0.6799999997733333,0,0.0,0.0,0.485829721328637,456.25,11.451831340789797,2.554198980331421,0.0056402683258056,5,,,
N3000_7e1fabaed9,0,naive,global_graph,true_dag,20,3000,5,0.5,0.2,2,mild,False,0.07,0.05,0.5,42,3009498474,"[2383435807, 1151238568, 3474662031, 3316410200, 322150392]",12.0,0.7599999948959999,0.949999999525,0.6333333331222222,0,0.0,0.0,0.0,456.25,11.446716547012327,2.549084186553955,0.0005254745483398,5,"[0.2, 0.2, 0.2, 0.2, 0.2]","n_oriented=0 / Dir_F1=0 BY CONSTRUCTION (no Sepsets passed to orientation) -- definitional, not independent evidence of a weighting effect; see factorial ablation for that comparison.",
N3000_7e1fabaed9,0,fedpc_consensus,global_graph,true_dag,20,3000,5,0.5,0.2,2,mild,False,0.07,0.05,0.5,42,3009498474,"[2383435807, 1151238568, 3474662031, 3316410200, 322150392]",12.0,0.7599999948959999,0.949999999525,0.6333333331222222,10,0.7999999992,0.2666666665777777,0.3999999960500001,456.25,11.449851989746094,2.55221962928772,0.0036609172821044,5,"[0.21259976518916476, 0.20346764471421247, 0.19453343403630222, 0.2096287411628946, 0.17977041489742593]",,340.0
N3000_7e1fabaed9,0,fedpc_oracle,global_graph,true_dag,20,3000,5,0.5,0.2,2,mild,False,0.07,0.05,0.5,42,3009498474,"[2383435807, 1151238568, 3474662031, 3316410200, 322150392]",12.0,0.7599999948959999,0.949999999525,0.6333333331222222,10,0.7999999992,0.2666666665777777,0.3999999960500001,456.25,11.449992895126345,2.5523605346679688,0.0038018226623535,5,"[0.1834602187621452, 0.2072080464577494, 0.1834602187621452, 0.19538640988937983, 0.23048510612858045]","ablation only -- requires ground truth, not deployable",340.0
N3000_7e1fabaed9,1,centralized,global_graph,true_dag,20,3000,5,0.5,0.2,2,mild,False,0.07,0.05,0.5,42,1076963264,"[1114887972, 1265085714, 2521034657, 3902156444, 2048213853]",9.0,0.8301886740192239,0.9565217387145556,0.7333333330888888,17,0.8823529406574394,0.4999999998333333,0.6382978674513354,0.0,4.6755194664001465,4.6755194664001465,0.0,1,,,
N3000_7e1fabaed9,1,local,mean_local_graph,true_dag,20,3000,5,0.5,0.2,2,mild,False,0.07,0.05,0.5,42,1076963264,"[1114887972, 1265085714, 2521034657, 3902156444, 2048213853]",12.6,0.7524519608498614,0.9153291326710582,0.6399999997866667,0,0.0,0.0,0.4893074172745356,398.75,10.319383144378662,2.2276864051818848,0.0044505596160888,5,,,
N3000_7e1fabaed9,1,naive,global_graph,true_dag,20,3000,5,0.5,0.2,2,mild,False,0.07,0.05,0.5,42,1076963264,"[1114887972, 1265085714, 2521034657, 3902156444, 2048213853]",12.0,0.7599999948959999,0.949999999525,0.6333333331222222,0,0.0,0.0,0.0,398.75,10.315293073654177,2.223596334457397,0.0003604888916015,5,"[0.2, 0.2, 0.2, 0.2, 0.2]","n_oriented=0 / Dir_F1=0 BY CONSTRUCTION (no Sepsets passed to orientation) -- definitional, not independent evidence of a weighting effect; see factorial ablation for that comparison.",
N3000_7e1fabaed9,1,fedpc_consensus,global_graph,true_dag,20,3000,5,0.5,0.2,2,mild,False,0.07,0.05,0.5,42,1076963264,"[1114887972, 1265085714, 2521034657, 3902156444, 2048213853]",12.0,0.7599999948959999,0.949999999525,0.6333333331222222,16,0.74999999953125,0.3999999998666667,0.5217391256710776,398.75,10.31839632987976,2.2266995906829834,0.0034637451171875,5,"[0.1966031758251281, 0.2233303838171467, 0.18767332245848573, 0.19942173826670265, 0.19297137963253677]",,342.0
N3000_7e1fabaed9,1,fedpc_oracle,global_graph,true_dag,20,3000,5,0.5,0.2,2,mild,False,0.07,0.05,0.5,42,1076963264,"[1114887972, 1265085714, 2521034657, 3902156444, 2048213853]",12.0,0.7599999948959999,0.949999999525,0.6333333331222222,16,0.74999999953125,0.3999999998666667,0.5217391256710776,398.75,10.318560361862184,2.2268636226654053,0.0036277770996093,5,"[0.20869294836976188, 0.2037143693995559, 0.19037386218634814, 0.1757353490035517, 0.22148347104078245]","ablation only -- requires ground truth, not deployable",342.0
N3000_7e1fabaed9,2,centralized,global_graph,true_dag,20,3000,5,0.5,0.2,2,mild,False,0.07,0.05,0.5,42,2754075543,"[1661129671, 3472626162, 2022146223, 2009293075, 654355513]",19.0,0.7164179054845179,0.9230769227218936,0.5853658535157644,21,0.7142857139455782,0.3658536584473527,0.4838709631061395,0.0,6.8283607959747314,6.8283607959747314,0.0,1,,,
N3000_7e1fabaed9,2,local,mean_local_graph,true_dag,20,3000,5,0.5,0.2,2,mild,False,0.07,0.05,0.5,42,2754075543,"[1661129671, 3472626162, 2022146223, 2009293075, 654355513]",21.6,0.6725143464114083,0.8876153842602619,0.5414634145020821,0,0.0,0.0,0.4545845507954834,451.25,14.528991460800173,2.988615036010742,0.0042228698730468,5,,,
N3000_7e1fabaed9,2,naive,global_graph,true_dag,20,3000,5,0.5,0.2,2,mild,False,0.07,0.05,0.5,42,2754075543,"[1661129671, 3472626162, 2022146223, 2009293075, 654355513]",21.0,0.6769230720568048,0.9166666662847222,0.536585365722784,0,0.0,0.0,0.0,451.25,14.525214195251465,2.984837770462036,0.0004456043243408,5,"[0.2, 0.2, 0.2, 0.2, 0.2]","n_oriented=0 / Dir_F1=0 BY CONSTRUCTION (no Sepsets passed to orientation) -- definitional, not independent evidence of a weighting effect; see factorial ablation for that comparison.",
N3000_7e1fabaed9,2,fedpc_consensus,global_graph,true_dag,20,3000,5,0.5,0.2,2,mild,False,0.07,0.05,0.5,42,2754075543,"[1661129671, 3472626162, 2022146223, 2009293075, 654355513]",21.0,0.6769230720568048,0.9166666662847222,0.536585365722784,18,0.777777777345679,0.3414634145508626,0.4745762667854066,451.25,14.527369022369385,2.986992597579956,0.0026004314422607,5,"[0.20611517684916356, 0.21443918198033848, 0.1924712894684315, 0.20382539350694814, 0.18314895819511828]",,338.0
N3000_7e1fabaed9,2,fedpc_oracle,global_graph,true_dag,20,3000,5,0.5,0.2,2,mild,False,0.07,0.05,0.5,42,2754075543,"[1661129671, 3472626162, 2022146223, 2009293075, 654355513]",21.0,0.6769230720568048,0.9166666662847222,0.536585365722784,18,0.777777777345679,0.3414634145508626,0.4745762667854066,451.25,14.527673482894896,2.9872970581054688,0.0029048919677734,5,"[0.17871558963605524, 0.2143776576849589, 0.18425683047051244, 0.22650854932410996, 0.19614137288436337]","ablation only -- requires ground truth, not deployable",338.0
N3000_7e1fabaed9,3,centralized,global_graph,true_dag,20,3000,5,0.5,0.2,2,mild,False,0.07,0.05,0.5,42,3721166708,"[2612746969, 2041466111, 566174175, 1245642150, 3486939792]",12.0,0.8064516076482832,0.7812499997558594,0.8333333330555556,27,0.666666666419753,0.5999999998,0.6315789421606649,0.0,5.504537343978882,5.504537343978882,0.0,1,,,
N3000_7e1fabaed9,3,local,mean_local_graph,true_dag,20,3000,5,0.5,0.2,2,mild,False,0.07,0.05,0.5,42,3721166708,"[2612746969, 2041466111, 566174175, 1245642150, 3486939792]",8.0,0.8532329054899316,0.9438166724778628,0.77999999974,0,0.0,0.0,0.6065455253932512,433.75,14.02584958076477,3.0958569049835205,0.0044751167297363,5,,,
N3000_7e1fabaed9,3,naive,global_graph,true_dag,20,3000,5,0.5,0.2,2,mild,False,0.07,0.05,0.5,42,3721166708,"[2612746969, 2041466111, 566174175, 1245642150, 3486939792]",8.0,0.8518518465980797,0.9583333329340278,0.7666666664111111,0,0.0,0.0,0.0,433.75,14.021681308746338,3.091688632965088,0.0003068447113037,5,"[0.2, 0.2, 0.2, 0.2, 0.2]","n_oriented=0 / Dir_F1=0 BY CONSTRUCTION (no Sepsets passed to orientation) -- definitional, not independent evidence of a weighting effect; see factorial ablation for that comparison.",
N3000_7e1fabaed9,3,fedpc_consensus,global_graph,true_dag,20,3000,5,0.5,0.2,2,mild,False,0.07,0.05,0.5,42,3721166708,"[2612746969, 2041466111, 566174175, 1245642150, 3486939792]",8.0,0.8518518465980797,0.9583333329340278,0.7666666664111111,16,0.874999999453125,0.4666666665111111,0.6086956473724008,433.75,14.024112462997437,3.0941197872161865,0.0027379989624023,5,"[0.19476634399184656, 0.20070476544127533, 0.21274213091220506, 0.19791292480602746, 0.19387383484864548]",,334.0
N3000_7e1fabaed9,3,fedpc_oracle,global_graph,true_dag,20,3000,5,0.5,0.2,2,mild,False,0.07,0.05,0.5,42,3721166708,"[2612746969, 2041466111, 566174175, 1245642150, 3486939792]",8.0,0.8518518465980797,0.9583333329340278,0.7666666664111111,16,0.874999999453125,0.4666666665111111,0.6086956473724008,433.75,14.024455547332764,3.0944628715515137,0.0030810832977294,5,"[0.1890907613572509, 0.20156871053958456, 0.1919141430493866, 0.22833562369652713, 0.1890907613572509]","ablation only -- requires ground truth, not deployable",334.0
N3000_7e1fabaed9,4,centralized,global_graph,true_dag,20,3000,5,0.5,0.2,2,mild,False,0.07,0.05,0.5,42,575901733,"[3048367319, 125463289, 1326415149, 2174903848, 422704121]",19.0,0.7246376760008401,0.8064516126430801,0.657894736668975,29,0.5862068963495838,0.447368420934903,0.5074626815059035,0.0,6.218939304351807,6.218939304351807,0.0,1,,,
N3000_7e1fabaed9,4,local,mean_local_graph,true_dag,20,3000,5,0.5,0.2,2,mild,False,0.07,0.05,0.5,42,575901733,"[3048367319, 125463289, 1326415149, 2174903848, 422704121]",17.8,0.7172487542942493,0.904700854337797,0.5947368419487534,0,0.0,0.0,0.4567096102237898,485.625,15.810580730438232,3.754339218139648,0.0068132877349853,5,,,
N3000_7e1fabaed9,4,naive,global_graph,true_dag,20,3000,5,0.5,0.2,2,mild,False,0.07,0.05,0.5,42,575901733,"[3048367319, 125463289, 1326415149, 2174903848, 422704121]",17.0,0.7384615333775149,0.8888888885596707,0.6315789472022161,0,0.0,0.0,0.0,485.625,15.804425239562988,3.748183727264404,0.0006577968597412,5,"[0.2, 0.2, 0.2, 0.2, 0.2]","n_oriented=0 / Dir_F1=0 BY CONSTRUCTION (no Sepsets passed to orientation) -- definitional, not independent evidence of a weighting effect; see factorial ablation for that comparison.",
N3000_7e1fabaed9,4,fedpc_consensus,global_graph,true_dag,20,3000,5,0.5,0.2,2,mild,False,0.07,0.05,0.5,42,575901733,"[3048367319, 125463289, 1326415149, 2174903848, 422704121]",17.0,0.7384615333775149,0.8888888885596707,0.6315789472022161,24,0.6666666663888888,0.421052631468144,0.5161290273465141,485.625,15.807872533798218,3.751631021499634,0.0041050910949707,5,"[0.20986069353293138, 0.18363295015177822, 0.17579064123418625, 0.2235202114888917, 0.20719550359221234]",,334.0
N3000_7e1fabaed9,4,fedpc_oracle,global_graph,true_dag,20,3000,5,0.5,0.2,2,mild,False,0.07,0.05,0.5,42,575901733,"[3048367319, 125463289, 1326415149, 2174903848, 422704121]",17.0,0.7384615333775149,0.8888888885596707,0.6315789472022161,24,0.6666666663888888,0.421052631468144,0.5161290273465141,485.625,15.80823254585266,3.751991033554077,0.004465103149414,5,"[0.20062708566472498, 0.17821696798578213, 0.19559413278921883, 0.21178227573867295, 0.213779537821601]","ablation only -- requires ground truth, not deployable",334.0
N3000_7e1fabaed9,5,centralized,global_graph,true_dag,20,3000,5,0.5,0.2,2,mild,False,0.07,0.05,0.5,42,3499074822,"[385827678, 3154493379, 2027368451, 1787194114, 3229747096]",10.0,0.8333333280777778,0.8928571425382653,0.7812499997558594,21,0.809523809138322,0.5312499998339844,0.6415094289355643,0.0,3.442288637161255,3.442288637161255,0.0,1,,,
N3000_7e1fabaed9,5,local,mean_local_graph,true_dag,20,3000,5,0.5,0.2,2,mild,False,0.07,0.05,0.5,42,3499074822,"[385827678, 3154493379, 2027368451, 1787194114, 3229747096]",12.0,0.7891767356082489,0.906494735169858,0.6999999997812499,0,0.0,0.0,0.5018107198260474,416.25,10.306000232696531,2.415757894515991,0.0038015842437744,5,,,
N3000_7e1fabaed9,5,naive,global_graph,true_dag,20,3000,5,0.5,0.2,2,mild,False,0.07,0.05,0.5,42,3499074822,"[385827678, 3154493379, 2027368451, 1787194114, 3229747096]",13.0,0.7719298193659588,0.879999999648,0.6874999997851562,0,0.0,0.0,0.0,416.25,10.302811622619627,2.412569284439087,0.0006129741668701,5,"[0.2, 0.2, 0.2, 0.2, 0.2]","n_oriented=0 / Dir_F1=0 BY CONSTRUCTION (no Sepsets passed to orientation) -- definitional, not independent evidence of a weighting effect; see factorial ablation for that comparison.",
N3000_7e1fabaed9,5,fedpc_consensus,global_graph,true_dag,20,3000,5,0.5,0.2,2,mild,False,0.07,0.05,0.5,42,3499074822,"[385827678, 3154493379, 2027368451, 1787194114, 3229747096]",13.0,0.7719298193659588,0.879999999648,0.6874999997851562,16,0.74999999953125,0.3749999998828125,0.4999999953472223,416.25,10.304580450057983,2.4143381118774414,0.0023818016052246,5,"[0.20209367224499122, 0.19319959825457944, 0.19631441461384824, 0.20709110631986713, 0.201301208566714]",,336.0
N3000_7e1fabaed9,5,fedpc_oracle,global_graph,true_dag,20,3000,5,0.5,0.2,2,mild,False,0.07,0.05,0.5,42,3499074822,"[385827678, 3154493379, 2027368451, 1787194114, 3229747096]",13.0,0.7719298193659588,0.879999999648,0.6874999997851562,16,0.74999999953125,0.3749999998828125,0.4999999953472223,416.25,10.304943323135376,2.414700984954834,0.0027446746826171,5,"[0.20898034972585058, 0.20536171078065288, 0.17845997541776976, 0.20183625329507388, 0.20536171078065288]","ablation only -- requires ground truth, not deployable",336.0
N3000_7e1fabaed9,6,centralized,global_graph,true_dag,20,3000,5,0.5,0.2,2,mild,False,0.07,0.05,0.5,42,2211232402,"[2488765912, 3567827614, 800445037, 2842135511, 127198303]",16.0,0.7419354788865765,0.9583333329340278,0.605263157735457,16,0.8124999994921874,0.342105263067867,0.481481477133059,0.0,7.993746280670166,7.993746280670166,0.0,1,,,
N3000_7e1fabaed9,6,local,mean_local_graph,true_dag,20,3000,5,0.5,0.2,2,mild,False,0.07,0.05,0.5,42,2211232402,"[2488765912, 3567827614, 800445037, 2842135511, 127198303]",19.2,0.6956532306466371,0.874060605711437,0.5789473682686981,0,0.0,0.0,0.4748978502475879,630.0,21.958433389663696,4.705768823623657,0.004932165145874,5,,,
N3000_7e1fabaed9,6,naive,global_graph,true_dag,20,3000,5,0.5,0.2,2,mild,False,0.07,0.05,0.5,42,2211232402,"[2488765912, 3567827614, 800445037, 2842135511, 127198303]",20.0,0.6774193498751301,0.8749999996354166,0.552631578801939,0,0.0,0.0,0.0,630.0,21.95390033721924,4.701235771179199,0.000399112701416,5,"[0.2, 0.2, 0.2, 0.2, 0.2]","n_oriented=0 / Dir_F1=0 BY CONSTRUCTION (no Sepsets passed to orientation) -- definitional, not independent evidence of a weighting effect; see factorial ablation for that comparison.",
N3000_7e1fabaed9,6,fedpc_consensus,global_graph,true_dag,20,3000,5,0.5,0.2,2,mild,False,0.07,0.05,0.5,42,2211232402,"[2488765912, 3567827614, 800445037, 2842135511, 127198303]",20.0,0.6774193498751301,0.8749999996354166,0.552631578801939,20,0.7999999996,0.421052631468144,0.5517241332223545,630.0,21.95735478401184,4.704690217971802,0.0038535594940185,5,"[0.20318817126289904, 0.17635827582449445, 0.2086326908248538, 0.20863269082485372, 0.20318817126289898]",,334.0
N3000_7e1fabaed9,6,fedpc_oracle,global_graph,true_dag,20,3000,5,0.5,0.2,2,mild,False,0.07,0.05,0.5,42,2211232402,"[2488765912, 3567827614, 800445037, 2842135511, 127198303]",20.0,0.6774193498751301,0.8749999996354166,0.552631578801939,20,0.7999999996,0.421052631468144,0.5517241332223545,630.0,21.958368062973022,4.705703496932983,0.0048668384552001,5,"[0.20640563880982604, 0.1653093048421334, 0.21971877664129036, 0.21971877664129036, 0.18884750306545986]","ablation only -- requires ground truth, not deployable",334.0
N3000_7e1fabaed9,7,centralized,global_graph,true_dag,20,3000,5,0.5,0.2,2,mild,False,0.07,0.05,0.5,42,3462252655,"[4082225513, 2653690266, 1080039837, 4293257128, 2973190388]",29.0,0.5538461491029586,0.7826086953119092,0.4285714284693877,23,0.4782608693572778,0.2619047618424036,0.3384615337846154,0.0,9.995363235473633,9.995363235473633,0.0,1,,,
N3000_7e1fabaed9,7,local,mean_local_graph,true_dag,20,3000,5,0.5,0.2,2,mild,False,0.07,0.05,0.5,42,3462252655,"[4082225513, 2653690266, 1080039837, 4293257128, 2973190388]",30.4,0.4890799595885598,0.8305701749610908,0.3476190475362811,0,0.0,0.0,0.2687008817331628,680.625,23.668251276016235,5.114207983016968,0.0037329196929931,5,,,
N3000_7e1fabaed9,7,naive,global_graph,true_dag,20,3000,5,0.5,0.2,2,mild,False,0.07,0.05,0.5,42,3462252655,"[4082225513, 2653690266, 1080039837, 4293257128, 2973190388]",29.0,0.5084745719965528,0.8823529406574394,0.3571428570578231,0,0.0,0.0,0.0,680.625,23.664830684661865,5.110787391662598,0.000312328338623,5,"[0.2, 0.2, 0.2, 0.2, 0.2]","n_oriented=0 / Dir_F1=0 BY CONSTRUCTION (no Sepsets passed to orientation) -- definitional, not independent evidence of a weighting effect; see factorial ablation for that comparison.",
N3000_7e1fabaed9,7,fedpc_consensus,global_graph,true_dag,20,3000,5,0.5,0.2,2,mild,False,0.07,0.05,0.5,42,3462252655,"[4082225513, 2653690266, 1080039837, 4293257128, 2973190388]",29.0,0.5084745719965528,0.8823529406574394,0.3571428570578231,13,0.6153846149112425,0.190476190430839,0.2909090871933884,680.625,23.66775321960449,5.113709926605225,0.00323486328125,5,"[0.20938420985795825, 0.20845308815735306, 0.15133639436792903, 0.20938420985795825, 0.22144209775880153]",,350.0
N3000_7e1fabaed9,7,fedpc_oracle,global_graph,true_dag,20,3000,5,0.5,0.2,2,mild,False,0.07,0.05,0.5,42,3462252655,"[4082225513, 2653690266, 1080039837, 4293257128, 2973190388]",29.0,0.5084745719965528,0.8823529406574394,0.3571428570578231,10,0.5999999993999999,0.1428571428231292,0.2307692275739645,680.625,23.66852116584778,5.114477872848511,0.0040028095245361,5,"[0.2581540844914418, 0.20098501346498404, 0.16698272516823232, 0.20098501346498404, 0.17289316341035788]","ablation only -- requires ground truth, not deployable",350.0
N3000_7e1fabaed9,8,centralized,global_graph,true_dag,20,3000,5,0.5,0.2,2,mild,False,0.07,0.05,0.5,42,2516205809,"[2285693879, 596175216, 1417993197, 1275647718, 256799489]",24.0,0.6470588184948097,0.7857142854336735,0.5499999998625,23,0.6521739127599243,0.37499999990625,0.4761904714033762,0.0,5.141451597213745,5.141451597213745,0.0,1,,,
N3000_7e1fabaed9,8,local,mean_local_graph,true_dag,20,3000,5,0.5,0.2,2,mild,False,0.07,0.05,0.5,42,2516205809,"[2285693879, 596175216, 1417993197, 1275647718, 256799489]",24.8,0.6263466656193916,0.7880830277839906,0.51999999987,0,0.0,0.0,0.4560549926669506,441.25,14.716922760009766,3.294722557067871,0.0074298381805419,5,,,
N3000_7e1fabaed9,8,naive,global_graph,true_dag,20,3000,5,0.5,0.2,2,mild,False,0.07,0.05,0.5,42,2516205809,"[2285693879, 596175216, 1417993197, 1275647718, 256799489]",23.0,0.6461538412213018,0.839999999664,0.52499999986875,0,0.0,0.0,0.0,441.25,14.710198879241943,3.287998676300049,0.0007059574127197,5,"[0.2, 0.2, 0.2, 0.2, 0.2]","n_oriented=0 / Dir_F1=0 BY CONSTRUCTION (no Sepsets passed to orientation) -- definitional, not independent evidence of a weighting effect; see factorial ablation for that comparison.",
N3000_7e1fabaed9,8,fedpc_consensus,global_graph,true_dag,20,3000,5,0.5,0.2,2,mild,False,0.07,0.05,0.5,42,2516205809,"[2285693879, 596175216, 1417993197, 1275647718, 256799489]",23.0,0.6461538412213018,0.839999999664,0.52499999986875,20,0.6999999996499999,0.3499999999124999,0.4666666620666666,441.25,14.713981628417969,3.291781425476074,0.0044887065887451,5,"[0.21040871647394382, 0.18952163685830067, 0.20504966640086167, 0.19244120724843664, 0.20257877301845728]",,332.0
N3000_7e1fabaed9,8,fedpc_oracle,global_graph,true_dag,20,3000,5,0.5,0.2,2,mild,False,0.07,0.05,0.5,42,2516205809,"[2285693879, 596175216, 1417993197, 1275647718, 256799489]",23.0,0.6461538412213018,0.839999999664,0.52499999986875,20,0.6999999996499999,0.3499999999124999,0.4666666620666666,441.25,14.714394092559814,3.29219388961792,0.0049011707305908,5,"[0.20633658972633898, 0.19295623115841484, 0.2133305564818692, 0.20022325340751568, 0.18715336922586137]","ablation only -- requires ground truth, not deployable",332.0
N3000_7e1fabaed9,9,centralized,global_graph,true_dag,20,3000,5,0.5,0.2,2,mild,False,0.07,0.05,0.5,42,1249361385,"[2116603400, 487030365, 186420359, 4125405943, 3488639493]",13.0,0.816901403221583,0.8285714283346939,0.8055555553317901,28,0.7142857140306123,0.5555555554012346,0.6249999948828125,0.0,3.498743772506714,3.498743772506714,0.0,1,,,
N3000_7e1fabaed9,9,local,mean_local_graph,true_dag,20,3000,5,0.5,0.2,2,mild,False,0.07,0.05,0.5,42,1249361385,"[2116603400, 487030365, 186420359, 4125405943, 3488639493]",17.8,0.7205014378680197,0.8291798938788659,0.6388888887114197,0,0.0,0.0,0.5263439971424833,378.125,12.269388914108276,2.7779996395111084,0.0073225498199462,5,,,
N3000_7e1fabaed9,9,naive,global_graph,true_dag,20,3000,5,0.5,0.2,2,mild,False,0.07,0.05,0.5,42,1249361385,"[2116603400, 487030365, 186420359, 4125405943, 3488639493]",18.0,0.7096774142559834,0.8461538458284024,0.6111111109413581,0,0.0,0.0,0.0,378.125,12.262534141540527,2.77114486694336,0.0004677772521972,5,"[0.2, 0.2, 0.2, 0.2, 0.2]","n_oriented=0 / Dir_F1=0 BY CONSTRUCTION (no Sepsets passed to orientation) -- definitional, not independent evidence of a weighting effect; see factorial ablation for that comparison.",
N3000_7e1fabaed9,9,fedpc_consensus,global_graph,true_dag,20,3000,5,0.5,0.2,2,mild,False,0.07,0.05,0.5,42,1249361385,"[2116603400, 487030365, 186420359, 4125405943, 3488639493]",18.0,0.7096774142559834,0.8461538458284024,0.6111111109413581,20,0.6999999996499999,0.3888888887808642,0.4999999952295919,378.125,12.266345500946043,2.774956226348877,0.0042791366577148,5,"[0.20419663461059076, 0.20507375345539638, 0.1814537374180714, 0.2038664231483707, 0.20540945136757074]",,330.0
N3000_7e1fabaed9,9,fedpc_oracle,global_graph,true_dag,20,3000,5,0.5,0.2,2,mild,False,0.07,0.05,0.5,42,1249361385,"[2116603400, 487030365, 186420359, 4125405943, 3488639493]",18.0,0.7096774142559834,0.8461538458284024,0.6111111109413581,20,0.6999999996499999,0.3888888887808642,0.4999999952295919,378.125,12.26617670059204,2.774787425994873,0.0041103363037109,5,"[0.18856055669343946, 0.20515841552385028, 0.18188637872352081, 0.20353981497810536, 0.2208548340810841]","ablation only -- requires ground truth, not deployable",330.0
N3000_7e1fabaed9,10,centralized,global_graph,true_dag,20,3000,5,0.5,0.2,2,mild,False,0.07,0.05,0.5,42,3347416415,"[4081773671, 2428280783, 3975284736, 3500290424, 66671857]",18.0,0.727272722070707,0.7741935481373569,0.6857142855183673,25,0.59999999976,0.4285714284489796,0.4999999949722223,0.0,6.993901014328003,6.993901014328003,0.0,1,,,
N3000_7e1fabaed9,10,local,mean_local_graph,true_dag,20,3000,5,0.5,0.2,2,mild,False,0.07,0.05,0.5,42,3347416415,"[4081773671, 2428280783, 3975284736, 3500290424, 66671857]",20.8,0.6457443515710843,0.8005128201727045,0.5428571427020408,0,0.0,0.0,0.4547884407561821,498.125,15.710211992263794,3.589235544204712,0.0056211948394775,5,,,
N3000_7e1fabaed9,10,naive,global_graph,true_dag,20,3000,5,0.5,0.2,2,mild,False,0.07,0.05,0.5,42,3347416415,"[4081773671, 2428280783, 3975284736, 3500290424, 66671857]",19.0,0.6779660966388968,0.8333333329861111,0.5714285712653061,0,0.0,0.0,0.0,498.125,15.70507287979126,3.5840964317321777,0.0004820823669433,5,"[0.2, 0.2, 0.2, 0.2, 0.2]","n_oriented=0 / Dir_F1=0 BY CONSTRUCTION (no Sepsets passed to orientation) -- definitional, not independent evidence of a weighting effect; see factorial ablation for that comparison.",
N3000_7e1fabaed9,10,fedpc_consensus,global_graph,true_dag,20,3000,5,0.5,0.2,2,mild,False,0.07,0.05,0.5,42,3347416415,"[4081773671, 2428280783, 3975284736, 3500290424, 66671857]",19.0,0.6779660966388968,0.8333333329861111,0.5714285712653061,19,0.6842105259556787,0.371428571322449,0.4814814767421126,498.125,15.70865511894226,3.5876786708831787,0.0040643215179443,5,"[0.17416257238201385, 0.2034356558474896, 0.20142100028820115, 0.22394237217669444, 0.19703839930560094]",,338.0
N3000_7e1fabaed9,10,fedpc_oracle,global_graph,true_dag,20,3000,5,0.5,0.2,2,mild,False,0.07,0.05,0.5,42,3347416415,"[4081773671, 2428280783, 3975284736, 3500290424, 66671857]",19.0,0.6779660966388968,0.8333333329861111,0.5714285712653061,19,0.6842105259556787,0.371428571322449,0.4814814767421126,498.125,15.708545684814451,3.587569236755371,0.0039548873901367,5,"[0.18297499334895595, 0.21280252023451077, 0.2058825779618924, 0.22007729764455145, 0.17826261081008937]","ablation only -- requires ground truth, not deployable",338.0
N3000_7e1fabaed9,11,centralized,global_graph,true_dag,20,3000,5,0.5,0.2,2,mild,False,0.07,0.05,0.5,42,1015085841,"[2558301386, 4182337309, 533140604, 534280971, 975636486]",30.0,0.5833333282677471,0.6774193546201873,0.5121951218262939,28,0.4999999998214285,0.3414634145508626,0.4057970965091367,0.0,5.310391187667847,5.310391187667847,0.0,1,,,
N3000_7e1fabaed9,11,local,mean_local_graph,true_dag,20,3000,5,0.5,0.2,2,mild,False,0.07,0.05,0.5,42,1015085841,"[2558301386, 4182337309, 533140604, 534280971, 975636486]",30.8,0.5185102305236784,0.7225330318695394,0.4048780486817371,0,0.0,0.0,0.3649084033919485,485.625,15.398524284362791,3.45691990852356,0.0060024261474609,5,,,
N3000_7e1fabaed9,11,naive,global_graph,true_dag,20,3000,5,0.5,0.2,2,mild,False,0.07,0.05,0.5,42,1015085841,"[2558301386, 4182337309, 533140604, 534280971, 975636486]",31.0,0.5079365032300327,0.7272727269421487,0.3902439023438429,0,0.0,0.0,0.0,485.625,15.393114805221558,3.451510429382324,0.0005929470062255,5,"[0.2, 0.2, 0.2, 0.2, 0.2]","n_oriented=0 / Dir_F1=0 BY CONSTRUCTION (no Sepsets passed to orientation) -- definitional, not independent evidence of a weighting effect; see factorial ablation for that comparison.",
N3000_7e1fabaed9,11,fedpc_consensus,global_graph,true_dag,20,3000,5,0.5,0.2,2,mild,False,0.07,0.05,0.5,42,1015085841,"[2558301386, 4182337309, 533140604, 534280971, 975636486]",31.0,0.5079365032300327,0.7272727269421487,0.3902439023438429,19,0.5263157891966759,0.2439024389649018,0.3333333288944445,485.625,15.396125316619871,3.45452094078064,0.003603458404541,5,"[0.19284778786327592, 0.2070444697812364, 0.19876508553694414, 0.18733418117013526, 0.21400847564840836]",,342.0
N3000_7e1fabaed9,11,fedpc_oracle,global_graph,true_dag,20,3000,5,0.5,0.2,2,mild,False,0.07,0.05,0.5,42,1015085841,"[2558301386, 4182337309, 533140604, 534280971, 975636486]",31.0,0.5079365032300327,0.7272727269421487,0.3902439023438429,19,0.5263157891966759,0.2439024389649018,0.3333333288944445,485.625,15.396164894104004,3.4545605182647705,0.0036430358886718,5,"[0.18552669121301965, 0.173750283113383, 0.22763795711098866, 0.21614397115411949, 0.19694109740848922]","ablation only -- requires ground truth, not deployable",342.0
N3000_7e1fabaed9,12,centralized,global_graph,true_dag,20,3000,5,0.5,0.2,2,mild,False,0.07,0.05,0.5,42,2241657973,"[853644174, 2624675815, 1394035578, 2054574427, 902225837]",25.0,0.6153846102248521,0.6666666664444444,0.5714285712653061,28,0.5357142855229592,0.4285714284489796,0.4761904711010331,0.0,8.236384391784668,8.236384391784668,0.0,1,,,
N3000_7e1fabaed9,12,local,mean_local_graph,true_dag,20,3000,5,0.5,0.2,2,mild,False,0.07,0.05,0.5,42,2241657973,"[853644174, 2624675815, 1394035578, 2054574427, 902225837]",25.4,0.5130563841482598,0.7805710349742165,0.382857142747755,0,0.0,0.0,0.1826223264571917,521.25,18.284197092056274,3.8932855129241934,0.0035481452941894,5,,,
N3000_7e1fabaed9,12,naive,global_graph,true_dag,20,3000,5,0.5,0.2,2,mild,False,0.07,0.05,0.5,42,2241657973,"[853644174, 2624675815, 1394035578, 2054574427, 902225837]",25.0,0.5098039170626684,0.8124999994921874,0.371428571322449,0,0.0,0.0,0.0,521.25,18.280981063842773,3.890069484710693,0.0003321170806884,5,"[0.2, 0.2, 0.2, 0.2, 0.2]","n_oriented=0 / Dir_F1=0 BY CONSTRUCTION (no Sepsets passed to orientation) -- definitional, not independent evidence of a weighting effect; see factorial ablation for that comparison.",
N3000_7e1fabaed9,12,fedpc_consensus,global_graph,true_dag,20,3000,5,0.5,0.2,2,mild,False,0.07,0.05,0.5,42,2241657973,"[853644174, 2624675815, 1394035578, 2054574427, 902225837]",25.0,0.5098039170626684,0.8124999994921874,0.371428571322449,6,0.4999999991666666,0.0857142856897959,0.1463414608447353,521.25,18.28528928756714,3.8943777084350586,0.0046403408050537,5,"[0.18576088609359367, 0.2022964722199377, 0.20539378549136042, 0.1895955136297796, 0.21695334256532856]",,348.0
N3000_7e1fabaed9,12,fedpc_oracle,global_graph,true_dag,20,3000,5,0.5,0.2,2,mild,False,0.07,0.05,0.5,42,2241657973,"[853644174, 2624675815, 1394035578, 2054574427, 902225837]",25.0,0.5098039170626684,0.8124999994921874,0.371428571322449,6,0.4999999991666666,0.0857142856897959,0.1463414608447353,521.25,18.284382581710812,3.893471002578736,0.0037336349487304,5,"[0.20394477763384009, 0.17476985287839708, 0.18963742715459764, 0.2117134111554302, 0.21993453117773498]","ablation only -- requires ground truth, not deployable",348.0
N3000_7e1fabaed9,13,centralized,global_graph,true_dag,20,3000,5,0.5,0.2,2,mild,False,0.07,0.05,0.5,42,660532597,"[1498360558, 1661775678, 2436094784, 2196962734, 4069363472]",28.0,0.562499995415039,0.8571428567346938,0.4186046510654407,17,0.7058823525259516,0.2790697673769605,0.3999999958055555,0.0,9.97465205192566,9.97465205192566,0.0,1,,,
N3000_7e1fabaed9,13,local,mean_local_graph,true_dag,20,3000,5,0.5,0.2,2,mild,False,0.07,0.05,0.5,42,660532597,"[1498360558, 1661775678, 2436094784, 2196962734, 4069363472]",28.2,0.5579023842649361,0.85717247623205,0.4139534882758248,0,0.0,0.0,0.3389856848874576,618.125,24.496798992156982,5.197006702423096,0.0046758651733398,5,,,
N3000_7e1fabaed9,13,naive,global_graph,true_dag,20,3000,5,0.5,0.2,2,mild,False,0.07,0.05,0.5,42,660532597,"[1498360558, 1661775678, 2436094784, 2196962734, 4069363472]",28.0,0.5483870923465141,0.894736841634349,0.3953488371173607,0,0.0,0.0,0.0,618.125,24.49244165420532,5.192649364471436,0.0003185272216796,5,"[0.2, 0.2, 0.2, 0.2, 0.2]","n_oriented=0 / Dir_F1=0 BY CONSTRUCTION (no Sepsets passed to orientation) -- definitional, not independent evidence of a weighting effect; see factorial ablation for that comparison.",
N3000_7e1fabaed9,13,fedpc_consensus,global_graph,true_dag,20,3000,5,0.5,0.2,2,mild,False,0.07,0.05,0.5,42,660532597,"[1498360558, 1661775678, 2436094784, 2196962734, 4069363472]",28.0,0.5483870923465141,0.894736841634349,0.3953488371173607,13,0.6923076917751478,0.2093023255327203,0.3214285677487244,618.125,24.49652600288391,5.196733713150024,0.0044028759002685,5,"[0.2163437982217547, 0.1936234011602164, 0.221180686090781, 0.20010040951009492, 0.1687517050171529]",,348.0
N3000_7e1fabaed9,13,fedpc_oracle,global_graph,true_dag,20,3000,5,0.5,0.2,2,mild,False,0.07,0.05,0.5,42,660532597,"[1498360558, 1661775678, 2436094784, 2196962734, 4069363472]",28.0,0.5483870923465141,0.894736841634349,0.3953488371173607,13,0.6923076917751478,0.2093023255327203,0.3214285677487244,618.125,24.496205806732178,5.196413516998291,0.0040826797485351,5,"[0.18671421347185282, 0.22599971430998533, 0.21909936790284054, 0.17540087869750037, 0.192785825617821]","ablation only -- requires ground truth, not deployable",348.0
N3000_7e1fabaed9,14,centralized,global_graph,true_dag,20,3000,5,0.5,0.2,2,mild,False,0.07,0.05,0.5,42,1946557707,"[1415173461, 4082869166, 2970831848, 687509209, 799632737]",36.0,0.4857142816204082,0.894736841634349,0.3333333332679739,13,0.5384615380473372,0.1372549019338715,0.2187499966943359,0.0,10.81923794746399,10.81923794746399,0.0,1,,,
N3000_7e1fabaed9,14,local,mean_local_graph,true_dag,20,3000,5,0.5,0.2,2,mild,False,0.07,0.05,0.5,42,1946557707,"[1415173461, 4082869166, 2970831848, 687509209, 799632737]",38.8,0.4456890556579055,0.8253947364018153,0.3058823528811995,0,0.0,0.0,0.2310853429517401,638.125,23.605239391326904,5.409055233001709,0.0042705535888671,5,,,
N3000_7e1fabaed9,14,naive,global_graph,true_dag,20,3000,5,0.5,0.2,2,mild,False,0.07,0.05,0.5,42,1946557707,"[1415173461, 4082869166, 2970831848, 687509209, 799632737]",39.0,0.4347826047132955,0.8333333328703704,0.2941176470011534,0,0.0,0.0,0.0,638.125,23.60134029388428,5.405156135559082,0.0003714561462402,5,"[0.2, 0.2, 0.2, 0.2, 0.2]","n_oriented=0 / Dir_F1=0 BY CONSTRUCTION (no Sepsets passed to orientation) -- definitional, not independent evidence of a weighting effect; see factorial ablation for that comparison.",
N3000_7e1fabaed9,14,fedpc_consensus,global_graph,true_dag,20,3000,5,0.5,0.2,2,mild,False,0.07,0.05,0.5,42,1946557707,"[1415173461, 4082869166, 2970831848, 687509209, 799632737]",39.0,0.4347826047132955,0.8333333328703704,0.2941176470011534,13,0.5384615380473372,0.1372549019338715,0.2187499966943359,638.125,23.604808568954468,5.4086244106292725,0.0038397312164306,5,"[0.20363285221070776, 0.18488268968230276, 0.19164568607434787, 0.19370126121243297, 0.22613751082020866]",,348.0
N3000_7e1fabaed9,14,fedpc_oracle,global_graph,true_dag,20,3000,5,0.5,0.2,2,mild,False,0.07,0.05,0.5,42,1946557707,"[1415173461, 4082869166, 2970831848, 687509209, 799632737]",39.0,0.4347826047132955,0.8333333328703704,0.2941176470011534,13,0.5384615380473372,0.1372549019338715,0.2187499966943359,638.125,23.606745958328247,5.410561800003052,0.0057771205902099,5,"[0.20444963513564007, 0.1848627928045672, 0.20178830178851256, 0.20444963513564007, 0.20444963513564007]","ablation only -- requires ground truth, not deployable",348.0
phi0.1_7341ed6429,0,centralized,global_graph,true_dag,20,5000,5,0.5,0.1,2,mild,False,0.07,0.05,0.5,42,1522192148,"[1092359953, 2201791256, 479747187, 3642458529, 4240420478]",2.0,0.9411764650519031,0.8888888883950616,0.999999999375,14,0.7142857137755102,0.624999999609375,0.6666666612444445,0.0,5.33617901802063,5.33617901802063,0.0,1,,,
phi0.1_7341ed6429,0,local,mean_local_graph,true_dag,20,5000,5,0.5,0.1,2,mild,False,0.07,0.05,0.5,42,1522192148,"[1092359953, 2201791256, 479747187, 3642458529, 4240420478]",2.0,0.9390029269746666,0.9294117641361304,0.9499999994062499,0,0.0,0.0,0.5930592344398377,231.875,3.9815943241119385,0.8568603992462158,0.0030336380004882812,5,,,
phi0.1_7341ed6429,0,naive,global_graph,true_dag,20,5000,5,0.5,0.1,2,mild,False,0.07,0.05,0.5,42,1522192148,"[1092359953, 2201791256, 479747187, 3642458529, 4240420478]",1.0,0.9677419298647243,0.9999999993333333,0.9374999994140625,0,0.0,0.0,0.0,231.875,3.9789369106292725,0.8542029857635498,0.0003762245178222656,5,"[0.2, 0.2, 0.2, 0.2, 0.2]","n_oriented=0 / Dir_F1=0 BY CONSTRUCTION (no Sepsets passed to orientation) -- definitional, not independent evidence of a weighting effect; see factorial ablation for that comparison.",
phi0.1_7341ed6429,0,fedpc_consensus,global_graph,true_dag,20,5000,5,0.5,0.1,2,mild,False,0.07,0.05,0.5,42,1522192148,"[1092359953, 2201791256, 479747187, 3642458529, 4240420478]",1.0,0.9677419298647243,0.9999999993333333,0.9374999994140625,8,0.8749999989062499,0.4374999997265625,0.5833333284027779,231.875,3.9819185733795166,0.857184648513794,0.0033578872680664062,5,"[0.16444399194902562, 0.22067112536292738, 0.1871933935030098, 0.21095092809919774, 0.21674056108583947]",,350.0
phi0.1_7341ed6429,0,fedpc_oracle,global_graph,true_dag,20,5000,5,0.5,0.1,2,mild,False,0.07,0.05,0.5,42,1522192148,"[1092359953, 2201791256, 479747187, 3642458529, 4240420478]",1.0,0.9677419298647243,0.9999999993333333,0.9374999994140625,8,0.8749999989062499,0.4374999997265625,0.5833333284027779,231.875,3.9817237854003906,0.856989860534668,0.0031630992889404297,5,"[0.16276112166766232, 0.21172961780574656, 0.18684312451005833, 0.21258595514412945, 0.22608018087240347]","ablation only -- requires ground truth, not deployable",350.0
phi0.1_7341ed6429,1,centralized,global_graph,true_dag,20,5000,5,0.5,0.1,2,mild,False,0.07,0.05,0.5,42,1424897579,"[2127670283, 1966064418, 2158493592, 3889974067, 2106074326]",0.0,0.9999999945454545,0.9999999995454545,0.9999999995454545,17,0.941176470034602,0.7272727269421487,0.8205128151742276,0.0,5.306769371032715,5.306769371032715,0.0,1,,,
phi0.1_7341ed6429,1,local,mean_local_graph,true_dag,20,5000,5,0.5,0.1,2,mild,False,0.07,0.05,0.5,42,1424897579,"[2127670283, 1966064418, 2158493592, 3889974067, 2106074326]",1.0,0.9775622705042805,0.9742424238022022,0.9818181813719008,0,0.0,0.0,0.751814145502196,331.875,6.980186462402344,1.4714784622192383,0.0036361217498779297,5,,,
phi0.1_7341ed6429,1,naive,global_graph,true_dag,20,5000,5,0.5,0.1,2,mild,False,0.07,0.05,0.5,42,1424897579,"[2127670283, 1966064418, 2158493592, 3889974067, 2106074326]",0.0,0.9999999945454545,0.9999999995454545,0.9999999995454545,0,0.0,0.0,0.0,331.875,6.976882457733154,1.4681744575500488,0.00033211708068847656,5,"[0.2, 0.2, 0.2, 0.2, 0.2]","n_oriented=0 / Dir_F1=0 BY CONSTRUCTION (no Sepsets passed to orientation) -- definitional, not independent evidence of a weighting effect; see factorial ablation for that comparison.",
phi0.1_7341ed6429,1,fedpc_consensus,global_graph,true_dag,20,5000,5,0.5,0.1,2,mild,False,0.07,0.05,0.5,42,1424897579,"[2127670283, 1966064418, 2158493592, 3889974067, 2106074326]",0.0,0.9999999945454545,0.9999999995454545,0.9999999995454545,17,0.941176470034602,0.7272727269421487,0.8205128151742276,331.875,6.980241537094116,1.4715335369110107,0.0036911964416503906,5,"[0.18429442939499618, 0.20459256050586722, 0.20961594264542113, 0.19188112480829425, 0.20961594264542113]",,338.0
phi0.1_7341ed6429,1,fedpc_oracle,global_graph,true_dag,20,5000,5,0.5,0.1,2,mild,False,0.07,0.05,0.5,42,1424897579,"[2127670283, 1966064418, 2158493592, 3889974067, 2106074326]",0.0,0.9999999945454545,0.9999999995454545,0.9999999995454545,17,0.941176470034602,0.7272727269421487,0.8205128151742276,331.875,6.979665040969849,1.4709570407867432,0.0031147003173828125,5,"[0.1914039447553778, 0.1995826865286047, 0.20919976614796626, 0.1906138364200851, 0.20919976614796626]","ablation only -- requires ground truth, not deployable",338.0
phi0.1_7341ed6429,2,centralized,global_graph,true_dag,20,5000,5,0.5,0.1,2,mild,False,0.07,0.05,0.5,42,3920873992,"[2860319603, 3546196758, 664819579, 1572051904, 166732613]",4.0,0.8888888834104938,0.941176470034602,0.8421052627146814,9,0.9999999988888888,0.4736842102770083,0.6428571380357143,0.0,7.051548004150391,7.051548004150391,0.0,1,,,
phi0.1_7341ed6429,2,local,mean_local_graph,true_dag,20,5000,5,0.5,0.1,2,mild,False,0.07,0.05,0.5,42,3920873992,"[2860319603, 3546196758, 664819579, 1572051904, 166732613]",5.0,0.8639007373855325,0.899724801688282,0.8315789469307479,0,0.0,0.0,0.664674808516824,271.25,6.324854135513306,1.5739080905914307,0.0032622814178466797,5,,,
phi0.1_7341ed6429,2,naive,global_graph,true_dag,20,5000,5,0.5,0.1,2,mild,False,0.07,0.05,0.5,42,3920873992,"[2860319603, 3546196758, 664819579, 1572051904, 166732613]",3.0,0.9142857088,0.999999999375,0.8421052627146814,0,0.0,0.0,0.0,271.25,6.3219475746154785,1.5710015296936035,0.00035572052001953125,5,"[0.2, 0.2, 0.2, 0.2, 0.2]","n_oriented=0 / Dir_F1=0 BY CONSTRUCTION (no Sepsets passed to orientation) -- definitional, not independent evidence of a weighting effect; see factorial ablation for that comparison.",
phi0.1_7341ed6429,2,fedpc_consensus,global_graph,true_dag,20,5000,5,0.5,0.1,2,mild,False,0.07,0.05,0.5,42,3920873992,"[2860319603, 3546196758, 664819579, 1572051904, 166732613]",3.0,0.9142857088,0.999999999375,0.8421052627146814,9,0.9999999988888888,0.4736842102770083,0.6428571380357143,271.25,6.3248677253723145,1.5739216804504395,0.0032758712768554688,5,"[0.20723447654031882, 0.16918763855462382, 0.20900119174673354, 0.20900119174673354, 0.20557550141159028]",,350.0
phi0.1_7341ed6429,2,fedpc_oracle,global_graph,true_dag,20,5000,5,0.5,0.1,2,mild,False,0.07,0.05,0.5,42,3920873992,"[2860319603, 3546196758, 664819579, 1572051904, 166732613]",3.0,0.9142857088,0.999999999375,0.8421052627146814,9,0.9999999988888888,0.4736842102770083,0.6428571380357143,271.25,6.3249192237854,1.5739731788635254,0.0033273696899414062,5,"[0.18556264249316767, 0.16654375659001094, 0.21112905117230654, 0.21112905117230654, 0.22563549857220827]","ablation only -- requires ground truth, not deployable",350.0
phi0.1_7341ed6429,3,centralized,global_graph,true_dag,20,5000,5,0.5,0.1,2,mild,False,0.07,0.05,0.5,42,3044626762,"[3857992216, 2029993524, 1802466613, 304364269, 1474050172]",0.0,0.9999999944736842,0.9999999994736841,0.9999999994736841,10,0.9999999989999999,0.5263157891966759,0.6896551674197383,0.0,5.997308015823364,5.997308015823364,0.0,1,,,
phi0.1_7341ed6429,3,local,mean_local_graph,true_dag,20,5000,5,0.5,0.1,2,mild,False,0.07,0.05,0.5,42,3044626762,"[3857992216, 2029993524, 1802466613, 304364269, 1474050172]",3.0,0.9211303151260806,0.9176775266709842,0.9263157889861496,0,0.0,0.0,0.6518966187727583,264.375,5.372865915298462,1.1996703147888184,0.005119800567626953,5,,,
phi0.1_7341ed6429,3,naive,global_graph,true_dag,20,5000,5,0.5,0.1,2,mild,False,0.07,0.05,0.5,42,3044626762,"[3857992216, 2029993524, 1802466613, 304364269, 1474050172]",1.0,0.972972967450694,0.9999999994444444,0.9473684205540166,0,0.0,0.0,0.0,264.375,5.368254899978638,1.1950592994689941,0.0005087852478027344,5,"[0.2, 0.2, 0.2, 0.2, 0.2]","n_oriented=0 / Dir_F1=0 BY CONSTRUCTION (no Sepsets passed to orientation) -- definitional, not independent evidence of a weighting effect; see factorial ablation for that comparison.",
phi0.1_7341ed6429,3,fedpc_consensus,global_graph,true_dag,20,5000,5,0.5,0.1,2,mild,False,0.07,0.05,0.5,42,3044626762,"[3857992216, 2029993524, 1802466613, 304364269, 1474050172]",1.0,0.972972967450694,0.9999999994444444,0.9473684205540166,12,0.9166666659027777,0.5789473681163435,0.7096774141519251,264.375,5.372072696685791,1.1988770961761475,0.004326581954956055,5,"[0.20315904286132516, 0.1957157036225003, 0.23283612062563738, 0.17869350692389255, 0.18959562596664467]",,346.0
phi0.1_7341ed6429,3,fedpc_oracle,global_graph,true_dag,20,5000,5,0.5,0.1,2,mild,False,0.07,0.05,0.5,42,3044626762,"[3857992216, 2029993524, 1802466613, 304364269, 1474050172]",1.0,0.972972967450694,0.9999999994444444,0.9473684205540166,12,0.9166666659027777,0.5789473681163435,0.7096774141519251,264.375,5.371358633041382,1.1981630325317383,0.003612518310546875,5,"[0.20049707679261233, 0.18837484079589417, 0.2227582570885274, 0.17600652389337595, 0.21236330142958995]","ablation only -- requires ground truth, not deployable",346.0
phi0.1_7341ed6429,4,centralized,global_graph,true_dag,20,5000,5,0.5,0.1,2,mild,False,0.07,0.05,0.5,42,3980258871,"[3258440582, 727017022, 2784551122, 2414712591, 1018617098]",2.0,0.9499999945250001,0.9499999995249999,0.9499999995249999,15,0.9333333327111111,0.6999999996499999,0.799999994644898,0.0,10.388579607009888,10.388579607009888,0.0,1,,,
phi0.1_7341ed6429,4,local,mean_local_graph,true_dag,20,5000,5,0.5,0.1,2,mild,False,0.07,0.05,0.5,42,3980258871,"[3258440582, 727017022, 2784551122, 2414712591, 1018617098]",1.6,0.9597435842600361,0.9699999995044737,0.9499999995249999,0,0.0,0.0,0.7955555501974,300.0,7.06344747543335,1.5674538612365723,0.004502534866333008,5,,,
phi0.1_7341ed6429,4,naive,global_graph,true_dag,20,5000,5,0.5,0.1,2,mild,False,0.07,0.05,0.5,42,3980258871,"[3258440582, 727017022, 2784551122, 2414712591, 1018617098]",1.0,0.9743589688625904,0.9999999994736841,0.9499999995249999,0,0.0,0.0,0.0,300.0,7.059338808059692,1.563345193862915,0.00039386749267578125,5,"[0.2, 0.2, 0.2, 0.2, 0.2]","n_oriented=0 / Dir_F1=0 BY CONSTRUCTION (no Sepsets passed to orientation) -- definitional, not independent evidence of a weighting effect; see factorial ablation for that comparison.",
phi0.1_7341ed6429,4,fedpc_consensus,global_graph,true_dag,20,5000,5,0.5,0.1,2,mild,False,0.07,0.05,0.5,42,3980258871,"[3258440582, 727017022, 2784551122, 2414712591, 1018617098]",1.0,0.9743589688625904,0.9999999994736841,0.9499999995249999,15,0.9333333327111111,0.6999999996499999,0.799999994644898,300.0,7.062577486038208,1.5665838718414307,0.0036325454711914062,5,"[0.19401109541884365, 0.20898335687173447, 0.19401109541884365, 0.20898335687173447, 0.1940110954188437]",,342.0
phi0.1_7341ed6429,4,fedpc_oracle,global_graph,true_dag,20,5000,5,0.5,0.1,2,mild,False,0.07,0.05,0.5,42,3980258871,"[3258440582, 727017022, 2784551122, 2414712591, 1018617098]",1.0,0.9743589688625904,0.9999999994736841,0.9499999995249999,15,0.9333333327111111,0.6999999996499999,0.799999994644898,300.0,7.062702894210815,1.566709280014038,0.003757953643798828,5,"[0.19592940871400907, 0.2061058869289864, 0.19592940871400907, 0.2061058869289864, 0.19592940871400907]","ablation only -- requires ground truth, not deployable",342.0
phi0.1_7341ed6429,5,centralized,global_graph,true_dag,20,5000,5,0.5,0.1,2,mild,False,0.07,0.05,0.5,42,3766667660,"[2890544752, 595046014, 719397993, 2151129047, 293219068]",3.0,0.9230769176068376,0.89999999955,0.9473684205540166,8,0.7499999990624999,0.3157894735180055,0.4444444399451303,0.0,5.456685781478882,5.456685781478882,0.0,1,,,
phi0.1_7341ed6429,5,local,mean_local_graph,true_dag,20,5000,5,0.5,0.1,2,mild,False,0.07,0.05,0.5,42,3766667660,"[2890544752, 595046014, 719397993, 2151129047, 293219068]",2.4,0.9365357205136865,0.9478362567985981,0.9263157889861496,0,0.0,0.0,0.5777142812086286,285.625,5.723453998565674,1.2216222286224365,0.0036978721618652344,5,,,
phi0.1_7341ed6429,5,naive,global_graph,true_dag,20,5000,5,0.5,0.1,2,mild,False,0.07,0.05,0.5,42,3766667660,"[2890544752, 595046014, 719397993, 2151129047, 293219068]",1.0,0.972972967450694,0.9999999994444444,0.9473684205540166,0,0.0,0.0,0.0,285.625,5.720293045043945,1.218461275100708,0.0005369186401367188,5,"[0.2, 0.2, 0.2, 0.2, 0.2]","n_oriented=0 / Dir_F1=0 BY CONSTRUCTION (no Sepsets passed to orientation) -- definitional, not independent evidence of a weighting effect; see factorial ablation for that comparison.",
phi0.1_7341ed6429,5,fedpc_consensus,global_graph,true_dag,20,5000,5,0.5,0.1,2,mild,False,0.07,0.05,0.5,42,3766667660,"[2890544752, 595046014, 719397993, 2151129047, 293219068]",1.0,0.972972967450694,0.9999999994444444,0.9473684205540166,9,0.9999999988888888,0.4736842102770083,0.6428571380357143,285.625,5.723141670227051,1.2213099002838135,0.0033855438232421875,5,"[0.18770731182035177, 0.21797257508160475, 0.18115857405940983, 0.21797257508160475, 0.1951889639570289]",,346.0
phi0.1_7341ed6429,5,fedpc_oracle,global_graph,true_dag,20,5000,5,0.5,0.1,2,mild,False,0.07,0.05,0.5,42,3766667660,"[2890544752, 595046014, 719397993, 2151129047, 293219068]",1.0,0.972972967450694,0.9999999994444444,0.9473684205540166,9,0.9999999988888888,0.4736842102770083,0.6428571380357143,285.625,5.723369836807251,1.2215380668640137,0.003613710403442383,5,"[0.19407638998764667, 0.21562468175233998, 0.18234235456699635, 0.21562468175233998, 0.19233189194067699]","ablation only -- requires ground truth, not deployable",346.0
phi0.1_7341ed6429,6,centralized,global_graph,true_dag,20,5000,5,0.5,0.1,2,mild,False,0.07,0.05,0.5,42,1526557151,"[3976637317, 4243734784, 3893099283, 4274950334, 652008019]",3.0,0.9268292628435455,0.9499999995249999,0.9047619043310657,13,0.9230769223668639,0.5714285711564626,0.7058823478027683,0.0,8.503958940505981,8.503958940505981,0.0,1,,,
phi0.1_7341ed6429,6,local,mean_local_graph,true_dag,20,5000,5,0.5,0.1,2,mild,False,0.07,0.05,0.5,42,1526557151,"[3976637317, 4243734784, 3893099283, 4274950334, 652008019]",4.0,0.9024041757481405,0.9309022551674788,0.8761904757732426,0,0.0,0.0,0.6619174070972101,314.375,6.326408386230469,1.4331448078155518,0.004616260528564453,5,,,
phi0.1_7341ed6429,6,naive,global_graph,true_dag,20,5000,5,0.5,0.1,2,mild,False,0.07,0.05,0.5,42,1526557151,"[3976637317, 4243734784, 3893099283, 4274950334, 652008019]",2.0,0.9499999945375001,0.9999999994736841,0.9047619043310657,0,0.0,0.0,0.0,314.375,6.322672367095947,1.4294087886810303,0.0008802413940429688,5,"[0.2, 0.2, 0.2, 0.2, 0.2]","n_oriented=0 / Dir_F1=0 BY CONSTRUCTION (no Sepsets passed to orientation) -- definitional, not independent evidence of a weighting effect; see factorial ablation for that comparison.",
phi0.1_7341ed6429,6,fedpc_consensus,global_graph,true_dag,20,5000,5,0.5,0.1,2,mild,False,0.07,0.05,0.5,42,1526557151,"[3976637317, 4243734784, 3893099283, 4274950334, 652008019]",2.0,0.9499999945375001,0.9999999994736841,0.9047619043310657,12,0.9999999991666666,0.5714285711564626,0.7272727222038567,314.375,6.327594041824341,1.4343304634094238,0.0058019161224365234,5,"[0.19614975331514278, 0.22181911566693077, 0.20071305939897816, 0.20729217976104042, 0.1740258918579079]",,344.0
phi0.1_7341ed6429,6,fedpc_oracle,global_graph,true_dag,20,5000,5,0.5,0.1,2,mild,False,0.07,0.05,0.5,42,1526557151,"[3976637317, 4243734784, 3893099283, 4274950334, 652008019]",2.0,0.9499999945375001,0.9999999994736841,0.9047619043310657,12,0.9999999991666666,0.5714285711564626,0.7272727222038567,314.375,6.327775001525879,1.434511423110962,0.005982875823974609,5,"[0.18909403341894496, 0.22135419064893855, 0.19866691891529126, 0.21068810526275497, 0.18019675175407032]","ablation only -- requires ground truth, not deployable",344.0
phi0.1_7341ed6429,7,centralized,global_graph,true_dag,20,5000,5,0.5,0.1,2,mild,False,0.07,0.05,0.5,42,3388747265,"[2600611912, 1826220676, 1904708579, 2627673931, 2150727135]",3.0,0.9302325527095728,0.9090909086776859,0.9523809519274377,15,0.8666666660888889,0.6190476187528344,0.7222222169598765,0.0,14.5616614818573,14.5616614818573,0.0,1,,,
phi0.1_7341ed6429,7,local,mean_local_graph,true_dag,20,5000,5,0.5,0.1,2,mild,False,0.07,0.05,0.5,42,3388747265,"[2600611912, 1826220676, 1904708579, 2627673931, 2150727135]",2.6,0.9368060340360571,0.9609523804709499,0.9142857138503402,0,0.0,0.0,0.6736630965161476,243.125,7.224075078964233,1.6244921684265137,0.0036187171936035156,5,,,
phi0.1_7341ed6429,7,naive,global_graph,true_dag,20,5000,5,0.5,0.1,2,mild,False,0.07,0.05,0.5,42,3388747265,"[2600611912, 1826220676, 1904708579, 2627673931, 2150727135]",2.0,0.9499999945375001,0.9999999994736841,0.9047619043310657,0,0.0,0.0,0.0,243.125,7.220829725265503,1.6212468147277832,0.0003733634948730469,5,"[0.2, 0.2, 0.2, 0.2, 0.2]","n_oriented=0 / Dir_F1=0 BY CONSTRUCTION (no Sepsets passed to orientation) -- definitional, not independent evidence of a weighting effect; see factorial ablation for that comparison.",
phi0.1_7341ed6429,7,fedpc_consensus,global_graph,true_dag,20,5000,5,0.5,0.1,2,mild,False,0.07,0.05,0.5,42,3388747265,"[2600611912, 1826220676, 1904708579, 2627673931, 2150727135]",2.0,0.9499999945375001,0.9999999994736841,0.9047619043310657,12,0.9999999991666666,0.5714285711564626,0.7272727222038567,243.125,7.222938776016235,1.6233558654785156,0.0024824142456054688,5,"[0.19980708200070432, 0.21458562016932706, 0.19980708200070432, 0.19980708200070432, 0.1859931338285599]",,342.0
phi0.1_7341ed6429,7,fedpc_oracle,global_graph,true_dag,20,5000,5,0.5,0.1,2,mild,False,0.07,0.05,0.5,42,3388747265,"[2600611912, 1826220676, 1904708579, 2627673931, 2150727135]",2.0,0.9499999945375001,0.9999999994736841,0.9047619043310657,12,0.9999999991666666,0.5714285711564626,0.7272727222038567,243.125,7.223361253738403,1.6237783432006836,0.0029048919677734375,5,"[0.21676811996878423, 0.20553716039543835, 0.1956332281663515, 0.1956332281663515, 0.18642826330307444]","ablation only -- requires ground truth, not deployable",342.0
phi0.1_7341ed6429,8,centralized,global_graph,true_dag,20,5000,5,0.5,0.1,2,mild,False,0.07,0.05,0.5,42,1656912941,"[644711391, 3417485315, 2412935330, 2263818824, 1006562888]",3.0,0.9333333279407408,0.9999999995238095,0.8749999996354166,12,0.9166666659027777,0.4583333331423611,0.6111111063271606,0.0,20.36981511116028,20.36981511116028,0.0,1,,,
phi0.1_7341ed6429,8,local,mean_local_graph,true_dag,20,5000,5,0.5,0.1,2,mild,False,0.07,0.05,0.5,42,1656912941,"[644711391, 3417485315, 2412935330, 2263818824, 1006562888]",4.4,0.9018006094686921,0.971861471393289,0.8416666663159722,0,0.0,0.0,0.5821987352953036,434.375,11.559452295303345,2.6138081550598145,0.0042972564697265625,5,,,
phi0.1_7341ed6429,8,naive,global_graph,true_dag,20,5000,5,0.5,0.1,2,mild,False,0.07,0.05,0.5,42,1656912941,"[644711391, 3417485315, 2412935330, 2263818824, 1006562888]",3.0,0.9333333279407408,0.9999999995238095,0.8749999996354166,0,0.0,0.0,0.0,434.375,11.555607557296753,2.6099634170532227,0.0004525184631347656,5,"[0.2, 0.2, 0.2, 0.2, 0.2]","n_oriented=0 / Dir_F1=0 BY CONSTRUCTION (no Sepsets passed to orientation) -- definitional, not independent evidence of a weighting effect; see factorial ablation for that comparison.",
phi0.1_7341ed6429,8,fedpc_consensus,global_graph,true_dag,20,5000,5,0.5,0.1,2,mild,False,0.07,0.05,0.5,42,1656912941,"[644711391, 3417485315, 2412935330, 2263818824, 1006562888]",3.0,0.9333333279407408,0.9999999995238095,0.8749999996354166,13,0.9230769223668639,0.49999999979166665,0.6486486437399562,434.375,11.558208465576172,2.6125643253326416,0.003053426742553711,5,"[0.2156681686734693, 0.16087312373500212, 0.20173884048348126, 0.21085993355402366, 0.21085993355402366]",,340.0
phi0.1_7341ed6429,8,fedpc_oracle,global_graph,true_dag,20,5000,5,0.5,0.1,2,mild,False,0.07,0.05,0.5,42,1656912941,"[644711391, 3417485315, 2412935330, 2263818824, 1006562888]",3.0,0.9333333279407408,0.9999999995238095,0.8749999996354166,13,0.9230769223668639,0.49999999979166665,0.6486486437399562,434.375,11.55870532989502,2.6130611896514893,0.003550291061401367,5,"[0.21399338582078128, 0.1751737237971959, 0.20479045660709694, 0.20302121688746297, 0.20302121688746297]","ablation only -- requires ground truth, not deployable",340.0
phi0.1_7341ed6429,9,centralized,global_graph,true_dag,20,5000,5,0.5,0.1,2,mild,False,0.07,0.05,0.5,42,1637532689,"[1715369264, 3863611394, 2304140173, 3796420155, 1491277910]",0.0,0.9999999944117646,0.9999999994117647,0.9999999994117647,15,0.9999999993333333,0.8823529406574394,0.9374999944335937,0.0,3.568683385848999,3.568683385848999,0.0,1,,,
phi0.1_7341ed6429,9,local,mean_local_graph,true_dag,20,5000,5,0.5,0.1,2,mild,False,0.07,0.05,0.5,42,1637532689,"[1715369264, 3863611394, 2304140173, 3796420155, 1491277910]",0.6,0.9828571372912365,0.9666666661165577,0.9999999994117645,0,0.0,0.0,0.9124999944492187,208.125,3.8072011470794678,0.9218344688415527,0.0033416748046875,5,,,
phi0.1_7341ed6429,9,naive,global_graph,true_dag,20,5000,5,0.5,0.1,2,mild,False,0.07,0.05,0.5,42,1637532689,"[1715369264, 3863611394, 2304140173, 3796420155, 1491277910]",0.0,0.9999999944117646,0.9999999994117647,0.9999999994117647,0,0.0,0.0,0.0,208.125,3.8042585849761963,0.9188919067382812,0.0003991127014160156,5,"[0.2, 0.2, 0.2, 0.2, 0.2]","n_oriented=0 / Dir_F1=0 BY CONSTRUCTION (no Sepsets passed to orientation) -- definitional, not independent evidence of a weighting effect; see factorial ablation for that comparison.",
phi0.1_7341ed6429,9,fedpc_consensus,global_graph,true_dag,20,5000,5,0.5,0.1,2,mild,False,0.07,0.05,0.5,42,1637532689,"[1715369264, 3863611394, 2304140173, 3796420155, 1491277910]",0.0,0.9999999944117646,0.9999999994117647,0.9999999994117647,15,0.9999999993333333,0.8823529406574394,0.9374999944335937,208.125,3.8067471981048584,0.9213805198669434,0.002887725830078125,5,"[0.2099808017803984, 0.193346132146401, 0.2099808017803984, 0.193346132146401, 0.193346132146401]",,346.0
phi0.1_7341ed6429,9,fedpc_oracle,global_graph,true_dag,20,5000,5,0.5,0.1,2,mild,False,0.07,0.05,0.5,42,1637532689,"[1715369264, 3863611394, 2304140173, 3796420155, 1491277910]",0.0,0.9999999944117646,0.9999999994117647,0.9999999994117647,15,0.9999999993333333,0.8823529406574394,0.9374999944335937,208.125,3.807483673095703,0.9221169948577881,0.0036242008209228516,5,"[0.20699560665443947, 0.19533626223037365, 0.20699560665443947, 0.19533626223037365, 0.19533626223037365]","ablation only -- requires ground truth, not deployable",346.0
phi0.1_7341ed6429,10,centralized,global_graph,true_dag,20,5000,5,0.5,0.1,2,mild,False,0.07,0.05,0.5,42,1755764680,"[219797586, 3814100958, 3086685874, 4057364456, 2457265145]",1.0,0.9714285658775511,0.9999999994117647,0.944444443919753,10,0.9999999989999999,0.5555555552469136,0.7142857091836735,0.0,2.0010640621185303,2.0010640621185303,0.0,1,,,
phi0.1_7341ed6429,10,local,mean_local_graph,true_dag,20,5000,5,0.5,0.1,2,mild,False,0.07,0.05,0.5,42,1755764680,"[219797586, 3814100958, 3086685874, 4057364456, 2457265145]",2.2,0.9398997438570019,0.9366666661492047,0.944444443919753,0,0.0,0.0,0.7089285662766263,241.25,4.289268970489502,1.0486235618591309,0.003092527389526367,5,,,
phi0.1_7341ed6429,10,naive,global_graph,true_dag,20,5000,5,0.5,0.1,2,mild,False,0.07,0.05,0.5,42,1755764680,"[219797586, 3814100958, 3086685874, 4057364456, 2457265145]",2.0,0.944444438919753,0.944444443919753,0.944444443919753,0,0.0,0.0,0.0,241.25,4.286640882492065,1.0459954738616943,0.00046443939208984375,5,"[0.2, 0.2, 0.2, 0.2, 0.2]","n_oriented=0 / Dir_F1=0 BY CONSTRUCTION (no Sepsets passed to orientation) -- definitional, not independent evidence of a weighting effect; see factorial ablation for that comparison.",
phi0.1_7341ed6429,10,fedpc_consensus,global_graph,true_dag,20,5000,5,0.5,0.1,2,mild,False,0.07,0.05,0.5,42,1755764680,"[219797586, 3814100958, 3086685874, 4057364456, 2457265145]",2.0,0.944444438919753,0.944444443919753,0.944444443919753,10,0.9999999989999999,0.5555555552469136,0.7142857091836735,241.25,4.289485454559326,1.048840045928955,0.003309011459350586,5,"[0.21166678526414973, 0.181189204653574, 0.21166678526414973, 0.19008607913819842, 0.20539114567992803]",,346.0
phi0.1_7341ed6429,10,fedpc_oracle,global_graph,true_dag,20,5000,5,0.5,0.1,2,mild,False,0.07,0.05,0.5,42,1755764680,"[219797586, 3814100958, 3086685874, 4057364456, 2457265145]",2.0,0.944444438919753,0.944444443919753,0.944444443919753,10,0.9999999989999999,0.5555555552469136,0.7142857091836735,241.25,4.28926157951355,1.0486161708831787,0.0030851364135742188,5,"[0.20179736437715165, 0.18111453192682742, 0.20179736437715165, 0.20179736437715165, 0.21349337494171775]","ablation only -- requires ground truth, not deployable",346.0
phi0.1_7341ed6429,11,centralized,global_graph,true_dag,20,5000,5,0.5,0.1,2,mild,False,0.07,0.05,0.5,42,77967871,"[1421308750, 1288834145, 3617897336, 3404704387, 1671826416]",3.0,0.9268292628435455,0.9047619043310657,0.9499999995249999,16,0.874999999453125,0.6999999996499999,0.7777777724074074,0.0,11.459184646606445,11.459184646606445,0.0,1,,,
phi0.1_7341ed6429,11,local,mean_local_graph,true_dag,20,5000,5,0.5,0.1,2,mild,False,0.07,0.05,0.5,42,77967871,"[1421308750, 1288834145, 3617897336, 3404704387, 1671826416]",1.4,0.9646153791275542,0.9799999994942106,0.9499999995249999,0,0.0,0.0,0.7786096203992869,207.5,5.012882947921753,1.0474939346313477,0.004129886627197266,5,,,
phi0.1_7341ed6429,11,naive,global_graph,true_dag,20,5000,5,0.5,0.1,2,mild,False,0.07,0.05,0.5,42,77967871,"[1421308750, 1288834145, 3617897336, 3404704387, 1671826416]",1.0,0.9743589688625904,0.9999999994736841,0.9499999995249999,0,0.0,0.0,0.0,207.5,5.009236097335815,1.0438470840454102,0.0004830360412597656,5,"[0.2, 0.2, 0.2, 0.2, 0.2]","n_oriented=0 / Dir_F1=0 BY CONSTRUCTION (no Sepsets passed to orientation) -- definitional, not independent evidence of a weighting effect; see factorial ablation for that comparison.",
phi0.1_7341ed6429,11,fedpc_consensus,global_graph,true_dag,20,5000,5,0.5,0.1,2,mild,False,0.07,0.05,0.5,42,77967871,"[1421308750, 1288834145, 3617897336, 3404704387, 1671826416]",1.0,0.9743589688625904,0.9999999994736841,0.9499999995249999,13,0.9999999992307692,0.649999999675,0.7878787826262627,207.5,5.0130836963653564,1.0476946830749512,0.004330635070800781,5,"[0.1909645173650598, 0.1909645173650598, 0.20602365508996012, 0.20602365508996012, 0.20602365508996012]",,342.0
phi0.1_7341ed6429,11,fedpc_oracle,global_graph,true_dag,20,5000,5,0.5,0.1,2,mild,False,0.07,0.05,0.5,42,77967871,"[1421308750, 1288834145, 3617897336, 3404704387, 1671826416]",1.0,0.9743589688625904,0.9999999994736841,0.9499999995249999,13,0.9999999992307692,0.649999999675,0.7878787826262627,207.5,5.012406587600708,1.0470175743103027,0.0036535263061523438,5,"[0.19395562353641838, 0.19395562353641838, 0.20402958430905443, 0.20402958430905443, 0.20402958430905443]","ablation only -- requires ground truth, not deployable",342.0
phi0.1_7341ed6429,12,centralized,global_graph,true_dag,20,5000,5,0.5,0.1,2,mild,False,0.07,0.05,0.5,42,1062229845,"[803704872, 2827825019, 1028823711, 2487124586, 3447167996]",4.0,0.8823529356747405,0.8333333328703704,0.9374999994140625,12,0.749999999375,0.5624999996484374,0.6428571375000001,0.0,2.2105438709259033,2.2105438709259033,0.0,1,,,
phi0.1_7341ed6429,12,local,mean_local_graph,true_dag,20,5000,5,0.5,0.1,2,mild,False,0.07,0.05,0.5,42,1062229845,"[803704872, 2827825019, 1028823711, 2487124586, 3447167996]",3.8,0.8889260194480357,0.8473039210874486,0.9374999994140625,0,0.0,0.0,0.579639923819216,176.875,3.223621129989624,0.7685160636901855,0.003871917724609375,5,,,
phi0.1_7341ed6429,12,naive,global_graph,true_dag,20,5000,5,0.5,0.1,2,mild,False,0.07,0.05,0.5,42,1062229845,"[803704872, 2827825019, 1028823711, 2487124586, 3447167996]",2.0,0.9374999944140625,0.9374999994140625,0.9374999994140625,0,0.0,0.0,0.0,176.875,3.220146894454956,0.7650418281555176,0.00039768218994140625,5,"[0.2, 0.2, 0.2, 0.2, 0.2]","n_oriented=0 / Dir_F1=0 BY CONSTRUCTION (no Sepsets passed to orientation) -- definitional, not independent evidence of a weighting effect; see factorial ablation for that comparison.",
phi0.1_7341ed6429,12,fedpc_consensus,global_graph,true_dag,20,5000,5,0.5,0.1,2,mild,False,0.07,0.05,0.5,42,1062229845,"[803704872, 2827825019, 1028823711, 2487124586, 3447167996]",2.0,0.9374999944140625,0.9374999994140625,0.9374999994140625,11,0.8181818174380164,0.5624999996484374,0.6666666613443073,176.875,3.223050117492676,0.7679450511932373,0.003300905227661133,5,"[0.22419193144612423, 0.19220560370801257, 0.17384098177962842, 0.2020320916781046, 0.20772939138813026]",,348.0
phi0.1_7341ed6429,12,fedpc_oracle,global_graph,true_dag,20,5000,5,0.5,0.1,2,mild,False,0.07,0.05,0.5,42,1062229845,"[803704872, 2827825019, 1028823711, 2487124586, 3447167996]",2.0,0.9374999944140625,0.9374999994140625,0.9374999994140625,11,0.8181818174380164,0.5624999996484374,0.6666666613443073,176.875,3.222893714904785,0.7677886486053467,0.003144502639770508,5,"[0.22212044341030224, 0.1967572092786845, 0.1755025723874753, 0.1967572092786845, 0.20886256564485348]","ablation only -- requires ground truth, not deployable",348.0
phi0.1_7341ed6429,13,centralized,global_graph,true_dag,20,5000,5,0.5,0.1,2,mild,False,0.07,0.05,0.5,42,3282684447,"[856386747, 127371718, 1871069428, 1873928210, 3564563874]",2.0,0.9499999945375001,0.9047619043310657,0.9999999994736841,15,0.8666666660888889,0.6842105259556787,0.7647058769723183,0.0,3.895012617111206,3.895012617111206,0.0,1,,,
phi0.1_7341ed6429,13,local,mean_local_graph,true_dag,20,5000,5,0.5,0.1,2,mild,False,0.07,0.05,0.5,42,3282684447,"[856386747, 127371718, 1871069428, 1873928210, 3564563874]",0.8,0.9799999944992106,0.9619047614166367,0.9999999994736841,0,0.0,0.0,0.7927464175359806,239.375,4.870162725448608,1.2110388278961182,0.003697633743286133,5,,,
phi0.1_7341ed6429,13,naive,global_graph,true_dag,20,5000,5,0.5,0.1,2,mild,False,0.07,0.05,0.5,42,3282684447,"[856386747, 127371718, 1871069428, 1873928210, 3564563874]",0.0,0.9999999944736842,0.9999999994736841,0.9999999994736841,0,0.0,0.0,0.0,239.375,4.866848945617676,1.2077250480651855,0.0003838539123535156,5,"[0.2, 0.2, 0.2, 0.2, 0.2]","n_oriented=0 / Dir_F1=0 BY CONSTRUCTION (no Sepsets passed to orientation) -- definitional, not independent evidence of a weighting effect; see factorial ablation for that comparison.",
phi0.1_7341ed6429,13,fedpc_consensus,global_graph,true_dag,20,5000,5,0.5,0.1,2,mild,False,0.07,0.05,0.5,42,3282684447,"[856386747, 127371718, 1871069428, 1873928210, 3564563874]",0.0,0.9999999944736842,0.9999999994736841,0.9999999994736841,13,0.9999999992307692,0.6842105259556787,0.8124999946679689,239.375,4.869139194488525,1.2100152969360352,0.002674102783203125,5,"[0.1826991565135895, 0.211533895657607, 0.1826991565135895, 0.211533895657607, 0.211533895657607]",,342.0
phi0.1_7341ed6429,13,fedpc_oracle,global_graph,true_dag,20,5000,5,0.5,0.1,2,mild,False,0.07,0.05,0.5,42,3282684447,"[856386747, 127371718, 1871069428, 1873928210, 3564563874]",0.0,0.9999999944736842,0.9999999994736841,0.9999999994736841,13,0.9999999992307692,0.6842105259556787,0.8124999946679689,239.375,4.869554281234741,1.210430383682251,0.0030891895294189453,5,"[0.18782518204951487, 0.20811654530032342, 0.18782518204951487, 0.20811654530032342, 0.20811654530032342]","ablation only -- requires ground truth, not deployable",342.0
phi0.1_7341ed6429,14,centralized,global_graph,true_dag,20,5000,5,0.5,0.1,2,mild,False,0.07,0.05,0.5,42,3670664512,"[3151468711, 3690532088, 759038248, 1445426577, 2240295764]",7.0,0.8372092970037858,0.7499999996875,0.9473684205540166,15,0.6666666662222221,0.5263157891966759,0.5882352888408305,0.0,14.650298118591309,14.650298118591309,0.0,1,,,
phi0.1_7341ed6429,14,local,mean_local_graph,true_dag,20,5000,5,0.5,0.1,2,mild,False,0.07,0.05,0.5,42,3670664512,"[3151468711, 3690532088, 759038248, 1445426577, 2240295764]",8.6,0.765873501906806,0.7915037589504234,0.7473684206592799,0,0.0,0.0,0.4335805813315112,273.75,6.9080517292022705,1.5370900630950928,0.004845380783081055,5,,,
phi0.1_7341ed6429,14,naive,global_graph,true_dag,20,5000,5,0.5,0.1,2,mild,False,0.07,0.05,0.5,42,3670664512,"[3151468711, 3690532088, 759038248, 1445426577, 2240295764]",8.0,0.7647058769723183,0.8666666660888889,0.6842105259556787,0,0.0,0.0,0.0,273.75,6.903642654418945,1.5326809883117676,0.0004363059997558594,5,"[0.2, 0.2, 0.2, 0.2, 0.2]","n_oriented=0 / Dir_F1=0 BY CONSTRUCTION (no Sepsets passed to orientation) -- definitional, not independent evidence of a weighting effect; see factorial ablation for that comparison.",
phi0.1_7341ed6429,14,fedpc_consensus,global_graph,true_dag,20,5000,5,0.5,0.1,2,mild,False,0.07,0.05,0.5,42,3670664512,"[3151468711, 3690532088, 759038248, 1445426577, 2240295764]",8.0,0.7647058769723183,0.8666666660888889,0.6842105259556787,8,0.6249999992187499,0.26315789459833794,0.3703703659259259,273.75,6.9068262577056885,1.5358645915985107,0.0036199092864990234,5,"[0.2026448456658628, 0.2027352083809881, 0.19452828618368995, 0.21196889756481574, 0.18812276220464347]",,350.0
phi0.1_7341ed6429,14,fedpc_oracle,global_graph,true_dag,20,5000,5,0.5,0.1,2,mild,False,0.07,0.05,0.5,42,3670664512,"[3151468711, 3690532088, 759038248, 1445426577, 2240295764]",8.0,0.7647058769723183,0.8666666660888889,0.6842105259556787,8,0.6249999992187499,0.26315789459833794,0.3703703659259259,273.75,6.906716823577881,1.5357551574707031,0.0035104751586914062,5,"[0.21188685653954262, 0.19880054173097159, 0.21188685653954262, 0.1598509036470039, 0.21757484154293935]","ablation only -- requires ground truth, not deployable",350.0
noise_none_b70fd64e7a,0,centralized,global_graph,true_dag,20,5000,5,0.5,0.2,2,,False,0.07,0.05,0.5,42,126841190,"[2168460706, 2460422996, 850812434, 3656876202, 1585933897]",23.0,0.656716412715527,0.6666666664646465,0.6470588233391004,30,0.5333333331555555,0.47058823515570936,0.49999999486328134,0.0,68.3086040019989,68.3086040019989,0.0,1,,,
noise_none_b70fd64e7a,0,local,mean_local_graph,true_dag,20,5000,5,0.5,0.2,2,,False,0.07,0.05,0.5,42,126841190,"[2168460706, 2460422996, 850812434, 3656876202, 1585933897]",25.4,0.5780585541935068,0.6650386647838279,0.511764705731834,0,0.0,0.0,0.41478732350422043,479.375,20.6594455242157,4.639682054519653,0.007210969924926758,5,,,
noise_none_b70fd64e7a,0,naive,global_graph,true_dag,20,5000,5,0.5,0.2,2,,False,0.07,0.05,0.5,42,126841190,"[2168460706, 2460422996, 850812434, 3656876202, 1585933897]",24.0,0.5862068914982165,0.7083333330381945,0.4999999998529412,0,0.0,0.0,0.0,479.375,20.652872800827026,4.6331093311309814,0.0006382465362548828,5,"[0.2, 0.2, 0.2, 0.2, 0.2]","n_oriented=0 / Dir_F1=0 BY CONSTRUCTION (no Sepsets passed to orientation) -- definitional, not independent evidence of a weighting effect; see factorial ablation for that comparison.",
noise_none_b70fd64e7a,0,fedpc_consensus,global_graph,true_dag,20,5000,5,0.5,0.2,2,,False,0.07,0.05,0.5,42,126841190,"[2168460706, 2460422996, 850812434, 3656876202, 1585933897]",24.0,0.5862068914982165,0.7083333330381945,0.4999999998529412,20,0.549999999725,0.3235294116695502,0.40740740259259267,479.375,20.65818977355957,4.638426303863525,0.005955219268798828,5,"[0.2132385790440347, 0.19104568506389089, 0.2412296386401875, 0.15766558053645668, 0.19682051671543016]",,338.0
noise_none_b70fd64e7a,0,fedpc_oracle,global_graph,true_dag,20,5000,5,0.5,0.2,2,,False,0.07,0.05,0.5,42,126841190,"[2168460706, 2460422996, 850812434, 3656876202, 1585933897]",24.0,0.5862068914982165,0.7083333330381945,0.4999999998529412,20,0.549999999725,0.3235294116695502,0.40740740259259267,479.375,20.656906127929688,4.637142658233643,0.004671573638916016,5,"[0.20094045563281057, 0.23906194758330904, 0.21455975332480906, 0.18142190772594077, 0.1640159357331306]","ablation only -- requires ground truth, not deployable",338.0
noise_none_b70fd64e7a,1,centralized,global_graph,true_dag,20,5000,5,0.5,0.2,2,,False,0.07,0.05,0.5,42,795977049,"[4067443940, 3257337928, 3368171060, 1193080666, 1558766848]",35.0,0.52054794022143,0.6333333331222222,0.44186046501352083,22,0.49999999977272724,0.25581395342888047,0.33846153387928996,0.0,128.10239458084106,128.10239458084106,0.0,1,,,
noise_none_b70fd64e7a,1,local,mean_local_graph,true_dag,20,5000,5,0.5,0.2,2,,False,0.07,0.05,0.5,42,795977049,"[4067443940, 3257337928, 3368171060, 1193080666, 1558766848]",31.6,0.5241620370057942,0.745740853028718,0.4046511626965928,0,0.0,0.0,0.2912306970824929,561.875,27.45270872116089,6.0457799434661865,0.0037124156951904297,5,,,
noise_none_b70fd64e7a,1,naive,global_graph,true_dag,20,5000,5,0.5,0.2,2,,False,0.07,0.05,0.5,42,795977049,"[4067443940, 3257337928, 3368171060, 1193080666, 1558766848]",31.0,0.5230769184378699,0.772727272376033,0.39534883711736074,0,0.0,0.0,0.0,561.875,27.44940447807312,6.042475700378418,0.000408172607421875,5,"[0.2, 0.2, 0.2, 0.2, 0.2]","n_oriented=0 / Dir_F1=0 BY CONSTRUCTION (no Sepsets passed to orientation) -- definitional, not independent evidence of a weighting effect; see factorial ablation for that comparison.",
noise_none_b70fd64e7a,1,fedpc_consensus,global_graph,true_dag,20,5000,5,0.5,0.2,2,,False,0.07,0.05,0.5,42,795977049,"[4067443940, 3257337928, 3368171060, 1193080666, 1558766848]",31.0,0.5230769184378699,0.772727272376033,0.39534883711736074,14,0.5714285710204081,0.18604651158464033,0.2807017505817174,561.875,27.452980279922485,6.046051502227783,0.003983974456787109,5,"[0.22406123990721508, 0.19074974545782783, 0.20013067794666553, 0.2029325643331744, 0.18212577235511712]",,342.0
noise_none_b70fd64e7a,1,fedpc_oracle,global_graph,true_dag,20,5000,5,0.5,0.2,2,,False,0.07,0.05,0.5,42,795977049,"[4067443940, 3257337928, 3368171060, 1193080666, 1558766848]",31.0,0.5230769184378699,0.772727272376033,0.39534883711736074,14,0.5714285710204081,0.18604651158464033,0.2807017505817174,561.875,27.452325105667114,6.045396327972412,0.0033288002014160156,5,"[0.21646214722146145, 0.1990654785678197, 0.1990654785678197, 0.1873583528902402, 0.19804854275265898]","ablation only -- requires ground truth, not deployable",342.0
noise_none_b70fd64e7a,2,centralized,global_graph,true_dag,20,5000,5,0.5,0.2,2,,False,0.07,0.05,0.5,42,3387474915,"[2429654716, 3352826492, 57188355, 3563485676, 930438564]",12.0,0.8235294065397923,0.8749999997265625,0.7777777775617284,28,0.7499999997321428,0.5833333331712963,0.6562499948730469,0.0,51.50103044509888,51.50103044509888,0.0,1,,,
noise_none_b70fd64e7a,2,local,mean_local_graph,true_dag,20,5000,5,0.5,0.2,2,,False,0.07,0.05,0.5,42,3387474915,"[2429654716, 3352826492, 57188355, 3563485676, 930438564]",14.0,0.775533148995667,0.9178164424673694,0.6722222220354938,0,0.0,0.0,0.5839231984137424,442.5,18.374248504638672,4.107995271682739,0.0074367523193359375,5,,,
noise_none_b70fd64e7a,2,naive,global_graph,true_dag,20,5000,5,0.5,0.2,2,,False,0.07,0.05,0.5,42,3387474915,"[2429654716, 3352826492, 57188355, 3563485676, 930438564]",13.0,0.786885240806235,0.959999999616,0.6666666664814814,0,0.0,0.0,0.0,442.5,18.367295742034912,4.1010425090789795,0.0004839897155761719,5,"[0.2, 0.2, 0.2, 0.2, 0.2]","n_oriented=0 / Dir_F1=0 BY CONSTRUCTION (no Sepsets passed to orientation) -- definitional, not independent evidence of a weighting effect; see factorial ablation for that comparison.",
noise_none_b70fd64e7a,2,fedpc_consensus,global_graph,true_dag,20,5000,5,0.5,0.2,2,,False,0.07,0.05,0.5,42,3387474915,"[2429654716, 3352826492, 57188355, 3563485676, 930438564]",13.0,0.786885240806235,0.959999999616,0.6666666664814814,19,0.9473684205540166,0.4999999998611111,0.6545454497851241,442.5,18.370222091674805,4.103968858718872,0.00341033935546875,5,"[0.21347145711984944, 0.2075020025042305, 0.19688253735797526, 0.18625585109223197, 0.1958881519257129]",,334.0
noise_none_b70fd64e7a,2,fedpc_oracle,global_graph,true_dag,20,5000,5,0.5,0.2,2,,False,0.07,0.05,0.5,42,3387474915,"[2429654716, 3352826492, 57188355, 3563485676, 930438564]",13.0,0.786885240806235,0.959999999616,0.6666666664814814,19,0.9473684205540166,0.4999999998611111,0.6545454497851241,442.5,18.370851278305054,4.104598045349121,0.0040395259857177734,5,"[0.19541228869656083, 0.19926811126663582, 0.20941009728032622, 0.20291715720218179, 0.1929923455542955]","ablation only -- requires ground truth, not deployable",334.0
noise_none_b70fd64e7a,3,centralized,global_graph,true_dag,20,5000,5,0.5,0.2,2,,False,0.07,0.05,0.5,42,3097287750,"[3304502636, 3753963755, 2680690028, 3271528562, 2968902315]",10.0,0.8437499947558594,0.8999999997,0.7941176468252595,26,0.8076923073816568,0.6176470586418685,0.6999999948555555,0.0,80.70960593223572,80.70960593223572,0.0,1,,,
noise_none_b70fd64e7a,3,local,mean_local_graph,true_dag,20,5000,5,0.5,0.2,2,,False,0.07,0.05,0.5,42,3097287750,"[3304502636, 3753963755, 2680690028, 3271528562, 2968902315]",16.2,0.7216212895120091,0.8685061311898481,0.6176470586418685,0,0.0,0.0,0.490307773046106,542.5,20.46859645843506,4.572261571884155,0.005858182907104492,5,,,
noise_none_b70fd64e7a,3,naive,global_graph,true_dag,20,5000,5,0.5,0.2,2,,False,0.07,0.05,0.5,42,3097287750,"[3304502636, 3753963755, 2680690028, 3271528562, 2968902315]",16.0,0.7241379259334128,0.8749999996354166,0.6176470586418685,0,0.0,0.0,0.0,542.5,20.463231801986694,4.566896915435791,0.0004935264587402344,5,"[0.2, 0.2, 0.2, 0.2, 0.2]","n_oriented=0 / Dir_F1=0 BY CONSTRUCTION (no Sepsets passed to orientation) -- definitional, not independent evidence of a weighting effect; see factorial ablation for that comparison.",
noise_none_b70fd64e7a,3,fedpc_consensus,global_graph,true_dag,20,5000,5,0.5,0.2,2,,False,0.07,0.05,0.5,42,3097287750,"[3304502636, 3753963755, 2680690028, 3271528562, 2968902315]",16.0,0.7241379259334128,0.8749999996354166,0.6176470586418685,15,0.7333333328444444,0.3235294116695502,0.44897958740524785,542.5,20.467435359954834,4.571100473403931,0.004697084426879883,5,"[0.21622138532056892, 0.20925964521825552, 0.2075074908647373, 0.17678458120970414, 0.1902268973867342]",,336.0
noise_none_b70fd64e7a,3,fedpc_oracle,global_graph,true_dag,20,5000,5,0.5,0.2,2,,False,0.07,0.05,0.5,42,3097287750,"[3304502636, 3753963755, 2680690028, 3271528562, 2968902315]",16.0,0.7241379259334128,0.8749999996354166,0.6176470586418685,15,0.7333333328444444,0.3235294116695502,0.44897958740524785,542.5,20.46717119216919,4.570836305618286,0.0044329166412353516,5,"[0.20092209762911775, 0.20605727969171525, 0.22051314129641822, 0.20803383707025563, 0.1644736443124932]","ablation only -- requires ground truth, not deployable",336.0
noise_none_b70fd64e7a,4,centralized,global_graph,true_dag,20,5000,5,0.5,0.2,2,,False,0.07,0.05,0.5,42,2902048756,"[74363881, 1561806729, 2534703773, 3867026303, 4254604411]",32.0,0.5999999951625,0.7999999997333334,0.479999999904,23,0.5652173910586011,0.259999999948,0.3561643791480578,0.0,176.20712161064148,176.20712161064148,0.0,1,,,
noise_none_b70fd64e7a,4,local,mean_local_graph,true_dag,20,5000,5,0.5,0.2,2,,False,0.07,0.05,0.5,42,2902048756,"[74363881, 1561806729, 2534703773, 3867026303, 4254604411]",34.8,0.5133913098450448,0.8520082811768075,0.3679999999264,0,0.0,0.0,0.2648812276024327,756.25,39.816572189331055,8.399515151977539,0.0049817562103271484,5,,,
noise_none_b70fd64e7a,4,naive,global_graph,true_dag,20,5000,5,0.5,0.2,2,,False,0.07,0.05,0.5,42,2902048756,"[74363881, 1561806729, 2534703773, 3867026303, 4254604411]",34.0,0.5142857100571429,0.89999999955,0.35999999992799997,0,0.0,0.0,0.0,756.25,39.812013387680054,8.394956350326538,0.0004229545593261719,5,"[0.2, 0.2, 0.2, 0.2, 0.2]","n_oriented=0 / Dir_F1=0 BY CONSTRUCTION (no Sepsets passed to orientation) -- definitional, not independent evidence of a weighting effect; see factorial ablation for that comparison.",
noise_none_b70fd64e7a,4,fedpc_consensus,global_graph,true_dag,20,5000,5,0.5,0.2,2,,False,0.07,0.05,0.5,42,2902048756,"[74363881, 1561806729, 2534703773, 3867026303, 4254604411]",34.0,0.5142857100571429,0.89999999955,0.35999999992799997,10,0.6999999992999999,0.139999999972,0.23333333047777777,756.25,39.81515908241272,8.398102045059204,0.0035686492919921875,5,"[0.19944314115945772, 0.20257161328335782, 0.2036389314103925, 0.20948608560064425, 0.18486022854614778]",,342.0
noise_none_b70fd64e7a,4,fedpc_oracle,global_graph,true_dag,20,5000,5,0.5,0.2,2,,False,0.07,0.05,0.5,42,2902048756,"[74363881, 1561806729, 2534703773, 3867026303, 4254604411]",34.0,0.5142857100571429,0.89999999955,0.35999999992799997,10,0.6999999992999999,0.139999999972,0.23333333047777777,756.25,39.81552481651306,8.398467779159546,0.003934383392333984,5,"[0.2208514347864714, 0.22694360244726097, 0.19991832456886158, 0.19432648082678014, 0.15796015737062574]","ablation only -- requires ground truth, not deployable",342.0
noise_none_b70fd64e7a,5,centralized,global_graph,true_dag,20,5000,5,0.5,0.2,2,,False,0.07,0.05,0.5,42,1357183875,"[252960900, 4073615655, 2829356812, 1990160543, 3044007021]",29.0,0.6506024045696037,0.7499999997916666,0.5744680849841557,31,0.6451612901144641,0.4255319148030783,0.5128205078994084,0.0,98.68836903572083,98.68836903572083,0.0,1,,,
noise_none_b70fd64e7a,5,local,mean_local_graph,true_dag,20,5000,5,0.5,0.2,2,,False,0.07,0.05,0.5,42,1357183875,"[252960900, 4073615655, 2829356812, 1990160543, 3044007021]",32.0,0.5960019406938715,0.7357554397750606,0.5021276594676324,0,0.0,0.0,0.40425615960958305,508.75,23.6744282245636,4.987310171127319,0.008578300476074219,5,,,
noise_none_b70fd64e7a,5,naive,global_graph,true_dag,20,5000,5,0.5,0.2,2,,False,0.07,0.05,0.5,42,1357183875,"[252960900, 4073615655, 2829356812, 1990160543, 3044007021]",32.0,0.5999999950031251,0.7272727270523416,0.510638297763694,0,0.0,0.0,0.0,508.75,23.66633653640747,4.979218482971191,0.00048661231994628906,5,"[0.2, 0.2, 0.2, 0.2, 0.2]","n_oriented=0 / Dir_F1=0 BY CONSTRUCTION (no Sepsets passed to orientation) -- definitional, not independent evidence of a weighting effect; see factorial ablation for that comparison.",
noise_none_b70fd64e7a,5,fedpc_consensus,global_graph,true_dag,20,5000,5,0.5,0.2,2,,False,0.07,0.05,0.5,42,1357183875,"[252960900, 4073615655, 2829356812, 1990160543, 3044007021]",32.0,0.5999999950031251,0.7272727270523416,0.510638297763694,25,0.559999999776,0.2978723403621548,0.38888888424768525,508.75,23.66942596435547,4.9823079109191895,0.003576040267944336,5,"[0.2018511644274172, 0.18839227809695303, 0.20354284539810358, 0.21198992801231573, 0.19422378406521054]",,324.0
noise_none_b70fd64e7a,5,fedpc_oracle,global_graph,true_dag,20,5000,5,0.5,0.2,2,,False,0.07,0.05,0.5,42,1357183875,"[252960900, 4073615655, 2829356812, 1990160543, 3044007021]",32.0,0.5999999950031251,0.7272727270523416,0.510638297763694,25,0.559999999776,0.2978723403621548,0.38888888424768525,508.75,23.6694757938385,4.982357740402222,0.0036258697509765625,5,"[0.202623391384033, 0.2131475518748036, 0.19285986081883233, 0.19765122763259038, 0.19371796828974078]","ablation only -- requires ground truth, not deployable",324.0
noise_none_b70fd64e7a,6,centralized,global_graph,true_dag,20,5000,5,0.5,0.2,2,,False,0.07,0.05,0.5,42,2291314791,"[4154336294, 4142169019, 1531872259, 2500531702, 2893166702]",26.0,0.638888883900463,0.7931034480023781,0.534883720805841,23,0.5652173910586011,0.30232558132504056,0.3939393892791552,0.0,103.9045774936676,103.9045774936676,0.0,1,,,
noise_none_b70fd64e7a,6,local,mean_local_graph,true_dag,20,5000,5,0.5,0.2,2,,False,0.07,0.05,0.5,42,2291314791,"[4154336294, 4142169019, 1531872259, 2500531702, 2893166702]",23.6,0.6397665305831188,0.929492753210142,0.488372092909681,0,0.0,0.0,0.30561107599546483,594.375,24.533026933670044,5.318951845169067,0.004794120788574219,5,,,
noise_none_b70fd64e7a,6,naive,global_graph,true_dag,20,5000,5,0.5,0.2,2,,False,0.07,0.05,0.5,42,2291314791,"[4154336294, 4142169019, 1531872259, 2500531702, 2893166702]",23.0,0.6461538414769231,0.9545454541115702,0.4883720929096809,0,0.0,0.0,0.0,594.375,24.52889609336853,5.314821004867554,0.0006632804870605469,5,"[0.2, 0.2, 0.2, 0.2, 0.2]","n_oriented=0 / Dir_F1=0 BY CONSTRUCTION (no Sepsets passed to orientation) -- definitional, not independent evidence of a weighting effect; see factorial ablation for that comparison.",
noise_none_b70fd64e7a,6,fedpc_consensus,global_graph,true_dag,20,5000,5,0.5,0.2,2,,False,0.07,0.05,0.5,42,2291314791,"[4154336294, 4142169019, 1531872259, 2500531702, 2893166702]",23.0,0.6461538414769231,0.9545454541115702,0.4883720929096809,16,0.4999999996875,0.18604651158464033,0.2711864366331514,594.375,24.532115936279297,5.31804084777832,0.0038831233978271484,5,"[0.1943701984653652, 0.18469789445824775, 0.211137461378434, 0.1986569843195191, 0.211137461378434]",,336.0
noise_none_b70fd64e7a,6,fedpc_oracle,global_graph,true_dag,20,5000,5,0.5,0.2,2,,False,0.07,0.05,0.5,42,2291314791,"[4154336294, 4142169019, 1531872259, 2500531702, 2893166702]",23.0,0.6461538414769231,0.9545454541115702,0.4883720929096809,16,0.4999999996875,0.18604651158464033,0.2711864366331514,594.375,24.532982349395752,5.318907260894775,0.0047495365142822266,5,"[0.177308066734931, 0.17900885369892244, 0.2166007132707624, 0.22972510495149506, 0.19735726134388912]","ablation only -- requires ground truth, not deployable",336.0
noise_none_b70fd64e7a,7,centralized,global_graph,true_dag,20,5000,5,0.5,0.2,2,,False,0.07,0.05,0.5,42,759237352,"[3301699694, 2915940238, 917228315, 3417375081, 2541909084]",2.0,0.9705882300086506,0.9705882350086505,0.9705882350086505,30,0.9666666663444444,0.8529411762197232,0.9062499947363282,0.0,26.305452585220337,26.305452585220337,0.0,1,,,
noise_none_b70fd64e7a,7,local,mean_local_graph,true_dag,20,5000,5,0.5,0.2,2,,False,0.07,0.05,0.5,42,759237352,"[3301699694, 2915940238, 917228315, 3417375081, 2541909084]",9.2,0.8482574259202803,0.9626145702547204,0.7588235291885813,0,0.0,0.0,0.6905923560015432,378.125,11.80538034439087,2.6485061645507812,0.0055119991302490234,5,,,
noise_none_b70fd64e7a,7,naive,global_graph,true_dag,20,5000,5,0.5,0.2,2,,False,0.07,0.05,0.5,42,759237352,"[3301699694, 2915940238, 917228315, 3417375081, 2541909084]",9.0,0.8524590111797904,0.96296296260631,0.7647058821280277,0,0.0,0.0,0.0,378.125,11.800713300704956,2.643839120864868,0.0008449554443359375,5,"[0.2, 0.2, 0.2, 0.2, 0.2]","n_oriented=0 / Dir_F1=0 BY CONSTRUCTION (no Sepsets passed to orientation) -- definitional, not independent evidence of a weighting effect; see factorial ablation for that comparison.",
noise_none_b70fd64e7a,7,fedpc_consensus,global_graph,true_dag,20,5000,5,0.5,0.2,2,,False,0.07,0.05,0.5,42,759237352,"[3301699694, 2915940238, 917228315, 3417375081, 2541909084]",9.0,0.8524590111797904,0.96296296260631,0.7647058821280277,23,0.9130434778638941,0.6176470586418685,0.736842100190828,378.125,11.804404735565186,2.6475305557250977,0.00453639030456543,5,"[0.2024818813056473, 0.2078997820819015, 0.21486288837495163, 0.1720779273010231, 0.20267752093647667]",,328.0
noise_none_b70fd64e7a,7,fedpc_oracle,global_graph,true_dag,20,5000,5,0.5,0.2,2,,False,0.07,0.05,0.5,42,759237352,"[3301699694, 2915940238, 917228315, 3417375081, 2541909084]",9.0,0.8524590111797904,0.96296296260631,0.7647058821280277,23,0.9130434778638941,0.6176470586418685,0.736842100190828,378.125,11.804431915283203,2.6475577354431152,0.004563570022583008,5,"[0.18384606226290157, 0.210707513316841, 0.19289163257274003, 0.210707513316841, 0.20184727853067644]","ablation only -- requires ground truth, not deployable",328.0
noise_none_b70fd64e7a,8,centralized,global_graph,true_dag,20,5000,5,0.5,0.2,2,,False,0.07,0.05,0.5,42,869829452,"[2561766125, 1159285179, 2253872614, 3070969458, 594769556]",23.0,0.6666666616005041,0.7931034480023781,0.5749999998562499,28,0.6071428569260204,0.42499999989375,0.4999999950086506,0.0,66.97584366798401,66.97584366798401,0.0,1,,,
noise_none_b70fd64e7a,8,local,mean_local_graph,true_dag,20,5000,5,0.5,0.2,2,,False,0.07,0.05,0.5,42,869829452,"[2561766125, 1159285179, 2253872614, 3070969458, 594769556]",22.0,0.6607633983378742,0.865018951711986,0.53499999986625,0,0.0,0.0,0.46783184144066103,547.5,20.72273826599121,4.540297269821167,0.006209611892700195,5,,,
noise_none_b70fd64e7a,8,naive,global_graph,true_dag,20,5000,5,0.5,0.2,2,,False,0.07,0.05,0.5,42,869829452,"[2561766125, 1159285179, 2253872614, 3070969458, 594769556]",21.0,0.6666666618190981,0.9130434778638941,0.52499999986875,0,0.0,0.0,0.0,547.5,20.717161178588867,4.534720182418823,0.0006325244903564453,5,"[0.2, 0.2, 0.2, 0.2, 0.2]","n_oriented=0 / Dir_F1=0 BY CONSTRUCTION (no Sepsets passed to orientation) -- definitional, not independent evidence of a weighting effect; see factorial ablation for that comparison.",
noise_none_b70fd64e7a,8,fedpc_consensus,global_graph,true_dag,20,5000,5,0.5,0.2,2,,False,0.07,0.05,0.5,42,869829452,"[2561766125, 1159285179, 2253872614, 3070969458, 594769556]",21.0,0.6666666618190981,0.9130434778638941,0.52499999986875,20,0.6999999996499999,0.34999999991249997,0.4666666620666666,547.5,20.7203311920166,4.537890195846558,0.0038025379180908203,5,"[0.19733809426208337, 0.20885580929083616, 0.18644810111693996, 0.22090989421320048, 0.18644810111693996]",,334.0
noise_none_b70fd64e7a,8,fedpc_oracle,global_graph,true_dag,20,5000,5,0.5,0.2,2,,False,0.07,0.05,0.5,42,869829452,"[2561766125, 1159285179, 2253872614, 3070969458, 594769556]",21.0,0.6666666618190981,0.9130434778638941,0.52499999986875,20,0.6999999996499999,0.34999999991249997,0.4666666620666666,547.5,20.720611095428467,4.538170099258423,0.004082441329956055,5,"[0.20969058030479082, 0.21629460500219544, 0.18531517802605924, 0.20338445864089522, 0.18531517802605924]","ablation only -- requires ground truth, not deployable",334.0
noise_none_b70fd64e7a,9,centralized,global_graph,true_dag,20,5000,5,0.5,0.2,2,,False,0.07,0.05,0.5,42,1073526400,"[2698620451, 1820174013, 905775868, 4263261461, 2237975091]",22.0,0.6562499948388673,0.72413793078478,0.5999999998285714,28,0.5357142855229592,0.4285714284489796,0.4761904711010331,0.0,68.15094947814941,68.15094947814941,0.0,1,,,
noise_none_b70fd64e7a,9,local,mean_local_graph,true_dag,20,5000,5,0.5,0.2,2,,False,0.07,0.05,0.5,42,1073526400,"[2698620451, 1820174013, 905775868, 4263261461, 2237975091]",22.4,0.6313362761951884,0.7469254880118388,0.5485714284146939,0,0.0,0.0,0.41121049257946385,525.625,19.75116276741028,4.574312686920166,0.009947061538696289,5,,,
noise_none_b70fd64e7a,9,naive,global_graph,true_dag,20,5000,5,0.5,0.2,2,,False,0.07,0.05,0.5,42,1073526400,"[2698620451, 1820174013, 905775868, 4263261461, 2237975091]",22.0,0.6333333282611111,0.759999999696,0.5428571427020408,0,0.0,0.0,0.0,525.625,19.741719007492065,4.564868927001953,0.0005033016204833984,5,"[0.2, 0.2, 0.2, 0.2, 0.2]","n_oriented=0 / Dir_F1=0 BY CONSTRUCTION (no Sepsets passed to orientation) -- definitional, not independent evidence of a weighting effect; see factorial ablation for that comparison.",
noise_none_b70fd64e7a,9,fedpc_consensus,global_graph,true_dag,20,5000,5,0.5,0.2,2,,False,0.07,0.05,0.5,42,1073526400,"[2698620451, 1820174013, 905775868, 4263261461, 2237975091]",22.0,0.6333333282611111,0.759999999696,0.5428571427020408,22,0.5909090906404958,0.371428571322449,0.4561403459772238,525.625,19.74472999572754,4.567879915237427,0.0035142898559570312,5,"[0.20410827369653814, 0.1737302856034368, 0.22863056486196112, 0.17404709660631695, 0.21948377923174703]",,332.0
noise_none_b70fd64e7a,9,fedpc_oracle,global_graph,true_dag,20,5000,5,0.5,0.2,2,,False,0.07,0.05,0.5,42,1073526400,"[2698620451, 1820174013, 905775868, 4263261461, 2237975091]",22.0,0.6333333282611111,0.759999999696,0.5428571427020408,22,0.5909090906404958,0.371428571322449,0.4561403459772238,525.625,19.744980812072754,4.568130731582642,0.003765106201171875,5,"[0.1946412202334282, 0.21600605657882033, 0.1946412202334282, 0.20007028272089503, 0.1946412202334282]","ablation only -- requires ground truth, not deployable",332.0
noise_none_b70fd64e7a,10,centralized,global_graph,true_dag,20,5000,5,0.5,0.2,2,,False,0.07,0.05,0.5,42,3626675501,"[2035526786, 2827516728, 3084798753, 3005679496, 3061639241]",39.0,0.5185185137265661,0.6999999997666666,0.4117647058016148,27,0.481481481303155,0.25490196073433297,0.33333332872123606,0.0,115.73472857475281,115.73472857475281,0.0,1,,,
noise_none_b70fd64e7a,10,local,mean_local_graph,true_dag,20,5000,5,0.5,0.2,2,,False,0.07,0.05,0.5,42,3626675501,"[2035526786, 2827516728, 3084798753, 3005679496, 3061639241]",35.2,0.5335089522776121,0.8216969693598204,0.39607843129488657,0,0.0,0.0,0.3369564004686148,635.625,28.28905200958252,5.909794330596924,0.005099296569824219,5,,,
noise_none_b70fd64e7a,10,naive,global_graph,true_dag,20,5000,5,0.5,0.2,2,,False,0.07,0.05,0.5,42,3626675501,"[2035526786, 2827516728, 3084798753, 3005679496, 3061639241]",34.0,0.5277777734992285,0.9047619043310657,0.3725490195347943,0,0.0,0.0,0.0,635.625,28.284383058547974,5.905125379562378,0.0004303455352783203,5,"[0.2, 0.2, 0.2, 0.2, 0.2]","n_oriented=0 / Dir_F1=0 BY CONSTRUCTION (no Sepsets passed to orientation) -- definitional, not independent evidence of a weighting effect; see factorial ablation for that comparison.",
noise_none_b70fd64e7a,10,fedpc_consensus,global_graph,true_dag,20,5000,5,0.5,0.2,2,,False,0.07,0.05,0.5,42,3626675501,"[2035526786, 2827516728, 3084798753, 3005679496, 3061639241]",34.0,0.5277777734992285,0.9047619043310657,0.3725490195347943,13,0.6923076917751478,0.17647058820069203,0.2812499966748047,635.625,28.287733554840088,5.908475875854492,0.003780841827392578,5,"[0.19577765844391815, 0.20356239424686787, 0.18243638030273462, 0.22512622819805767, 0.19309733880842175]",,338.0
noise_none_b70fd64e7a,10,fedpc_oracle,global_graph,true_dag,20,5000,5,0.5,0.2,2,,False,0.07,0.05,0.5,42,3626675501,"[2035526786, 2827516728, 3084798753, 3005679496, 3061639241]",34.0,0.5277777734992285,0.9047619043310657,0.3725490195347943,13,0.6923076917751478,0.17647058820069203,0.2812499966748047,635.625,28.28720188140869,5.907944202423096,0.0032491683959960938,5,"[0.2220320092183791, 0.24267548131917413, 0.15136015170111547, 0.20949502022374245, 0.17443733753758878]","ablation only -- requires ground truth, not deployable",338.0
noise_none_b70fd64e7a,11,centralized,global_graph,true_dag,20,5000,5,0.5,0.2,2,,False,0.07,0.05,0.5,42,2056391201,"[513586961, 3087550786, 2627020117, 2432282817, 2238510429]",29.0,0.6233766183572272,0.749999999765625,0.5333333332148148,31,0.5161290320915712,0.3555555554765432,0.4210526266378116,0.0,94.10824942588806,94.10824942588806,0.0,1,,,
noise_none_b70fd64e7a,11,local,mean_local_graph,true_dag,20,5000,5,0.5,0.2,2,,False,0.07,0.05,0.5,42,2056391201,"[513586961, 3087550786, 2627020117, 2432282817, 2238510429]",30.8,0.5698661779119585,0.7686609683703401,0.45333333323259256,0,0.0,0.0,0.3785169131833596,592.5,25.81369161605835,5.7502288818359375,0.0077631473541259766,5,,,
noise_none_b70fd64e7a,11,naive,global_graph,true_dag,20,5000,5,0.5,0.2,2,,False,0.07,0.05,0.5,42,2056391201,"[513586961, 3087550786, 2627020117, 2432282817, 2238510429]",32.0,0.5428571381102042,0.759999999696,0.42222222212839505,0,0.0,0.0,0.0,592.5,25.80651831626892,5.743055582046509,0.0005898475646972656,5,"[0.2, 0.2, 0.2, 0.2, 0.2]","n_oriented=0 / Dir_F1=0 BY CONSTRUCTION (no Sepsets passed to orientation) -- definitional, not independent evidence of a weighting effect; see factorial ablation for that comparison.",
noise_none_b70fd64e7a,11,fedpc_consensus,global_graph,true_dag,20,5000,5,0.5,0.2,2,,False,0.07,0.05,0.5,42,2056391201,"[513586961, 3087550786, 2627020117, 2432282817, 2238510429]",32.0,0.5428571381102042,0.759999999696,0.42222222212839505,20,0.649999999675,0.2888888888246913,0.399999995616568,592.5,25.813326120376587,5.749863386154175,0.007397651672363281,5,"[0.19159655397696465, 0.2066410288661351, 0.18907354632712833, 0.2016008274871382, 0.21108804334263373]",,332.0
noise_none_b70fd64e7a,11,fedpc_oracle,global_graph,true_dag,20,5000,5,0.5,0.2,2,,False,0.07,0.05,0.5,42,2056391201,"[513586961, 3087550786, 2627020117, 2432282817, 2238510429]",32.0,0.5428571381102042,0.759999999696,0.42222222212839505,20,0.649999999675,0.2888888888246913,0.399999995616568,592.5,25.812255144119263,5.748792409896851,0.0063266754150390625,5,"[0.18985848002336195, 0.20672681403504992, 0.18469250517346625, 0.19524426915756496, 0.22347793161055698]","ablation only -- requires ground truth, not deployable",332.0
noise_none_b70fd64e7a,12,centralized,global_graph,true_dag,20,5000,5,0.5,0.2,2,,False,0.07,0.05,0.5,42,95762165,"[2732207723, 2082948519, 2172149687, 4110542343, 3168798133]",22.0,0.7179487127942143,0.7777777775617284,0.6666666665079365,34,0.6470588233391004,0.5238095236848073,0.5789473633240998,0.0,77.29762721061707,77.29762721061707,0.0,1,,,
noise_none_b70fd64e7a,12,local,mean_local_graph,true_dag,20,5000,5,0.5,0.2,2,,False,0.07,0.05,0.5,42,95762165,"[2732207723, 2082948519, 2172149687, 4110542343, 3168798133]",20.8,0.7081419896436938,0.8656016234929339,0.5999999998571428,0,0.0,0.0,0.4880213127140537,558.75,24.730430841445923,5.364020347595215,0.009213924407958984,5,,,
noise_none_b70fd64e7a,12,naive,global_graph,true_dag,20,5000,5,0.5,0.2,2,,False,0.07,0.05,0.5,42,95762165,"[2732207723, 2082948519, 2172149687, 4110542343, 3168798133]",20.0,0.7222222171604938,0.8666666663777778,0.6190476189002267,0,0.0,0.0,0.0,558.75,24.721826791763306,5.355416297912598,0.0006098747253417969,5,"[0.2, 0.2, 0.2, 0.2, 0.2]","n_oriented=0 / Dir_F1=0 BY CONSTRUCTION (no Sepsets passed to orientation) -- definitional, not independent evidence of a weighting effect; see factorial ablation for that comparison.",
noise_none_b70fd64e7a,12,fedpc_consensus,global_graph,true_dag,20,5000,5,0.5,0.2,2,,False,0.07,0.05,0.5,42,95762165,"[2732207723, 2082948519, 2172149687, 4110542343, 3168798133]",20.0,0.7222222171604938,0.8666666663777778,0.6190476189002267,29,0.6206896549583829,0.4285714284693877,0.5070422485459234,558.75,24.724817514419556,5.358407020568848,0.003600597381591797,5,"[0.2064544163125069, 0.17872619722154154, 0.20277713380506607, 0.20027672512316433, 0.21176552753772124]",,326.0
noise_none_b70fd64e7a,12,fedpc_oracle,global_graph,true_dag,20,5000,5,0.5,0.2,2,,False,0.07,0.05,0.5,42,95762165,"[2732207723, 2082948519, 2172149687, 4110542343, 3168798133]",20.0,0.7222222171604938,0.8666666663777778,0.6190476189002267,29,0.6206896549583829,0.4285714284693877,0.5070422485459234,558.75,24.725322246551514,5.358911752700806,0.004105329513549805,5,"[0.19671936673092005, 0.226262393112309, 0.18732263773718175, 0.19757281204990712, 0.19212279036968213]","ablation only -- requires ground truth, not deployable",326.0
noise_none_b70fd64e7a,13,centralized,global_graph,true_dag,20,5000,5,0.5,0.2,2,,False,0.07,0.05,0.5,42,1804303941,"[249194062, 3175599633, 975057767, 2515783170, 1196269326]",44.0,0.4499999955,0.6923076920414201,0.3333333332716049,21,0.4285714283673469,0.16666666663580246,0.239999995904,0.0,161.90118432044983,161.90118432044983,0.0,1,,,
noise_none_b70fd64e7a,13,local,mean_local_graph,true_dag,20,5000,5,0.5,0.2,2,,False,0.07,0.05,0.5,42,1804303941,"[249194062, 3175599633, 975057767, 2515783170, 1196269326]",41.8,0.4677626127146797,0.7473444813008635,0.3407407406776406,0,0.0,0.0,0.2724784740264516,765.0,43.41637825965881,9.773004531860352,0.005072116851806641,5,,,
noise_none_b70fd64e7a,13,naive,global_graph,true_dag,20,5000,5,0.5,0.2,2,,False,0.07,0.05,0.5,42,1804303941,"[249194062, 3175599633, 975057767, 2515783170, 1196269326]",43.0,0.45569619809004974,0.719999999712,0.3333333332716049,0,0.0,0.0,0.0,765.0,43.41180920600891,9.76843547821045,0.0005030632019042969,5,"[0.2, 0.2, 0.2, 0.2, 0.2]","n_oriented=0 / Dir_F1=0 BY CONSTRUCTION (no Sepsets passed to orientation) -- definitional, not independent evidence of a weighting effect; see factorial ablation for that comparison.",
noise_none_b70fd64e7a,13,fedpc_consensus,global_graph,true_dag,20,5000,5,0.5,0.2,2,,False,0.07,0.05,0.5,42,1804303941,"[249194062, 3175599633, 975057767, 2515783170, 1196269326]",43.0,0.45569619809004974,0.719999999712,0.3333333332716049,16,0.5624999996484374,0.16666666663580246,0.25714285354285715,765.0,43.41570067405701,9.772326946258545,0.00439453125,5,"[0.17902563177751551, 0.2053156918479797, 0.2313173527490095, 0.17902563177751554, 0.2053156918479797]",,334.0
noise_none_b70fd64e7a,13,fedpc_oracle,global_graph,true_dag,20,5000,5,0.5,0.2,2,,False,0.07,0.05,0.5,42,1804303941,"[249194062, 3175599633, 975057767, 2515783170, 1196269326]",43.0,0.45569619809004974,0.719999999712,0.3333333332716049,16,0.5624999996484374,0.16666666663580246,0.25714285354285715,765.0,43.41555333137512,9.77217960357666,0.004247188568115234,5,"[0.2053270376447208, 0.17743337182952612, 0.18897734401302996, 0.250828874683197, 0.17743337182952612]","ablation only -- requires ground truth, not deployable",338.0
noise_none_b70fd64e7a,14,centralized,global_graph,true_dag,20,5000,5,0.5,0.2,2,,False,0.07,0.05,0.5,42,380213243,"[118095600, 2691050921, 3666924342, 1994773667, 4172815252]",12.0,0.8181818129522498,0.8709677416545265,0.7714285712081632,26,0.7307692304881657,0.5428571427020408,0.6229508145767267,0.0,33.90901589393616,33.90901589393616,0.0,1,,,
noise_none_b70fd64e7a,14,local,mean_local_graph,true_dag,20,5000,5,0.5,0.2,2,,False,0.07,0.05,0.5,42,380213243,"[118095600, 2691050921, 3666924342, 1994773667, 4172815252]",12.0,0.8011780998917291,0.9528974355218398,0.6914285712310205,0,0.0,0.0,0.530925047843827,523.125,18.918607473373413,4.118695259094238,0.004640340805053711,5,,,
noise_none_b70fd64e7a,14,naive,global_graph,true_dag,20,5000,5,0.5,0.2,2,,False,0.07,0.05,0.5,42,380213243,"[118095600, 2691050921, 3666924342, 1994773667, 4172815252]",11.0,0.8196721259876378,0.9615384611686391,0.7142857140816327,0,0.0,0.0,0.0,523.125,18.91457200050354,4.114659786224365,0.0006048679351806641,5,"[0.2, 0.2, 0.2, 0.2, 0.2]","n_oriented=0 / Dir_F1=0 BY CONSTRUCTION (no Sepsets passed to orientation) -- definitional, not independent evidence of a weighting effect; see factorial ablation for that comparison.",
noise_none_b70fd64e7a,14,fedpc_consensus,global_graph,true_dag,20,5000,5,0.5,0.2,2,,False,0.07,0.05,0.5,42,380213243,"[118095600, 2691050921, 3666924342, 1994773667, 4172815252]",11.0,0.8196721259876378,0.9615384611686391,0.7142857140816327,16,0.874999999453125,0.3999999998857143,0.5490196033217994,523.125,18.91822910308838,4.118316888809204,0.004261970520019531,5,"[0.19171566049767313, 0.18108316975443148, 0.1930618687285409, 0.2170696505096772, 0.2170696505096772]",,328.0
noise_none_b70fd64e7a,14,fedpc_oracle,global_graph,true_dag,20,5000,5,0.5,0.2,2,,False,0.07,0.05,0.5,42,380213243,"[118095600, 2691050921, 3666924342, 1994773667, 4172815252]",11.0,0.8196721259876378,0.9615384611686391,0.7142857140816327,16,0.874999999453125,0.3999999998857143,0.5490196033217994,523.125,18.917885780334473,4.117973566055298,0.003918647766113281,5,"[0.1893217379818275, 0.19932823291405657, 0.19284644942174176, 0.20925178984118714, 0.20925178984118714]","ablation only -- requires ground truth, not deployable",328.0
noise_strong_28ba9eae3a,0,centralized,global_graph,true_dag,20,5000,5,0.5,0.2,2,strong,False,0.07,0.05,0.5,42,4085587537,"[98938771, 1146898067, 3954747317, 275128619, 117958005]",10.0,0.8214285661607144,0.8846153842751479,0.7666666664111111,20,0.8499999995749999,0.5666666664777777,0.6799999949280001,0.0,32.80569314956665,32.80569314956665,0.0,1,,,
noise_strong_28ba9eae3a,0,local,mean_local_graph,true_dag,20,5000,5,0.5,0.2,2,strong,False,0.07,0.05,0.5,42,4085587537,"[98938771, 1146898067, 3954747317, 275128619, 117958005]",13.0,0.7469387703645302,0.8985645928793984,0.6399999997866666,0,0.0,0.0,0.5648741022817513,491.875,17.275429248809814,3.873683214187622,0.0038475990295410156,5,,,
noise_strong_28ba9eae3a,0,naive,global_graph,true_dag,20,5000,5,0.5,0.2,2,strong,False,0.07,0.05,0.5,42,4085587537,"[98938771, 1146898067, 3954747317, 275128619, 117958005]",13.0,0.7450980340792003,0.9047619043310657,0.6333333331222222,0,0.0,0.0,0.0,491.875,17.272051572799683,3.8703055381774902,0.0004699230194091797,5,"[0.2, 0.2, 0.2, 0.2, 0.2]","n_oriented=0 / Dir_F1=0 BY CONSTRUCTION (no Sepsets passed to orientation) -- definitional, not independent evidence of a weighting effect; see factorial ablation for that comparison.",
noise_strong_28ba9eae3a,0,fedpc_consensus,global_graph,true_dag,20,5000,5,0.5,0.2,2,strong,False,0.07,0.05,0.5,42,4085587537,"[98938771, 1146898067, 3954747317, 275128619, 117958005]",13.0,0.7450980340792003,0.9047619043310657,0.6333333331222222,14,0.8571428565306122,0.3999999998666667,0.5454545408677687,491.875,17.275049686431885,3.8733036518096924,0.003468036651611328,5,"[0.1981724776262758, 0.17124321859977343, 0.2072267708865875, 0.2072267708865875, 0.21613076200077577]",,340.0
noise_strong_28ba9eae3a,0,fedpc_oracle,global_graph,true_dag,20,5000,5,0.5,0.2,2,strong,False,0.07,0.05,0.5,42,4085587537,"[98938771, 1146898067, 3954747317, 275128619, 117958005]",13.0,0.7450980340792003,0.9047619043310657,0.6333333331222222,14,0.8571428565306122,0.3999999998666667,0.5454545408677687,491.875,17.27614402770996,3.8743979930877686,0.0045623779296875,5,"[0.19338083153168192, 0.1913203151871345, 0.2119892690470245, 0.1913203151871345, 0.2119892690470245]","ablation only -- requires ground truth, not deployable",340.0
noise_strong_28ba9eae3a,1,centralized,global_graph,true_dag,20,5000,5,0.5,0.2,2,strong,False,0.07,0.05,0.5,42,2416380205,"[1617281419, 2525289612, 2114811126, 3914549408, 4287439000]",38.0,0.49999999514889204,0.6551724135671819,0.4042553190629244,25,0.479999999808,0.255319148881847,0.33333332870756177,0.0,159.20131540298462,159.20131540298462,0.0,1,,,
noise_strong_28ba9eae3a,1,local,mean_local_graph,true_dag,20,5000,5,0.5,0.2,2,strong,False,0.07,0.05,0.5,42,2416380205,"[1617281419, 2525289612, 2114811126, 3914549408, 4287439000]",35.6,0.4880808035665581,0.7545080088154201,0.36170212758261655,0,0.0,0.0,0.23668606369450598,668.75,36.29415535926819,8.027066469192505,0.004163265228271484,5,,,
noise_strong_28ba9eae3a,1,naive,global_graph,true_dag,20,5000,5,0.5,0.2,2,strong,False,0.07,0.05,0.5,42,2416380205,"[1617281419, 2525289612, 2114811126, 3914549408, 4287439000]",34.0,0.48484848060146923,0.8421052627146814,0.34042553184246266,0,0.0,0.0,0.0,668.75,36.290351152420044,8.02326226234436,0.0003590583801269531,5,"[0.2, 0.2, 0.2, 0.2, 0.2]","n_oriented=0 / Dir_F1=0 BY CONSTRUCTION (no Sepsets passed to orientation) -- definitional, not independent evidence of a weighting effect; see factorial ablation for that comparison.",
noise_strong_28ba9eae3a,1,fedpc_consensus,global_graph,true_dag,20,5000,5,0.5,0.2,2,strong,False,0.07,0.05,0.5,42,2416380205,"[1617281419, 2525289612, 2114811126, 3914549408, 4287439000]",34.0,0.48484848060146923,0.8421052627146814,0.34042553184246266,11,0.45454545413223135,0.10638297870076957,0.1724137899702735,668.75,36.29299211502075,8.025903224945068,0.003000020980834961,5,"[0.20588573732677962, 0.19813758043622284, 0.21051162690255984, 0.1868237073586089, 0.19864134797582877]",,348.0
noise_strong_28ba9eae3a,1,fedpc_oracle,global_graph,true_dag,20,5000,5,0.5,0.2,2,strong,False,0.07,0.05,0.5,42,2416380205,"[1617281419, 2525289612, 2114811126, 3914549408, 4287439000]",34.0,0.48484848060146923,0.8421052627146814,0.34042553184246266,11,0.45454545413223135,0.10638297870076957,0.1724137899702735,668.75,36.293909788131714,8.02682089805603,0.003917694091796875,5,"[0.19629135652676258, 0.1744990095951102, 0.19699302277441622, 0.2577176015086008, 0.1744990095951102]","ablation only -- requires ground truth, not deployable",348.0
noise_strong_28ba9eae3a,2,centralized,global_graph,true_dag,20,5000,5,0.5,0.2,2,strong,False,0.07,0.05,0.5,42,2705911889,"[2275077694, 3493915965, 2108363789, 3851064524, 205809252]",23.0,0.6229508147702232,0.8260869561625709,0.49999999986842103,17,0.8235294112802768,0.36842105253462604,0.5090909046347107,0.0,74.17635154724121,74.17635154724121,0.0,1,,,
noise_strong_28ba9eae3a,2,local,mean_local_graph,true_dag,20,5000,5,0.5,0.2,2,strong,False,0.07,0.05,0.5,42,2705911889,"[2275077694, 3493915965, 2108363789, 3851064524, 205809252]",23.4,0.5924647193786227,0.8790476185913529,0.44736842093490303,0,0.0,0.0,0.3646269915130831,484.375,19.439589262008667,4.1068339347839355,0.003734588623046875,5,,,
noise_strong_28ba9eae3a,2,naive,global_graph,true_dag,20,5000,5,0.5,0.2,2,strong,False,0.07,0.05,0.5,42,2705911889,"[2275077694, 3493915965, 2108363789, 3851064524, 205809252]",22.0,0.5925925882030179,0.999999999375,0.42105263146814403,0,0.0,0.0,0.0,484.375,19.436238288879395,4.103482961654663,0.00038361549377441406,5,"[0.2, 0.2, 0.2, 0.2, 0.2]","n_oriented=0 / Dir_F1=0 BY CONSTRUCTION (no Sepsets passed to orientation) -- definitional, not independent evidence of a weighting effect; see factorial ablation for that comparison.",
noise_strong_28ba9eae3a,2,fedpc_consensus,global_graph,true_dag,20,5000,5,0.5,0.2,2,strong,False,0.07,0.05,0.5,42,2705911889,"[2275077694, 3493915965, 2108363789, 3851064524, 205809252]",22.0,0.5925925882030179,0.999999999375,0.42105263146814403,10,0.6999999992999999,0.18421052626731302,0.29166666324652774,484.375,19.43909502029419,4.106339693069458,0.003240346908569336,5,"[0.20085565883963635, 0.20656076508619742, 0.19426810944497838, 0.20149654914783816, 0.19681891748134955]",,350.0
noise_strong_28ba9eae3a,2,fedpc_oracle,global_graph,true_dag,20,5000,5,0.5,0.2,2,strong,False,0.07,0.05,0.5,42,2705911889,"[2275077694, 3493915965, 2108363789, 3851064524, 205809252]",22.0,0.5925925882030179,0.999999999375,0.42105263146814403,10,0.6999999992999999,0.18421052626731302,0.29166666324652774,484.375,19.439321041107178,4.106565713882446,0.003466367721557617,5,"[0.18554639439081969, 0.21891606417272394, 0.16715699278284932, 0.20946448448088323, 0.21891606417272394]","ablation only -- requires ground truth, not deployable",350.0
noise_strong_28ba9eae3a,3,centralized,global_graph,true_dag,20,5000,5,0.5,0.2,2,strong,False,0.07,0.05,0.5,42,2907101687,"[240812981, 2948358644, 1713536320, 972311086, 3616957157]",24.0,0.6842105212222992,0.7878787876400367,0.6046511626500811,29,0.5862068963495838,0.39534883711736074,0.4722222172800926,0.0,101.6024968624115,101.6024968624115,0.0,1,,,
noise_strong_28ba9eae3a,3,local,mean_local_graph,true_dag,20,5000,5,0.5,0.2,2,strong,False,0.07,0.05,0.5,42,2907101687,"[240812981, 2948358644, 1713536320, 972311086, 3616957157]",23.6,0.6603940342918168,0.8664614118224108,0.534883720805841,0,0.0,0.0,0.47853469603088766,539.375,23.56321430206299,5.221842050552368,0.0064694881439208984,5,,,
noise_strong_28ba9eae3a,3,naive,global_graph,true_dag,20,5000,5,0.5,0.2,2,strong,False,0.07,0.05,0.5,42,2907101687,"[240812981, 2948358644, 1713536320, 972311086, 3616957157]",21.0,0.7042253471374728,0.8928571425382653,0.581395348702001,0,0.0,0.0,0.0,539.375,23.557289600372314,5.215917348861694,0.0005447864532470703,5,"[0.2, 0.2, 0.2, 0.2, 0.2]","n_oriented=0 / Dir_F1=0 BY CONSTRUCTION (no Sepsets passed to orientation) -- definitional, not independent evidence of a weighting effect; see factorial ablation for that comparison.",
noise_strong_28ba9eae3a,3,fedpc_consensus,global_graph,true_dag,20,5000,5,0.5,0.2,2,strong,False,0.07,0.05,0.5,42,2907101687,"[240812981, 2948358644, 1713536320, 972311086, 3616957157]",21.0,0.7042253471374728,0.8928571425382653,0.581395348702001,25,0.679999999728,0.39534883711736074,0.4999999952032872,539.375,23.56151819229126,5.22014594078064,0.004773378372192383,5,"[0.19475103003914987, 0.18875944233478817, 0.21796107321378136, 0.17471910683803973, 0.2238093475742409]",,336.0
noise_strong_28ba9eae3a,3,fedpc_oracle,global_graph,true_dag,20,5000,5,0.5,0.2,2,strong,False,0.07,0.05,0.5,42,2907101687,"[240812981, 2948358644, 1713536320, 972311086, 3616957157]",21.0,0.7042253471374728,0.8928571425382653,0.581395348702001,25,0.679999999728,0.39534883711736074,0.4999999952032872,539.375,23.562159776687622,5.220787525177002,0.0054149627685546875,5,"[0.19225847707606472, 0.197534191782389, 0.20934004322089544, 0.17998466635939514, 0.2208826215612558]","ablation only -- requires ground truth, not deployable",336.0
noise_strong_28ba9eae3a,4,centralized,global_graph,true_dag,20,5000,5,0.5,0.2,2,strong,False,0.07,0.05,0.5,42,557985181,"[4083534330, 1052030372, 476725600, 1537220594, 3424233058]",20.0,0.7142857091836735,0.8333333330555556,0.62499999984375,27,0.5185185183264746,0.34999999991249997,0.4179104428246826,0.0,109.18134427070618,109.18134427070618,0.0,1,,,
noise_strong_28ba9eae3a,4,local,mean_local_graph,true_dag,20,5000,5,0.5,0.2,2,strong,False,0.07,0.05,0.5,42,557985181,"[4083534330, 1052030372, 476725600, 1537220594, 3424233058]",20.0,0.7023060471342879,0.8691851848639857,0.5899999998525,0,0.0,0.0,0.376643777387548,583.75,25.31427764892578,5.914554834365845,0.007384777069091797,5,,,
noise_strong_28ba9eae3a,4,naive,global_graph,true_dag,20,5000,5,0.5,0.2,2,strong,False,0.07,0.05,0.5,42,557985181,"[4083534330, 1052030372, 476725600, 1537220594, 3424233058]",17.0,0.7536231833144298,0.8965517238287752,0.6499999998375,0,0.0,0.0,0.0,583.75,25.307425022125244,5.907702207565308,0.0005321502685546875,5,"[0.2, 0.2, 0.2, 0.2, 0.2]","n_oriented=0 / Dir_F1=0 BY CONSTRUCTION (no Sepsets passed to orientation) -- definitional, not independent evidence of a weighting effect; see factorial ablation for that comparison.",
noise_strong_28ba9eae3a,4,fedpc_consensus,global_graph,true_dag,20,5000,5,0.5,0.2,2,strong,False,0.07,0.05,0.5,42,557985181,"[4083534330, 1052030372, 476725600, 1537220594, 3424233058]",17.0,0.7536231833144298,0.8965517238287752,0.6499999998375,23,0.5652173910586011,0.32499999991875,0.4126984079314689,583.75,25.311943769454956,5.9122209548950195,0.0050508975982666016,5,"[0.193347209782496, 0.20824150496737273, 0.18581324751074338, 0.19697729708770514, 0.21562074065168274]",,332.0
noise_strong_28ba9eae3a,4,fedpc_oracle,global_graph,true_dag,20,5000,5,0.5,0.2,2,strong,False,0.07,0.05,0.5,42,557985181,"[4083534330, 1052030372, 476725600, 1537220594, 3424233058]",17.0,0.7536231833144298,0.8965517238287752,0.6499999998375,23,0.5652173910586011,0.32499999991875,0.4126984079314689,583.75,25.313809156417847,5.91408634185791,0.0069162845611572266,5,"[0.20789486492268142, 0.20665923690811333, 0.17468943489531708, 0.20286159835120687, 0.20789486492268142]","ablation only -- requires ground truth, not deployable",332.0
noise_strong_28ba9eae3a,5,centralized,global_graph,true_dag,20,5000,5,0.5,0.2,2,strong,False,0.07,0.05,0.5,42,2442961212,"[4100586363, 2642121928, 1799985657, 3192211620, 3220118009]",20.0,0.7222222170254631,0.742857142644898,0.702702702512783,31,0.6129032256087409,0.5135135133747261,0.5588235242863322,0.0,65.52683186531067,65.52683186531067,0.0,1,,,
noise_strong_28ba9eae3a,5,local,mean_local_graph,true_dag,20,5000,5,0.5,0.2,2,strong,False,0.07,0.05,0.5,42,2442961212,"[4100586363, 2642121928, 1799985657, 3192211620, 3220118009]",18.8,0.7080598139632371,0.8339706956644395,0.6162162160496714,0,0.0,0.0,0.46569992984984765,483.125,16.96079969406128,3.641237735748291,0.007031917572021484,5,,,
noise_strong_28ba9eae3a,5,naive,global_graph,true_dag,20,5000,5,0.5,0.2,2,strong,False,0.07,0.05,0.5,42,2442961212,"[4100586363, 2642121928, 1799985657, 3192211620, 3220118009]",20.0,0.6874999949072265,0.8148148145130315,0.5945945944338933,0,0.0,0.0,0.0,483.125,16.954331159591675,3.6347692012786865,0.0005633831024169922,5,"[0.2, 0.2, 0.2, 0.2, 0.2]","n_oriented=0 / Dir_F1=0 BY CONSTRUCTION (no Sepsets passed to orientation) -- definitional, not independent evidence of a weighting effect; see factorial ablation for that comparison.",
noise_strong_28ba9eae3a,5,fedpc_consensus,global_graph,true_dag,20,5000,5,0.5,0.2,2,strong,False,0.07,0.05,0.5,42,2442961212,"[4100586363, 2642121928, 1799985657, 3192211620, 3220118009]",20.0,0.6874999949072265,0.8148148145130315,0.5945945944338933,20,0.6999999996499999,0.3783783782761139,0.49122806544783015,483.125,16.9586124420166,3.6390504837036133,0.00484466552734375,5,"[0.19793842018947722, 0.20402802777550794, 0.20234743164518612, 0.20320199850538218, 0.1924841218844465]",,330.0
noise_strong_28ba9eae3a,5,fedpc_oracle,global_graph,true_dag,20,5000,5,0.5,0.2,2,strong,False,0.07,0.05,0.5,42,2442961212,"[4100586363, 2642121928, 1799985657, 3192211620, 3220118009]",20.0,0.6874999949072265,0.8148148145130315,0.5945945944338933,20,0.6999999996499999,0.3783783782761139,0.49122806544783015,483.125,16.960604906082153,3.641042947769165,0.006837129592895508,5,"[0.18783173977689432, 0.21729947903738947, 0.19956844504235563, 0.18285975141730612, 0.2124405847260546]","ablation only -- requires ground truth, not deployable",330.0
noise_strong_28ba9eae3a,6,centralized,global_graph,true_dag,20,5000,5,0.5,0.2,2,strong,False,0.07,0.05,0.5,42,1295642094,"[649783253, 2343356330, 585331283, 2395519712, 1556000077]",33.0,0.5352112626224956,0.6551724135671819,0.4523809522732426,26,0.5384615382544379,0.33333333325396824,0.41176470103806234,0.0,84.4026153087616,84.4026153087616,0.0,1,,,
noise_strong_28ba9eae3a,6,local,mean_local_graph,true_dag,20,5000,5,0.5,0.2,2,strong,False,0.07,0.05,0.5,42,1295642094,"[649783253, 2343356330, 585331283, 2395519712, 1556000077]",32.0,0.5263420120965184,0.6949971507253603,0.4238095237086167,0,0.0,0.0,0.354426451800541,521.25,21.933881282806396,4.9815075397491455,0.006292581558227539,5,,,
noise_strong_28ba9eae3a,6,naive,global_graph,true_dag,20,5000,5,0.5,0.2,2,strong,False,0.07,0.05,0.5,42,1295642094,"[649783253, 2343356330, 585331283, 2395519712, 1556000077]",31.0,0.5373134279973268,0.719999999712,0.4285714284693877,0,0.0,0.0,0.0,521.25,21.92829942703247,4.97592568397522,0.0007107257843017578,5,"[0.2, 0.2, 0.2, 0.2, 0.2]","n_oriented=0 / Dir_F1=0 BY CONSTRUCTION (no Sepsets passed to orientation) -- definitional, not independent evidence of a weighting effect; see factorial ablation for that comparison.",
noise_strong_28ba9eae3a,6,fedpc_consensus,global_graph,true_dag,20,5000,5,0.5,0.2,2,strong,False,0.07,0.05,0.5,42,1295642094,"[649783253, 2343356330, 585331283, 2395519712, 1556000077]",31.0,0.5373134279973268,0.719999999712,0.4285714284693877,21,0.5238095235600907,0.26190476184240363,0.3492063446510456,521.25,21.931593418121338,4.979219675064087,0.004004716873168945,5,"[0.22298206338566504, 0.1932864734936382, 0.21178291833560176, 0.18104462446930816, 0.19090392031578685]",,332.0
noise_strong_28ba9eae3a,6,fedpc_oracle,global_graph,true_dag,20,5000,5,0.5,0.2,2,strong,False,0.07,0.05,0.5,42,1295642094,"[649783253, 2343356330, 585331283, 2395519712, 1556000077]",31.0,0.5373134279973268,0.719999999712,0.4285714284693877,21,0.5238095235600907,0.26190476184240363,0.3492063446510456,521.25,21.932360887527466,4.979987144470215,0.004772186279296875,5,"[0.20198165144911664, 0.20805594936384675, 0.21857161168718708, 0.16940913605073293, 0.20198165144911664]","ablation only -- requires ground truth, not deployable",332.0
noise_strong_28ba9eae3a,7,centralized,global_graph,true_dag,20,5000,5,0.5,0.2,2,strong,False,0.07,0.05,0.5,42,1839454808,"[124909164, 27366958, 2174321873, 3658381022, 4209070099]",29.0,0.6419753036122544,0.7647058821280277,0.5531914892440019,30,0.5999999998,0.3829787233227705,0.46753246265474785,0.0,92.36415195465088,92.36415195465088,0.0,1,,,
noise_strong_28ba9eae3a,7,local,mean_local_graph,true_dag,20,5000,5,0.5,0.2,2,strong,False,0.07,0.05,0.5,42,1839454808,"[124909164, 27366958, 2174321873, 3658381022, 4209070099]",30.6,0.5809765210823226,0.8181428568258464,0.45106382969126296,0,0.0,0.0,0.4172261847407362,605.625,28.249001026153564,6.646585464477539,0.006447553634643555,5,,,
noise_strong_28ba9eae3a,7,naive,global_graph,true_dag,20,5000,5,0.5,0.2,2,strong,False,0.07,0.05,0.5,42,1839454808,"[124909164, 27366958, 2174321873, 3658381022, 4209070099]",29.0,0.5915492911327118,0.8749999996354166,0.44680851054323223,0,0.0,0.0,0.0,605.625,28.2434561252594,6.641040563583374,0.0009026527404785156,5,"[0.2, 0.2, 0.2, 0.2, 0.2]","n_oriented=0 / Dir_F1=0 BY CONSTRUCTION (no Sepsets passed to orientation) -- definitional, not independent evidence of a weighting effect; see factorial ablation for that comparison.",
noise_strong_28ba9eae3a,7,fedpc_consensus,global_graph,true_dag,20,5000,5,0.5,0.2,2,strong,False,0.07,0.05,0.5,42,1839454808,"[124909164, 27366958, 2174321873, 3658381022, 4209070099]",29.0,0.5915492911327118,0.8749999996354166,0.44680851054323223,20,0.6999999996499999,0.2978723403621548,0.4179104434484295,605.625,28.24737286567688,6.6449573040008545,0.004819393157958984,5,"[0.20872511362761045, 0.20002407916412215, 0.20153412334091994, 0.21068044119115006, 0.17903624267619747]",,338.0
noise_strong_28ba9eae3a,7,fedpc_oracle,global_graph,true_dag,20,5000,5,0.5,0.2,2,strong,False,0.07,0.05,0.5,42,1839454808,"[124909164, 27366958, 2174321873, 3658381022, 4209070099]",29.0,0.5915492911327118,0.8749999996354166,0.44680851054323223,20,0.6999999996499999,0.2978723403621548,0.4179104434484295,605.625,28.24781036376953,6.645394802093506,0.0052568912506103516,5,"[0.201215834822916, 0.201215834822916, 0.2224445161094914, 0.2069238024485453, 0.1682000117961313]","ablation only -- requires ground truth, not deployable",338.0
noise_strong_28ba9eae3a,8,centralized,global_graph,true_dag,20,5000,5,0.5,0.2,2,strong,False,0.07,0.05,0.5,42,2898661732,"[3485365785, 1401167578, 879899282, 2506109160, 3297058479]",15.0,0.7692307640899408,0.8928571425382653,0.6756756754930606,24,0.7083333330381945,0.4594594593352812,0.5573770442246708,0.0,67.19381427764893,67.19381427764893,0.0,1,,,
noise_strong_28ba9eae3a,8,local,mean_local_graph,true_dag,20,5000,5,0.5,0.2,2,strong,False,0.07,0.05,0.5,42,2898661732,"[3485365785, 1401167578, 879899282, 2506109160, 3297058479]",17.8,0.7156908614491966,0.8756410252983645,0.6054054052417822,0,0.0,0.0,0.5102976894088942,540.0,22.847882986068726,4.8369057178497314,0.0074841976165771484,5,,,
noise_strong_28ba9eae3a,8,naive,global_graph,true_dag,20,5000,5,0.5,0.2,2,strong,False,0.07,0.05,0.5,42,2898661732,"[3485365785, 1401167578, 879899282, 2506109160, 3297058479]",16.0,0.7419354788189387,0.919999999632,0.6216216214536158,0,0.0,0.0,0.0,540.0,22.84087300300598,4.829895734786987,0.0004742145538330078,5,"[0.2, 0.2, 0.2, 0.2, 0.2]","n_oriented=0 / Dir_F1=0 BY CONSTRUCTION (no Sepsets passed to orientation) -- definitional, not independent evidence of a weighting effect; see factorial ablation for that comparison.",
noise_strong_28ba9eae3a,8,fedpc_consensus,global_graph,true_dag,20,5000,5,0.5,0.2,2,strong,False,0.07,0.05,0.5,42,2898661732,"[3485365785, 1401167578, 879899282, 2506109160, 3297058479]",16.0,0.7419354788189387,0.919999999632,0.6216216214536158,21,0.7619047615419501,0.4324324323155588,0.5517241331212842,540.0,22.845137357711792,4.834160089492798,0.004738569259643555,5,"[0.2113798728713701, 0.2113798728713701, 0.2095078882085567, 0.17292910265648756, 0.19480326339221554]",,332.0
noise_strong_28ba9eae3a,8,fedpc_oracle,global_graph,true_dag,20,5000,5,0.5,0.2,2,strong,False,0.07,0.05,0.5,42,2898661732,"[3485365785, 1401167578, 879899282, 2506109160, 3297058479]",16.0,0.7419354788189387,0.919999999632,0.6216216214536158,21,0.7619047615419501,0.4324324323155588,0.5517241331212842,540.0,22.84466052055359,4.833683252334595,0.00426173210144043,5,"[0.22621431195518682, 0.20775585235779034, 0.20275164427982978, 0.17319533227584885, 0.1900828591313443]","ablation only -- requires ground truth, not deployable",332.0
noise_strong_28ba9eae3a,9,centralized,global_graph,true_dag,20,5000,5,0.5,0.2,2,strong,False,0.07,0.05,0.5,42,4055451248,"[2007076633, 3204956760, 505762152, 613608815, 1263318608]",12.0,0.8235294065268166,0.8484848482277318,0.7999999997714285,29,0.72413793078478,0.5999999998285714,0.6562499948388673,0.0,48.09869122505188,48.09869122505188,0.0,1,,,
noise_strong_28ba9eae3a,9,local,mean_local_graph,true_dag,20,5000,5,0.5,0.2,2,strong,False,0.07,0.05,0.5,42,4055451248,"[2007076633, 3204956760, 505762152, 613608815, 1263318608]",12.2,0.8112499947841216,0.8855172410799366,0.7485714283575511,0,0.0,0.0,0.5340845049478429,460.0,17.056145906448364,3.7781715393066406,0.010915517807006836,5,,,
noise_strong_28ba9eae3a,9,naive,global_graph,true_dag,20,5000,5,0.5,0.2,2,strong,False,0.07,0.05,0.5,42,4055451248,"[2007076633, 3204956760, 505762152, 613608815, 1263318608]",12.0,0.8124999947900392,0.8965517238287752,0.742857142644898,0,0.0,0.0,0.0,460.0,17.04578447341919,3.767810106277466,0.0005540847778320312,5,"[0.2, 0.2, 0.2, 0.2, 0.2]","n_oriented=0 / Dir_F1=0 BY CONSTRUCTION (no Sepsets passed to orientation) -- definitional, not independent evidence of a weighting effect; see factorial ablation for that comparison.",
noise_strong_28ba9eae3a,9,fedpc_consensus,global_graph,true_dag,20,5000,5,0.5,0.2,2,strong,False,0.07,0.05,0.5,42,4055451248,"[2007076633, 3204956760, 505762152, 613608815, 1263318608]",12.0,0.8124999947900392,0.8965517238287752,0.742857142644898,23,0.6521739127599243,0.4285714284489796,0.5172413743460167,460.0,17.04998755455017,3.7720131874084473,0.0047571659088134766,5,"[0.2042432814710042, 0.19363507779349362, 0.2042432814710042, 0.19363507779349362, 0.2042432814710042]",,322.0
noise_strong_28ba9eae3a,9,fedpc_oracle,global_graph,true_dag,20,5000,5,0.5,0.2,2,strong,False,0.07,0.05,0.5,42,4055451248,"[2007076633, 3204956760, 505762152, 613608815, 1263318608]",12.0,0.8124999947900392,0.8965517238287752,0.742857142644898,23,0.6521739127599243,0.4285714284489796,0.5172413743460167,460.0,17.050838708877563,3.77286434173584,0.005608320236206055,5,"[0.19440654030065155, 0.21625117183525036, 0.19440654030065155, 0.200529207262795, 0.19440654030065155]","ablation only -- requires ground truth, not deployable",322.0
noise_strong_28ba9eae3a,10,centralized,global_graph,true_dag,20,5000,5,0.5,0.2,2,strong,False,0.07,0.05,0.5,42,2769674900,"[3217182760, 3034593312, 392658646, 3123951418, 2184468411]",14.0,0.829268287492564,0.8717948715713346,0.7906976742347215,36,0.8333333331018519,0.6976744184424013,0.7594936657330555,0.0,75.90521311759949,75.90521311759949,0.0,1,,,
noise_strong_28ba9eae3a,10,local,mean_local_graph,true_dag,20,5000,5,0.5,0.2,2,strong,False,0.07,0.05,0.5,42,2769674900,"[3217182760, 3034593312, 392658646, 3123951418, 2184468411]",15.6,0.7936842054112899,0.9204545451720687,0.6976744184424013,0,0.0,0.0,0.6814485900062863,430.0,18.947211742401123,4.067546606063843,0.007315158843994141,5,,,
noise_strong_28ba9eae3a,10,naive,global_graph,true_dag,20,5000,5,0.5,0.2,2,strong,False,0.07,0.05,0.5,42,2769674900,"[3217182760, 3034593312, 392658646, 3123951418, 2184468411]",15.0,0.7999999948942222,0.9374999997070312,0.6976744184424013,0,0.0,0.0,0.0,430.0,18.940619230270386,4.0609540939331055,0.0007226467132568359,5,"[0.2, 0.2, 0.2, 0.2, 0.2]","n_oriented=0 / Dir_F1=0 BY CONSTRUCTION (no Sepsets passed to orientation) -- definitional, not independent evidence of a weighting effect; see factorial ablation for that comparison.",
noise_strong_28ba9eae3a,10,fedpc_consensus,global_graph,true_dag,20,5000,5,0.5,0.2,2,strong,False,0.07,0.05,0.5,42,2769674900,"[3217182760, 3034593312, 392658646, 3123951418, 2184468411]",15.0,0.7999999948942222,0.9374999997070312,0.6976744184424013,27,0.9259259255829904,0.581395348702001,0.7142857093428573,430.0,18.943923950195312,4.064258813858032,0.004027366638183594,5,"[0.2111680948447823, 0.18703071102634175, 0.1961964943225367, 0.19057509321294183, 0.21502960659339743]",,320.0
noise_strong_28ba9eae3a,10,fedpc_oracle,global_graph,true_dag,20,5000,5,0.5,0.2,2,strong,False,0.07,0.05,0.5,42,2769674900,"[3217182760, 3034593312, 392658646, 3123951418, 2184468411]",15.0,0.7999999948942222,0.9374999997070312,0.6976744184424013,27,0.9259259255829904,0.581395348702001,0.7142857093428573,430.0,18.94401454925537,4.064349412918091,0.0041179656982421875,5,"[0.21686076333183052, 0.18978137545597298, 0.19778595373739885, 0.19778595373739885, 0.19778595373739885]","ablation only -- requires ground truth, not deployable",320.0
noise_strong_28ba9eae3a,11,centralized,global_graph,true_dag,20,5000,5,0.5,0.2,2,strong,False,0.07,0.05,0.5,42,3312054257,"[1745790714, 459725984, 2343540576, 3653318446, 1026299461]",17.0,0.7384615332639053,0.7999999997333334,0.6857142855183673,28,0.7499999997321428,0.5999999998285714,0.6666666615167549,0.0,61.672099590301514,61.672099590301514,0.0,1,,,
noise_strong_28ba9eae3a,11,local,mean_local_graph,true_dag,20,5000,5,0.5,0.2,2,strong,False,0.07,0.05,0.5,42,3312054257,"[1745790714, 459725984, 2343540576, 3653318446, 1026299461]",16.0,0.7296005174868225,0.8938321674611103,0.6171428569665306,0,0.0,0.0,0.6507212425851825,501.875,19.85603141784668,4.1493752002716064,0.005753993988037109,5,,,
noise_strong_28ba9eae3a,11,naive,global_graph,true_dag,20,5000,5,0.5,0.2,2,strong,False,0.07,0.05,0.5,42,3312054257,"[1745790714, 459725984, 2343540576, 3653318446, 1026299461]",16.0,0.724137925998811,0.9130434778638941,0.5999999998285714,0,0.0,0.0,0.0,501.875,19.850720643997192,4.144064426422119,0.0004432201385498047,5,"[0.2, 0.2, 0.2, 0.2, 0.2]","n_oriented=0 / Dir_F1=0 BY CONSTRUCTION (no Sepsets passed to orientation) -- definitional, not independent evidence of a weighting effect; see factorial ablation for that comparison.",
noise_strong_28ba9eae3a,11,fedpc_consensus,global_graph,true_dag,20,5000,5,0.5,0.2,2,strong,False,0.07,0.05,0.5,42,3312054257,"[1745790714, 459725984, 2343540576, 3653318446, 1026299461]",16.0,0.724137925998811,0.9130434778638941,0.5999999998285714,21,0.9523809519274377,0.5714285712653061,0.7142857093431123,501.875,19.85390043258667,4.147244215011597,0.0036230087280273438,5,"[0.19096252131073455, 0.1855331705572369, 0.20218398436821636, 0.2049170797164643, 0.21640324404734798]",,336.0
noise_strong_28ba9eae3a,11,fedpc_oracle,global_graph,true_dag,20,5000,5,0.5,0.2,2,strong,False,0.07,0.05,0.5,42,3312054257,"[1745790714, 459725984, 2343540576, 3653318446, 1026299461]",16.0,0.724137925998811,0.9130434778638941,0.5999999998285714,21,0.9523809519274377,0.5714285712653061,0.7142857093431123,501.875,19.853595972061157,4.146939754486084,0.0033185482025146484,5,"[0.20371479667853304, 0.17246050924099188, 0.20867721645169093, 0.21336820255988775, 0.20177927506889634]","ablation only -- requires ground truth, not deployable",336.0
noise_strong_28ba9eae3a,12,centralized,global_graph,true_dag,20,5000,5,0.5,0.2,2,strong,False,0.07,0.05,0.5,42,586202363,"[1610230496, 2815740580, 3121329482, 1290469107, 2113219970]",21.0,0.6440677916345878,0.8260869561625709,0.5277777776311728,15,0.6666666662222221,0.2777777777006173,0.3921568584390619,0.0,78.19967436790466,78.19967436790466,0.0,1,,,
noise_strong_28ba9eae3a,12,local,mean_local_graph,true_dag,20,5000,5,0.5,0.2,2,strong,False,0.07,0.05,0.5,42,586202363,"[1610230496, 2815740580, 3121329482, 1290469107, 2113219970]",18.4,0.671216673230289,0.9403759393783073,0.5222222220771604,0,0.0,0.0,0.2831627088110491,671.25,26.90632152557373,5.643745422363281,0.003172159194946289,5,,,
noise_strong_28ba9eae3a,12,naive,global_graph,true_dag,20,5000,5,0.5,0.2,2,strong,False,0.07,0.05,0.5,42,586202363,"[1610230496, 2815740580, 3121329482, 1290469107, 2113219970]",18.0,0.6785714237372449,0.9499999995249999,0.5277777776311728,0,0.0,0.0,0.0,671.25,26.903503894805908,5.640927791595459,0.00035452842712402344,5,"[0.2, 0.2, 0.2, 0.2, 0.2]","n_oriented=0 / Dir_F1=0 BY CONSTRUCTION (no Sepsets passed to orientation) -- definitional, not independent evidence of a weighting effect; see factorial ablation for that comparison.",
noise_strong_28ba9eae3a,12,fedpc_consensus,global_graph,true_dag,20,5000,5,0.5,0.2,2,strong,False,0.07,0.05,0.5,42,586202363,"[1610230496, 2815740580, 3121329482, 1290469107, 2113219970]",18.0,0.6785714237372449,0.9499999995249999,0.5277777776311728,8,0.9999999987499999,0.2222222221604938,0.3636363604958677,671.25,26.907172441482544,5.644596338272095,0.004023075103759766,5,"[0.20279332208094794, 0.20770308142662378, 0.20279332208094794, 0.19335513720574019, 0.19335513720574019]",,342.0
noise_strong_28ba9eae3a,12,fedpc_oracle,global_graph,true_dag,20,5000,5,0.5,0.2,2,strong,False,0.07,0.05,0.5,42,586202363,"[1610230496, 2815740580, 3121329482, 1290469107, 2113219970]",18.0,0.6785714237372449,0.9499999995249999,0.5277777776311728,8,0.9999999987499999,0.2222222221604938,0.3636363604958677,671.25,26.9072048664093,5.6446287631988525,0.004055500030517578,5,"[0.19005656292341497, 0.20426520198349007, 0.19005656292341497, 0.1971608720081503, 0.2184608001615297]","ablation only -- requires ground truth, not deployable",342.0
noise_strong_28ba9eae3a,13,centralized,global_graph,true_dag,20,5000,5,0.5,0.2,2,strong,False,0.07,0.05,0.5,42,1182619089,"[4095463513, 1435139646, 3645946047, 330410238, 3539362975]",34.0,0.5526315741481996,0.7499999997321428,0.4374999999088542,26,0.615384615147929,0.33333333326388886,0.43243242775748725,0.0,109.8969509601593,109.8969509601593,0.0,1,,,
noise_strong_28ba9eae3a,13,local,mean_local_graph,true_dag,20,5000,5,0.5,0.2,2,strong,False,0.07,0.05,0.5,42,1182619089,"[4095463513, 1435139646, 3645946047, 330410238, 3539362975]",35.4,0.5202192568315827,0.7454106277288902,0.3999999999166667,0,0.0,0.0,0.39218384063976536,585.625,27.97335124015808,6.022359132766724,0.0065517425537109375,5,,,
noise_strong_28ba9eae3a,13,naive,global_graph,true_dag,20,5000,5,0.5,0.2,2,strong,False,0.07,0.05,0.5,42,1182619089,"[4095463513, 1435139646, 3645946047, 330410238, 3539362975]",33.0,0.5599999952426667,0.7777777774897119,0.4374999999088542,0,0.0,0.0,0.0,585.625,27.967470169067383,6.016478061676025,0.0006706714630126953,5,"[0.2, 0.2, 0.2, 0.2, 0.2]","n_oriented=0 / Dir_F1=0 BY CONSTRUCTION (no Sepsets passed to orientation) -- definitional, not independent evidence of a weighting effect; see factorial ablation for that comparison.",
noise_strong_28ba9eae3a,13,fedpc_consensus,global_graph,true_dag,20,5000,5,0.5,0.2,2,strong,False,0.07,0.05,0.5,42,1182619089,"[4095463513, 1435139646, 3645946047, 330410238, 3539362975]",33.0,0.5599999952426667,0.7777777774897119,0.4374999999088542,23,0.6521739127599243,0.31249999993489586,0.4225352067684983,585.625,27.971911430358887,6.020919322967529,0.0051119327545166016,5,"[0.168836374112805, 0.21630995962780275, 0.21438519827427574, 0.22331562811240074, 0.17715283987271568]",,334.0
noise_strong_28ba9eae3a,13,fedpc_oracle,global_graph,true_dag,20,5000,5,0.5,0.2,2,strong,False,0.07,0.05,0.5,42,1182619089,"[4095463513, 1435139646, 3645946047, 330410238, 3539362975]",33.0,0.5599999952426667,0.7777777774897119,0.4374999999088542,23,0.6521739127599243,0.31249999993489586,0.4225352067684983,585.625,27.97192621231079,6.020934104919434,0.0051267147064208984,5,"[0.18985791706646638, 0.21577292615776938, 0.18957675008537136, 0.2100573410058576, 0.19473506568453527]","ablation only -- requires ground truth, not deployable",334.0
noise_strong_28ba9eae3a,14,centralized,global_graph,true_dag,20,5000,5,0.5,0.2,2,strong,False,0.07,0.05,0.5,42,3012201934,"[823403327, 1742209469, 64054911, 4019656905, 1642649768]",24.0,0.6666666615162038,0.7272727270523416,0.6153846152268244,28,0.6071428569260204,0.4358974357856673,0.5074626815504568,0.0,83.73224139213562,83.73224139213562,0.0,1,,,
noise_strong_28ba9eae3a,14,local,mean_local_graph,true_dag,20,5000,5,0.5,0.2,2,strong,False,0.07,0.05,0.5,42,3012201934,"[823403327, 1742209469, 64054911, 4019656905, 1642649768]",22.4,0.6364366248022426,0.8694108785891572,0.50256410243524,0,0.0,0.0,0.4215377325371691,469.375,18.47131061553955,3.8571667671203613,0.005749225616455078,5,,,
noise_strong_28ba9eae3a,14,naive,global_graph,true_dag,20,5000,5,0.5,0.2,2,strong,False,0.07,0.05,0.5,42,3012201934,"[823403327, 1742209469, 64054911, 4019656905, 1642649768]",23.0,0.6229508148562215,0.8636363632438017,0.48717948705456937,0,0.0,0.0,0.0,469.375,18.466017723083496,3.8518738746643066,0.0004563331604003906,5,"[0.2, 0.2, 0.2, 0.2, 0.2]","n_oriented=0 / Dir_F1=0 BY CONSTRUCTION (no Sepsets passed to orientation) -- definitional, not independent evidence of a weighting effect; see factorial ablation for that comparison.",
noise_strong_28ba9eae3a,14,fedpc_consensus,global_graph,true_dag,20,5000,5,0.5,0.2,2,strong,False,0.07,0.05,0.5,42,3012201934,"[823403327, 1742209469, 64054911, 4019656905, 1642649768]",23.0,0.6229508148562215,0.8636363632438017,0.48717948705456937,13,0.6923076917751478,0.23076923071005917,0.34615384227071005,469.375,18.469934701919556,3.855790853500366,0.004373311996459961,5,"[0.22773347426998594, 0.20091791224286382, 0.1379387220147168, 0.1993845084714296, 0.23402538300100373]",,342.0
noise_strong_28ba9eae3a,14,fedpc_oracle,global_graph,true_dag,20,5000,5,0.5,0.2,2,strong,False,0.07,0.05,0.5,42,3012201934,"[823403327, 1742209469, 64054911, 4019656905, 1642649768]",23.0,0.6229508148562215,0.8636363632438017,0.48717948705456937,13,0.6923076917751478,0.23076923071005917,0.34615384227071005,469.375,18.469411849975586,3.8552680015563965,0.0038504600524902344,5,"[0.19154106376319924, 0.19797897182412594, 0.19280327486024176, 0.21223386582271006, 0.205442823729723]","ablation only -- requires ground truth, not deployable",342.0
tau0.3_00b1c3b009,0,centralized,global_graph,true_dag,20,5000,5,0.3,0.2,2,mild,False,0.07,0.05,0.5,42,734248144,"[117848074, 985379736, 1232698699, 2458845982, 3609086550]",12.0,0.8124999947460938,0.8124999997460938,0.8124999997460938,27,0.7407407404663923,0.6249999998046875,0.6779660965010055,0.0,20.51536250114441,20.51536250114441,0.0,1,,,
tau0.3_00b1c3b009,0,local,mean_local_graph,true_dag,20,5000,5,0.3,0.2,2,mild,False,0.07,0.05,0.5,42,734248144,"[117848074, 985379736, 1232698699, 2458845982, 3609086550]",7.8,0.8651306179307156,0.9708994705212237,0.7812499997558594,0,0.0,0.0,0.6756413444866107,358.125,10.394564867019653,2.21423077583313,0.006205558776855469,5,,,
tau0.3_00b1c3b009,0,naive,global_graph,true_dag,20,5000,5,0.3,0.2,2,mild,False,0.07,0.05,0.5,42,734248144,"[117848074, 985379736, 1232698699, 2458845982, 3609086550]",6.0,0.896551718882283,0.9999999996153845,0.8124999997460938,0,0.0,0.0,0.0,358.125,10.388816833496094,2.2084827423095703,0.00045752525329589844,5,"[0.2, 0.2, 0.2, 0.2, 0.2]","n_oriented=0 / Dir_F1=0 BY CONSTRUCTION (no Sepsets passed to orientation) -- definitional, not independent evidence of a weighting effect; see factorial ablation for that comparison.",
tau0.3_00b1c3b009,0,fedpc_consensus,global_graph,true_dag,20,5000,5,0.3,0.2,2,mild,False,0.07,0.05,0.5,42,734248144,"[117848074, 985379736, 1232698699, 2458845982, 3609086550]",6.0,0.896551718882283,0.9999999996153845,0.8124999997460938,19,0.9999999994736841,0.5937499998144531,0.7450980342483661,358.125,10.391331434249878,2.2109973430633545,0.002972126007080078,5,"[0.1885230845916674, 0.20581417795618556, 0.2107070278151098, 0.19290210433894167, 0.2020536052980956]",,334.0
tau0.3_00b1c3b009,0,fedpc_oracle,global_graph,true_dag,20,5000,5,0.3,0.2,2,mild,False,0.07,0.05,0.5,42,734248144,"[117848074, 985379736, 1232698699, 2458845982, 3609086550]",6.0,0.896551718882283,0.9999999996153845,0.8124999997460938,19,0.9999999994736841,0.5937499998144531,0.7450980342483661,358.125,10.391784191131592,2.2114500999450684,0.0034248828887939453,5,"[0.1918778843340234, 0.1962887261977351, 0.20557922920167745, 0.20067493106488665, 0.20557922920167745]","ablation only -- requires ground truth, not deployable",334.0
tau0.3_00b1c3b009,1,centralized,global_graph,true_dag,20,5000,5,0.3,0.2,2,mild,False,0.07,0.05,0.5,42,3602078831,"[1040008764, 3888704616, 2478810796, 972036594, 2368758157]",5.0,0.9090909037619836,0.9259259255829904,0.8928571425382653,23,0.8695652170132325,0.7142857140306123,0.7843137202306807,0.0,15.188995361328125,15.188995361328125,0.0,1,,,
tau0.3_00b1c3b009,1,local,mean_local_graph,true_dag,20,5000,5,0.3,0.2,2,mild,False,0.07,0.05,0.5,42,3602078831,"[1040008764, 3888704616, 2478810796, 972036594, 2368758157]",6.0,0.884869291544376,0.9502497209033178,0.8285714282755101,0,0.0,0.0,0.7191707991818677,321.25,8.515336990356445,1.8436951637268066,0.003958225250244141,5,,,
tau0.3_00b1c3b009,1,naive,global_graph,true_dag,20,5000,5,0.3,0.2,2,mild,False,0.07,0.05,0.5,42,3602078831,"[1040008764, 3888704616, 2478810796, 972036594, 2368758157]",4.0,0.9259259205898492,0.9615384611686391,0.8928571425382653,0,0.0,0.0,0.0,321.25,8.51184606552124,1.8402042388916016,0.0004673004150390625,5,"[0.2, 0.2, 0.2, 0.2, 0.2]","n_oriented=0 / Dir_F1=0 BY CONSTRUCTION (no Sepsets passed to orientation) -- definitional, not independent evidence of a weighting effect; see factorial ablation for that comparison.",
tau0.3_00b1c3b009,1,fedpc_consensus,global_graph,true_dag,20,5000,5,0.3,0.2,2,mild,False,0.07,0.05,0.5,42,3602078831,"[1040008764, 3888704616, 2478810796, 972036594, 2368758157]",4.0,0.9259259205898492,0.9615384611686391,0.8928571425382653,21,0.9047619043310657,0.6785714283290816,0.7755101988671388,321.25,8.514756441116333,1.8431146144866943,0.003377676010131836,5,"[0.21280233386542327, 0.19115250498657269, 0.2093438306694292, 0.20781216792783797, 0.17888916255073692]",,338.0
tau0.3_00b1c3b009,1,fedpc_oracle,global_graph,true_dag,20,5000,5,0.3,0.2,2,mild,False,0.07,0.05,0.5,42,3602078831,"[1040008764, 3888704616, 2478810796, 972036594, 2368758157]",4.0,0.9259259205898492,0.9615384611686391,0.8928571425382653,21,0.9047619043310657,0.6785714283290816,0.7755101988671388,321.25,8.515040159225464,1.8433983325958252,0.0036613941192626953,5,"[0.20919467228535804, 0.19958544205822337, 0.21866152538277742, 0.19958544205822337, 0.1729729182154178]","ablation only -- requires ground truth, not deployable",338.0
tau0.3_00b1c3b009,2,centralized,global_graph,true_dag,20,5000,5,0.3,0.2,2,mild,False,0.07,0.05,0.5,42,2026027708,"[690061547, 3150048282, 524988126, 2398640284, 4072019288]",23.0,0.6760563329180719,0.7741935481373569,0.59999999985,25,0.639999999744,0.3999999999,0.4923076874224853,0.0,65.11580896377563,65.11580896377563,0.0,1,,,
tau0.3_00b1c3b009,2,local,mean_local_graph,true_dag,20,5000,5,0.3,0.2,2,mild,False,0.07,0.05,0.5,42,2026027708,"[690061547, 3150048282, 524988126, 2398640284, 4072019288]",24.8,0.6286427949967799,0.7844554471961639,0.52499999986875,0,0.0,0.0,0.4713617206270616,526.875,20.71448826789856,4.405291318893433,0.00690913200378418,5,,,
tau0.3_00b1c3b009,2,naive,global_graph,true_dag,20,5000,5,0.3,0.2,2,mild,False,0.07,0.05,0.5,42,2026027708,"[690061547, 3150048282, 524988126, 2398640284, 4072019288]",26.0,0.6285714234938775,0.7333333330888888,0.5499999998625,0,0.0,0.0,0.0,526.875,20.708009004592896,4.3988120555877686,0.0004298686981201172,5,"[0.2, 0.2, 0.2, 0.2, 0.2]","n_oriented=0 / Dir_F1=0 BY CONSTRUCTION (no Sepsets passed to orientation) -- definitional, not independent evidence of a weighting effect; see factorial ablation for that comparison.",
tau0.3_00b1c3b009,2,fedpc_consensus,global_graph,true_dag,20,5000,5,0.3,0.2,2,mild,False,0.07,0.05,0.5,42,2026027708,"[690061547, 3150048282, 524988126, 2398640284, 4072019288]",26.0,0.6285714234938775,0.7333333330888888,0.5499999998625,27,0.666666666419753,0.4499999998875,0.5373134278636668,526.875,20.711620807647705,4.402423858642578,0.0040416717529296875,5,"[0.20178573151215148, 0.20444657392576301, 0.1958784530401788, 0.19163286242703806, 0.20625637909486874]",,336.0
tau0.3_00b1c3b009,2,fedpc_oracle,global_graph,true_dag,20,5000,5,0.3,0.2,2,mild,False,0.07,0.05,0.5,42,2026027708,"[690061547, 3150048282, 524988126, 2398640284, 4072019288]",26.0,0.6285714234938775,0.7333333330888888,0.5499999998625,27,0.666666666419753,0.4499999998875,0.5373134278636668,526.875,20.712239027023315,4.4030420780181885,0.004659891128540039,5,"[0.21070072183889377, 0.19830932260251985, 0.1623348420494834, 0.22429089186965784, 0.20436422163944523]","ablation only -- requires ground truth, not deployable",336.0
tau0.3_00b1c3b009,3,centralized,global_graph,true_dag,20,5000,5,0.3,0.2,2,mild,False,0.07,0.05,0.5,42,2209799704,"[559002702, 2529670122, 2729300951, 1435873735, 2405590482]",5.0,0.9122806964358264,0.8965517238287752,0.9285714282397959,23,0.8695652170132325,0.7142857140306123,0.7843137202306807,0.0,14.341490507125854,14.341490507125854,0.0,1,,,
tau0.3_00b1c3b009,3,local,mean_local_graph,true_dag,20,5000,5,0.3,0.2,2,mild,False,0.07,0.05,0.5,42,2209799704,"[559002702, 2529670122, 2729300951, 1435873735, 2405590482]",5.6,0.8970916661069639,0.924763532412709,0.8714285711173468,0,0.0,0.0,0.7193479467749299,311.25,8.061559200286865,1.7149853706359863,0.006145954132080078,5,,,
tau0.3_00b1c3b009,3,naive,global_graph,true_dag,20,5000,5,0.3,0.2,2,mild,False,0.07,0.05,0.5,42,2209799704,"[559002702, 2529670122, 2729300951, 1435873735, 2405590482]",6.0,0.8928571375382655,0.8928571425382653,0.8928571425382653,0,0.0,0.0,0.0,311.25,8.055896282196045,1.709322452545166,0.0004830360412597656,5,"[0.2, 0.2, 0.2, 0.2, 0.2]","n_oriented=0 / Dir_F1=0 BY CONSTRUCTION (no Sepsets passed to orientation) -- definitional, not independent evidence of a weighting effect; see factorial ablation for that comparison.",
tau0.3_00b1c3b009,3,fedpc_consensus,global_graph,true_dag,20,5000,5,0.3,0.2,2,mild,False,0.07,0.05,0.5,42,2209799704,"[559002702, 2529670122, 2729300951, 1435873735, 2405590482]",6.0,0.8928571375382655,0.8928571425382653,0.8928571425382653,22,0.8181818178099173,0.642857142627551,0.719999994784,311.25,8.058814287185669,1.71224045753479,0.003401041030883789,5,"[0.19938609245741118, 0.19938609245741118, 0.20632210064586826, 0.19938609245741118, 0.1955196219818982]",,330.0
tau0.3_00b1c3b009,3,fedpc_oracle,global_graph,true_dag,20,5000,5,0.3,0.2,2,mild,False,0.07,0.05,0.5,42,2209799704,"[559002702, 2529670122, 2729300951, 1435873735, 2405590482]",6.0,0.8928571375382655,0.8928571425382653,0.8928571425382653,22,0.8181818178099173,0.642857142627551,0.719999994784,311.25,8.058952331542969,1.7123785018920898,0.0035390853881835938,5,"[0.1892357212877933, 0.20533389906087, 0.2037871331920483, 0.20533389906087, 0.19630934739841863]","ablation only -- requires ground truth, not deployable",330.0
tau0.3_00b1c3b009,4,centralized,global_graph,true_dag,20,5000,5,0.3,0.2,2,mild,False,0.07,0.05,0.5,42,1290804863,"[2628487788, 1156627150, 127924199, 1882556501, 3122594269]",6.0,0.879999994648,0.879999999648,0.879999999648,22,0.8636363632438017,0.759999999696,0.8085106329741966,0.0,11.367384672164917,11.367384672164917,0.0,1,,,
tau0.3_00b1c3b009,4,local,mean_local_graph,true_dag,20,5000,5,0.3,0.2,2,mild,False,0.07,0.05,0.5,42,1290804863,"[2628487788, 1156627150, 127924199, 1882556501, 3122594269]",6.2,0.8755694224205861,0.8795641022089082,0.8719999996512,0,0.0,0.0,0.765072171639311,262.5,6.299535036087036,1.35760498046875,0.005537271499633789,5,,,
tau0.3_00b1c3b009,4,naive,global_graph,true_dag,20,5000,5,0.3,0.2,2,mild,False,0.07,0.05,0.5,42,1290804863,"[2628487788, 1156627150, 127924199, 1882556501, 3122594269]",6.0,0.879999994648,0.879999999648,0.879999999648,0,0.0,0.0,0.0,262.5,6.2945075035095215,1.3525774478912354,0.0005097389221191406,5,"[0.2, 0.2, 0.2, 0.2, 0.2]","n_oriented=0 / Dir_F1=0 BY CONSTRUCTION (no Sepsets passed to orientation) -- definitional, not independent evidence of a weighting effect; see factorial ablation for that comparison.",
tau0.3_00b1c3b009,4,fedpc_consensus,global_graph,true_dag,20,5000,5,0.3,0.2,2,mild,False,0.07,0.05,0.5,42,1290804863,"[2628487788, 1156627150, 127924199, 1882556501, 3122594269]",6.0,0.879999994648,0.879999999648,0.879999999648,22,0.8181818178099173,0.719999999712,0.7659574415029425,262.5,6.2977495193481445,1.3558194637298584,0.0037517547607421875,5,"[0.1868159275030765, 0.21097353156128776, 0.20719549018957595, 0.19920132549244385, 0.19581372525361598]",,334.0
tau0.3_00b1c3b009,4,fedpc_oracle,global_graph,true_dag,20,5000,5,0.3,0.2,2,mild,False,0.07,0.05,0.5,42,1290804863,"[2628487788, 1156627150, 127924199, 1882556501, 3122594269]",6.0,0.879999994648,0.879999999648,0.879999999648,22,0.8181818178099173,0.719999999712,0.7659574415029425,262.5,6.297977924346924,1.3560478687286377,0.003980159759521484,5,"[0.19161826551529004, 0.21030213278585475, 0.20197416828399245, 0.20197416828399245, 0.1941312651308704]","ablation only -- requires ground truth, not deployable",334.0
tau0.3_00b1c3b009,5,centralized,global_graph,true_dag,20,5000,5,0.3,0.2,2,mild,False,0.07,0.05,0.5,42,3565388614,"[2849464306, 2474184634, 1822089256, 2881215857, 3047907875]",21.0,0.676923071810651,0.7857142854336735,0.5945945944338933,22,0.6818181815082645,0.40540540529583635,0.5084745714220053,0.0,39.47403430938721,39.47403430938721,0.0,1,,,
tau0.3_00b1c3b009,5,local,mean_local_graph,true_dag,20,5000,5,0.3,0.2,2,mild,False,0.07,0.05,0.5,42,3565388614,"[2849464306, 2474184634, 1822089256, 2881215857, 3047907875]",22.6,0.6168169270241469,0.828030302652708,0.49189189175894815,0,0.0,0.0,0.3858510443619942,374.375,12.264665126800537,2.9401116371154785,0.0054361820220947266,5,,,
tau0.3_00b1c3b009,5,naive,global_graph,true_dag,20,5000,5,0.3,0.2,2,mild,False,0.07,0.05,0.5,42,3565388614,"[2849464306, 2474184634, 1822089256, 2881215857, 3047907875]",22.0,0.6206896503388823,0.8571428567346938,0.48648648635500363,0,0.0,0.0,0.0,374.375,12.259629011154175,2.935075521469116,0.0004000663757324219,5,"[0.2, 0.2, 0.2, 0.2, 0.2]","n_oriented=0 / Dir_F1=0 BY CONSTRUCTION (no Sepsets passed to orientation) -- definitional, not independent evidence of a weighting effect; see factorial ablation for that comparison.",
tau0.3_00b1c3b009,5,fedpc_consensus,global_graph,true_dag,20,5000,5,0.3,0.2,2,mild,False,0.07,0.05,0.5,42,3565388614,"[2849464306, 2474184634, 1822089256, 2881215857, 3047907875]",22.0,0.6206896503388823,0.8571428567346938,0.48648648635500363,16,0.6874999995703125,0.29729729721694664,0.41509433525097894,374.375,12.262775182723999,2.9382216930389404,0.0035462379455566406,5,"[0.19949483684360592, 0.18567481846430842, 0.20900184849423947, 0.18425412356690413, 0.2215743726309421]",,344.0
tau0.3_00b1c3b009,5,fedpc_oracle,global_graph,true_dag,20,5000,5,0.3,0.2,2,mild,False,0.07,0.05,0.5,42,3565388614,"[2849464306, 2474184634, 1822089256, 2881215857, 3047907875]",22.0,0.6206896503388823,0.8571428567346938,0.48648648635500363,16,0.6874999995703125,0.29729729721694664,0.41509433525097894,374.375,12.262265920639038,2.9377124309539795,0.003036975860595703,5,"[0.19552983889025974, 0.20380723046691449, 0.2178588638775745, 0.2023303714243724, 0.18047369534087876]","ablation only -- requires ground truth, not deployable",344.0
tau0.3_00b1c3b009,6,centralized,global_graph,true_dag,20,5000,5,0.3,0.2,2,mild,False,0.07,0.05,0.5,42,3241873100,"[1758574452, 1328516328, 3604473791, 2367099159, 2800380264]",23.0,0.7088607543342413,0.7567567565522278,0.6666666665079365,32,0.6249999998046875,0.47619047607709747,0.540540535485756,0.0,89.00801181793213,89.00801181793213,0.0,1,,,
tau0.3_00b1c3b009,6,local,mean_local_graph,true_dag,20,5000,5,0.3,0.2,2,mild,False,0.07,0.05,0.5,42,3241873100,"[1758574452, 1328516328, 3604473791, 2367099159, 2800380264]",22.8,0.6664323862084933,0.8645604392315303,0.5428571427278912,0,0.0,0.0,0.40517017904954783,509.375,20.12722897529602,4.246663570404053,0.008219718933105469,5,,,
tau0.3_00b1c3b009,6,naive,global_graph,true_dag,20,5000,5,0.3,0.2,2,mild,False,0.07,0.05,0.5,42,3241873100,"[1758574452, 1328516328, 3604473791, 2367099159, 2800380264]",25.0,0.647887318928784,0.7931034480023781,0.5476190474886621,0,0.0,0.0,0.0,509.375,20.119585514068604,4.239020109176636,0.0005762577056884766,5,"[0.2, 0.2, 0.2, 0.2, 0.2]","n_oriented=0 / Dir_F1=0 BY CONSTRUCTION (no Sepsets passed to orientation) -- definitional, not independent evidence of a weighting effect; see factorial ablation for that comparison.",
tau0.3_00b1c3b009,6,fedpc_consensus,global_graph,true_dag,20,5000,5,0.3,0.2,2,mild,False,0.07,0.05,0.5,42,3241873100,"[1758574452, 1328516328, 3604473791, 2367099159, 2800380264]",25.0,0.647887318928784,0.7931034480023781,0.5476190474886621,23,0.6521739127599243,0.3571428570578231,0.4615384568236687,509.375,20.123833179473877,4.243267774581909,0.004823923110961914,5,"[0.19281008008804887, 0.19783033952221066, 0.20086859628799794, 0.18697131861816096, 0.2215196654835815]",,338.0
tau0.3_00b1c3b009,6,fedpc_oracle,global_graph,true_dag,20,5000,5,0.3,0.2,2,mild,False,0.07,0.05,0.5,42,3241873100,"[1758574452, 1328516328, 3604473791, 2367099159, 2800380264]",25.0,0.647887318928784,0.7931034480023781,0.5476190474886621,23,0.6521739127599243,0.3571428570578231,0.4615384568236687,509.375,20.12370729446411,4.2431418895721436,0.004698038101196289,5,"[0.21159162870582177, 0.20592540308219076, 0.19432633943966535, 0.18223122569013134, 0.20592540308219076]","ablation only -- requires ground truth, not deployable",338.0
tau0.3_00b1c3b009,7,centralized,global_graph,true_dag,20,5000,5,0.3,0.2,2,mild,False,0.07,0.05,0.5,42,391434560,"[3692562537, 435798119, 3660254924, 4208381626, 761051201]",11.0,0.8196721258908898,0.8620689652199762,0.7812499997558594,22,0.772727272376033,0.5312499998339844,0.6296296245679013,0.0,65.20934200286865,65.20934200286865,0.0,1,,,
tau0.3_00b1c3b009,7,local,mean_local_graph,true_dag,20,5000,5,0.3,0.2,2,mild,False,0.07,0.05,0.5,42,391434560,"[3692562537, 435798119, 3660254924, 4208381626, 761051201]",13.0,0.7702149522730866,0.8870958747775166,0.6812499997871093,0,0.0,0.0,0.5793398232039273,471.875,16.938934326171875,3.7191905975341797,0.006287336349487305,5,,,
tau0.3_00b1c3b009,7,naive,global_graph,true_dag,20,5000,5,0.3,0.2,2,mild,False,0.07,0.05,0.5,42,391434560,"[3692562537, 435798119, 3660254924, 4208381626, 761051201]",12.0,0.7931034430558859,0.8846153842751479,0.7187499997753906,0,0.0,0.0,0.0,471.875,16.933095932006836,3.7133522033691406,0.0004489421844482422,5,"[0.2, 0.2, 0.2, 0.2, 0.2]","n_oriented=0 / Dir_F1=0 BY CONSTRUCTION (no Sepsets passed to orientation) -- definitional, not independent evidence of a weighting effect; see factorial ablation for that comparison.",
tau0.3_00b1c3b009,7,fedpc_consensus,global_graph,true_dag,20,5000,5,0.3,0.2,2,mild,False,0.07,0.05,0.5,42,391434560,"[3692562537, 435798119, 3660254924, 4208381626, 761051201]",12.0,0.7931034430558859,0.8846153842751479,0.7187499997753906,19,0.6842105259556787,0.4062499998730469,0.5098039166935794,471.875,16.936363458633423,3.7166197299957275,0.0037164688110351562,5,"[0.2000712332865276, 0.1857326396071568, 0.20893515848878227, 0.19593294396093522, 0.2093280246565981]",,338.0
tau0.3_00b1c3b009,7,fedpc_oracle,global_graph,true_dag,20,5000,5,0.3,0.2,2,mild,False,0.07,0.05,0.5,42,391434560,"[3692562537, 435798119, 3660254924, 4208381626, 761051201]",12.0,0.7931034430558859,0.8846153842751479,0.7187499997753906,19,0.6842105259556787,0.4062499998730469,0.5098039166935794,471.875,16.93707299232483,3.717329263687134,0.004426002502441406,5,"[0.18955312150774287, 0.19393570789036424, 0.20803562554243768, 0.19650862453844034, 0.21196692052101493]","ablation only -- requires ground truth, not deployable",338.0
tau0.3_00b1c3b009,8,centralized,global_graph,true_dag,20,5000,5,0.3,0.2,2,mild,False,0.07,0.05,0.5,42,4146975225,"[1880584265, 789131509, 1061571875, 3103734858, 2340058889]",23.0,0.6666666616005041,0.7931034480023781,0.5749999998562499,24,0.7083333330381945,0.42499999989375,0.5312499951464844,0.0,81.71407556533813,81.71407556533813,0.0,1,,,
tau0.3_00b1c3b009,8,local,mean_local_graph,true_dag,20,5000,5,0.3,0.2,2,mild,False,0.07,0.05,0.5,42,4146975225,"[1880584265, 789131509, 1061571875, 3103734858, 2340058889]",24.8,0.6335115814347565,0.7769230766407438,0.53499999986625,0,0.0,0.0,0.45410905818140535,553.75,19.781991958618164,4.367795944213867,0.006917476654052734,5,,,
tau0.3_00b1c3b009,8,naive,global_graph,true_dag,20,5000,5,0.3,0.2,2,mild,False,0.07,0.05,0.5,42,4146975225,"[1880584265, 789131509, 1061571875, 3103734858, 2340058889]",24.0,0.657142852057143,0.7666666664111111,0.5749999998562499,0,0.0,0.0,0.0,553.75,19.775556087493896,4.3613600730896,0.00048160552978515625,5,"[0.2, 0.2, 0.2, 0.2, 0.2]","n_oriented=0 / Dir_F1=0 BY CONSTRUCTION (no Sepsets passed to orientation) -- definitional, not independent evidence of a weighting effect; see factorial ablation for that comparison.",
tau0.3_00b1c3b009,8,fedpc_consensus,global_graph,true_dag,20,5000,5,0.3,0.2,2,mild,False,0.07,0.05,0.5,42,4146975225,"[1880584265, 789131509, 1061571875, 3103734858, 2340058889]",24.0,0.657142852057143,0.7666666664111111,0.5749999998562499,27,0.5925925923731138,0.3999999999,0.4776119353441746,553.75,19.779227018356323,4.365031003952026,0.004152536392211914,5,"[0.20018115472144996, 0.21522810731940742, 0.2074689332768378, 0.20066642118403386, 0.17645538349827108]",,340.0
tau0.3_00b1c3b009,8,fedpc_oracle,global_graph,true_dag,20,5000,5,0.3,0.2,2,mild,False,0.07,0.05,0.5,42,4146975225,"[1880584265, 789131509, 1061571875, 3103734858, 2340058889]",24.0,0.657142852057143,0.7666666664111111,0.5749999998562499,27,0.5925925923731138,0.3999999999,0.4776119353441746,553.75,19.780309438705444,4.3661134243011475,0.005234956741333008,5,"[0.17185479273895593, 0.2079442995254971, 0.18946990914330275, 0.18946990914330275, 0.2412610894489416]","ablation only -- requires ground truth, not deployable",340.0
tau0.3_00b1c3b009,9,centralized,global_graph,true_dag,20,5000,5,0.3,0.2,2,mild,False,0.07,0.05,0.5,42,817654416,"[2166657499, 885901003, 3735582096, 250442861, 1054727942]",13.0,0.7796610117552427,0.8846153842751479,0.696969696758494,20,0.8499999995749999,0.5151515149954086,0.6415094290210039,0.0,54.18218517303467,54.18218517303467,0.0,1,,,
tau0.3_00b1c3b009,9,local,mean_local_graph,true_dag,20,5000,5,0.3,0.2,2,mild,False,0.07,0.05,0.5,42,817654416,"[2166657499, 885901003, 3735582096, 250442861, 1054727942]",15.2,0.7359898086651028,0.8629832772395863,0.6424242422295684,0,0.0,0.0,0.6075247144230855,516.25,18.199262619018555,3.817889451980591,0.007358074188232422,5,,,
tau0.3_00b1c3b009,9,naive,global_graph,true_dag,20,5000,5,0.3,0.2,2,mild,False,0.07,0.05,0.5,42,817654416,"[2166657499, 885901003, 3735582096, 250442861, 1054727942]",14.0,0.758620684488704,0.879999999648,0.6666666664646465,0,0.0,0.0,0.0,516.25,18.19248867034912,3.8111155033111572,0.0005841255187988281,5,"[0.2, 0.2, 0.2, 0.2, 0.2]","n_oriented=0 / Dir_F1=0 BY CONSTRUCTION (no Sepsets passed to orientation) -- definitional, not independent evidence of a weighting effect; see factorial ablation for that comparison.",
tau0.3_00b1c3b009,9,fedpc_consensus,global_graph,true_dag,20,5000,5,0.3,0.2,2,mild,False,0.07,0.05,0.5,42,817654416,"[2166657499, 885901003, 3735582096, 250442861, 1054727942]",14.0,0.758620684488704,0.879999999648,0.6666666664646465,20,0.8499999995749999,0.5151515149954086,0.6415094290210039,516.25,18.19625210762024,3.8148789405822754,0.004347562789916992,5,"[0.1955381863494337, 0.19992624560410094, 0.19232642927826257, 0.2018404869418426, 0.21036865182636014]",,336.0
tau0.3_00b1c3b009,9,fedpc_oracle,global_graph,true_dag,20,5000,5,0.3,0.2,2,mild,False,0.07,0.05,0.5,42,817654416,"[2166657499, 885901003, 3735582096, 250442861, 1054727942]",14.0,0.758620684488704,0.879999999648,0.6666666664646465,20,0.8499999995749999,0.5151515149954086,0.6415094290210039,516.25,18.19611883163452,3.8147456645965576,0.004214286804199219,5,"[0.19353915778594935, 0.20527099288841177, 0.20527099288841177, 0.2076102446402075, 0.18830861179701958]","ablation only -- requires ground truth, not deployable",336.0
tau0.3_00b1c3b009,10,centralized,global_graph,true_dag,20,5000,5,0.3,0.2,2,mild,False,0.07,0.05,0.5,42,2647091138,"[4084394584, 817778538, 4267844911, 4050986664, 4155299659]",19.0,0.6779660965354783,0.7692307689349113,0.6060606058769513,16,0.4999999996875,0.24242424235078053,0.32653060771345277,0.0,61.66779112815857,61.66779112815857,0.0,1,,,
tau0.3_00b1c3b009,10,local,mean_local_graph,true_dag,20,5000,5,0.3,0.2,2,mild,False,0.07,0.05,0.5,42,2647091138,"[4084394584, 817778538, 4267844911, 4050986664, 4155299659]",19.6,0.6424100605464536,0.808874458501751,0.533333333171717,0,0.0,0.0,0.3168252325387572,506.25,16.466205596923828,3.622861623764038,0.004338502883911133,5,,,
tau0.3_00b1c3b009,10,naive,global_graph,true_dag,20,5000,5,0.3,0.2,2,mild,False,0.07,0.05,0.5,42,2647091138,"[4084394584, 817778538, 4267844911, 4050986664, 4155299659]",21.0,0.6315789422714683,0.7499999996875,0.5454545452892562,0,0.0,0.0,0.0,506.25,16.462496280670166,3.619152307510376,0.0006291866302490234,5,"[0.2, 0.2, 0.2, 0.2, 0.2]","n_oriented=0 / Dir_F1=0 BY CONSTRUCTION (no Sepsets passed to orientation) -- definitional, not independent evidence of a weighting effect; see factorial ablation for that comparison.",
tau0.3_00b1c3b009,10,fedpc_consensus,global_graph,true_dag,20,5000,5,0.3,0.2,2,mild,False,0.07,0.05,0.5,42,2647091138,"[4084394584, 817778538, 4267844911, 4050986664, 4155299659]",21.0,0.6315789422714683,0.7499999996875,0.5454545452892562,14,0.49999999964285713,0.21212121205693296,0.29787233611588954,506.25,16.46558713912964,3.6222431659698486,0.0037200450897216797,5,"[0.1917800979196778, 0.2080126954037045, 0.21598134684793413, 0.2106575743240206, 0.1735682855046628]",,344.0
tau0.3_00b1c3b009,10,fedpc_oracle,global_graph,true_dag,20,5000,5,0.3,0.2,2,mild,False,0.07,0.05,0.5,42,2647091138,"[4084394584, 817778538, 4267844911, 4050986664, 4155299659]",21.0,0.6315789422714683,0.7499999996875,0.5454545452892562,14,0.49999999964285713,0.21212121205693296,0.29787233611588954,506.25,16.465689659118652,3.6223456859588623,0.0038225650787353516,5,"[0.215265580988466, 0.1932023494757009, 0.20750890377358192, 0.1920115828811256, 0.1920115828811256]","ablation only -- requires ground truth, not deployable",344.0
tau0.3_00b1c3b009,11,centralized,global_graph,true_dag,20,5000,5,0.3,0.2,2,mild,False,0.07,0.05,0.5,42,2322246655,"[3757313980, 3005562748, 1504220018, 1431015760, 2886542401]",31.0,0.5753424609345094,0.7777777774897119,0.4565217390311909,24,0.5416666664409722,0.28260869559073726,0.3714285668163266,0.0,186.68868970870972,186.68868970870972,0.0,1,,,
tau0.3_00b1c3b009,11,local,mean_local_graph,true_dag,20,5000,5,0.3,0.2,2,mild,False,0.07,0.05,0.5,42,2322246655,"[3757313980, 3005562748, 1504220018, 1431015760, 2886542401]",33.8,0.5015338283054249,0.7816261995266445,0.3695652173109641,0,0.0,0.0,0.23250461131356773,761.875,35.33099389076233,7.3903186321258545,0.005579233169555664,5,,,
tau0.3_00b1c3b009,11,naive,global_graph,true_dag,20,5000,5,0.3,0.2,2,mild,False,0.07,0.05,0.5,42,2322246655,"[3757313980, 3005562748, 1504220018, 1431015760, 2886542401]",33.0,0.5352112628922834,0.759999999696,0.4130434781710775,0,0.0,0.0,0.0,761.875,35.3259072303772,7.385231971740723,0.0004925727844238281,5,"[0.2, 0.2, 0.2, 0.2, 0.2]","n_oriented=0 / Dir_F1=0 BY CONSTRUCTION (no Sepsets passed to orientation) -- definitional, not independent evidence of a weighting effect; see factorial ablation for that comparison.",
tau0.3_00b1c3b009,11,fedpc_consensus,global_graph,true_dag,20,5000,5,0.3,0.2,2,mild,False,0.07,0.05,0.5,42,2322246655,"[3757313980, 3005562748, 1504220018, 1431015760, 2886542401]",33.0,0.5352112628922834,0.759999999696,0.4130434781710775,16,0.4999999996875,0.1739130434404537,0.2580645122164413,761.875,35.33030652999878,7.389631271362305,0.004891872406005859,5,"[0.20947639489297937, 0.2276888675739783, 0.21375432955035192, 0.18369448135488306, 0.16538592662780738]",,348.0
tau0.3_00b1c3b009,11,fedpc_oracle,global_graph,true_dag,20,5000,5,0.3,0.2,2,mild,False,0.07,0.05,0.5,42,2322246655,"[3757313980, 3005562748, 1504220018, 1431015760, 2886542401]",33.0,0.5352112628922834,0.759999999696,0.4130434781710775,16,0.4999999996875,0.1739130434404537,0.2580645122164413,761.875,35.32992601394653,7.389250755310059,0.004511356353759766,5,"[0.19279569284385198, 0.18665935487899474, 0.22924141036133766, 0.1985078490719637, 0.19279569284385198]","ablation only -- requires ground truth, not deployable",348.0
tau0.3_00b1c3b009,12,centralized,global_graph,true_dag,20,5000,5,0.3,0.2,2,mild,False,0.07,0.05,0.5,42,4188595444,"[123152994, 3042479910, 1848785778, 922289041, 1490039361]",13.0,0.799999994783432,0.8666666663777778,0.742857142644898,30,0.7333333330888888,0.6285714283918368,0.6769230717443788,0.0,45.39579248428345,45.39579248428345,0.0,1,,,
tau0.3_00b1c3b009,12,local,mean_local_graph,true_dag,20,5000,5,0.3,0.2,2,mild,False,0.07,0.05,0.5,42,4188595444,"[123152994, 3042479910, 1848785778, 922289041, 1490039361]",14.4,0.7675085776809125,0.881135530809136,0.6799999998057142,0,0.0,0.0,0.6332944285677264,428.125,15.109432458877563,3.3149194717407227,0.010518312454223633,5,,,
tau0.3_00b1c3b009,12,naive,global_graph,true_dag,20,5000,5,0.3,0.2,2,mild,False,0.07,0.05,0.5,42,4188595444,"[123152994, 3042479910, 1848785778, 922289041, 1490039361]",14.0,0.7812499947998046,0.8620689652199762,0.7142857140816327,0,0.0,0.0,0.0,428.125,15.099323749542236,3.3048107624053955,0.0004096031188964844,5,"[0.2, 0.2, 0.2, 0.2, 0.2]","n_oriented=0 / Dir_F1=0 BY CONSTRUCTION (no Sepsets passed to orientation) -- definitional, not independent evidence of a weighting effect; see factorial ablation for that comparison.",
tau0.3_00b1c3b009,12,fedpc_consensus,global_graph,true_dag,20,5000,5,0.3,0.2,2,mild,False,0.07,0.05,0.5,42,4188595444,"[123152994, 3042479910, 1848785778, 922289041, 1490039361]",14.0,0.7812499947998046,0.8620689652199762,0.7142857140816327,29,0.7586206893935791,0.6285714283918368,0.6874999948291016,428.125,15.104111671447754,3.309598684310913,0.0051975250244140625,5,"[0.19541750200512278, 0.20341019763072635, 0.19818479450311935, 0.19995418607649765, 0.20303331978453387]",,334.0
tau0.3_00b1c3b009,12,fedpc_oracle,global_graph,true_dag,20,5000,5,0.3,0.2,2,mild,False,0.07,0.05,0.5,42,4188595444,"[123152994, 3042479910, 1848785778, 922289041, 1490039361]",14.0,0.7812499947998046,0.8620689652199762,0.7142857140816327,29,0.7586206893935791,0.6285714283918368,0.6874999948291016,428.125,15.105194091796875,3.310681104660034,0.006279945373535156,5,"[0.22043405148681983, 0.18657538098061682, 0.17634686180683573, 0.21349168397868895, 0.20315202174703884]","ablation only -- requires ground truth, not deployable",334.0
tau0.3_00b1c3b009,13,centralized,global_graph,true_dag,20,5000,5,0.3,0.2,2,mild,False,0.07,0.05,0.5,42,4201100948,"[4280129660, 1679530473, 3426423607, 2869594198, 1352360198]",10.0,0.8387096721488033,0.8387096771488033,0.8387096771488033,25,0.79999999968,0.6451612901144641,0.7142857090880104,0.0,47.99353790283203,47.99353790283203,0.0,1,,,
tau0.3_00b1c3b009,13,local,mean_local_graph,true_dag,20,5000,5,0.3,0.2,2,mild,False,0.07,0.05,0.5,42,4201100948,"[4280129660, 1679530473, 3426423607, 2869594198, 1352360198]",7.8,0.8678617570875822,0.9151322748046699,0.825806451346514,0,0.0,0.0,0.7396490250836646,447.5,17.419830560684204,3.7691307067871094,0.009488821029663086,5,,,
tau0.3_00b1c3b009,13,naive,global_graph,true_dag,20,5000,5,0.3,0.2,2,mild,False,0.07,0.05,0.5,42,4201100948,"[4280129660, 1679530473, 3426423607, 2869594198, 1352360198]",8.0,0.8666666613833333,0.8965517238287752,0.8387096771488033,0,0.0,0.0,0.0,447.5,17.410793781280518,3.760093927383423,0.0004520416259765625,5,"[0.2, 0.2, 0.2, 0.2, 0.2]","n_oriented=0 / Dir_F1=0 BY CONSTRUCTION (no Sepsets passed to orientation) -- definitional, not independent evidence of a weighting effect; see factorial ablation for that comparison.",
tau0.3_00b1c3b009,13,fedpc_consensus,global_graph,true_dag,20,5000,5,0.3,0.2,2,mild,False,0.07,0.05,0.5,42,4201100948,"[4280129660, 1679530473, 3426423607, 2869594198, 1352360198]",8.0,0.8666666613833333,0.8965517238287752,0.8387096771488033,23,0.8695652170132325,0.6451612901144641,0.7407407355761316,447.5,17.414591550827026,3.7638916969299316,0.0042498111724853516,5,"[0.19819485277148638, 0.21158826402858408, 0.20012686420901027, 0.186126260103884, 0.20396375888703516]",,330.0
tau0.3_00b1c3b009,13,fedpc_oracle,global_graph,true_dag,20,5000,5,0.3,0.2,2,mild,False,0.07,0.05,0.5,42,4201100948,"[4280129660, 1679530473, 3426423607, 2869594198, 1352360198]",8.0,0.8666666613833333,0.8965517238287752,0.8387096771488033,23,0.8695652170132325,0.6451612901144641,0.7407407355761316,447.5,17.414708375930786,3.7640085220336914,0.004366636276245117,5,"[0.19292957778545247, 0.2062312436709621, 0.1973039674363117, 0.1973039674363117, 0.2062312436709621]","ablation only -- requires ground truth, not deployable",330.0
tau0.3_00b1c3b009,14,centralized,global_graph,true_dag,20,5000,5,0.3,0.2,2,mild,False,0.07,0.05,0.5,42,3820578735,"[3721559892, 2968715683, 50203215, 1634519029, 2243740935]",13.0,0.799999994783432,0.8666666663777778,0.742857142644898,27,0.666666666419753,0.5142857141387756,0.5806451561862643,0.0,61.1088981628418,61.1088981628418,0.0,1,,,
tau0.3_00b1c3b009,14,local,mean_local_graph,true_dag,20,5000,5,0.3,0.2,2,mild,False,0.07,0.05,0.5,42,3820578735,"[3721559892, 2968715683, 50203215, 1634519029, 2243740935]",18.4,0.6879191346051815,0.8429341186700949,0.5828571426906122,0,0.0,0.0,0.3975036031788702,513.75,20.985641479492188,4.667189598083496,0.0051403045654296875,5,,,
tau0.3_00b1c3b009,14,naive,global_graph,true_dag,20,5000,5,0.3,0.2,2,mild,False,0.07,0.05,0.5,42,3820578735,"[3721559892, 2968715683, 50203215, 1634519029, 2243740935]",16.0,0.7419354787148804,0.8518518515363511,0.657142856955102,0,0.0,0.0,0.0,513.75,20.981072187423706,4.662620306015015,0.0005710124969482422,5,"[0.2, 0.2, 0.2, 0.2, 0.2]","n_oriented=0 / Dir_F1=0 BY CONSTRUCTION (no Sepsets passed to orientation) -- definitional, not independent evidence of a weighting effect; see factorial ablation for that comparison.",
tau0.3_00b1c3b009,14,fedpc_consensus,global_graph,true_dag,20,5000,5,0.3,0.2,2,mild,False,0.07,0.05,0.5,42,3820578735,"[3721559892, 2968715683, 50203215, 1634519029, 2243740935]",16.0,0.7419354787148804,0.8518518515363511,0.657142856955102,17,0.7058823525259516,0.34285714275918366,0.46153845696005924,513.75,20.985340118408203,4.666888236999512,0.0048389434814453125,5,"[0.1924019288983343, 0.20218945920058595, 0.18344447865304742, 0.2006961809880054, 0.22126795226002702]",,344.0
tau0.3_00b1c3b009,14,fedpc_oracle,global_graph,true_dag,20,5000,5,0.3,0.2,2,mild,False,0.07,0.05,0.5,42,3820578735,"[3721559892, 2968715683, 50203215, 1634519029, 2243740935]",16.0,0.7419354787148804,0.8518518515363511,0.657142856955102,17,0.7058823525259516,0.34285714275918366,0.46153845696005924,513.75,20.985212564468384,4.666760683059692,0.0047113895416259766,5,"[0.19268459068981653, 0.23877440800747962, 0.23352485621148686, 0.1547795439240879, 0.18023660116712914]","ablation only -- requires ground truth, not deployable",344.0
ell1_2547fe3151,0,centralized,global_graph,true_dag,20,5000,5,0.5,0.2,1,mild,False,0.07,0.05,0.5,42,2378643673,"[3039844075, 561096672, 2951518572, 2448886767, 1710232686]",18.0,0.7692307642439185,0.6382978722046174,0.9677419351716962,43,0.5116279068577609,0.7096774191259105,0.5945945895653763,0.0,2.4238319396972656,2.4238319396972656,0.0,1,,,
ell1_2547fe3151,0,local,mean_local_graph,true_dag,20,5000,5,0.5,0.2,1,mild,False,0.07,0.05,0.5,42,2378643673,"[3039844075, 561096672, 2951518572, 2448886767, 1710232686]",12.6,0.819021242177062,0.7417542815598311,0.916129031962539,0,0.0,0.0,0.7155767725016597,297.5,8.056132316589355,1.8923635482788086,0.01079559326171875,5,,,
ell1_2547fe3151,0,naive,global_graph,true_dag,20,5000,5,0.5,0.2,1,mild,False,0.07,0.05,0.5,42,2378643673,"[3039844075, 561096672, 2951518572, 2448886767, 1710232686]",12.0,0.8235294065614187,0.7567567565522278,0.9032258061602497,0,0.0,0.0,0.0,297.5,8.046313047409058,1.8825442790985107,0.0009763240814208984,5,"[0.2, 0.2, 0.2, 0.2, 0.2]","n_oriented=0 / Dir_F1=0 BY CONSTRUCTION (no Sepsets passed to orientation) -- definitional, not independent evidence of a weighting effect; see factorial ablation for that comparison.",
ell1_2547fe3151,0,fedpc_consensus,global_graph,true_dag,20,5000,5,0.5,0.2,1,mild,False,0.07,0.05,0.5,42,2378643673,"[3039844075, 561096672, 2951518572, 2448886767, 1710232686]",12.0,0.8235294065614187,0.7567567565522278,0.9032258061602497,33,0.696969696758494,0.7419354836316336,0.7187499947802735,297.5,8.049707412719727,1.8859386444091797,0.004370689392089844,5,"[0.2075999873462155, 0.19390062815642958, 0.17978953371370343, 0.2099486058765424, 0.20876124490710907]",,308.0
ell1_2547fe3151,0,fedpc_oracle,global_graph,true_dag,20,5000,5,0.5,0.2,1,mild,False,0.07,0.05,0.5,42,2378643673,"[3039844075, 561096672, 2951518572, 2448886767, 1710232686]",12.0,0.8235294065614187,0.7567567565522278,0.9032258061602497,33,0.696969696758494,0.7419354836316336,0.7187499947802735,297.5,8.049981117248535,1.8862123489379883,0.0046443939208984375,5,"[0.2145242970080787, 0.18810423404507728, 0.1907077218865693, 0.20457295175361404, 0.2020907953066607]","ablation only -- requires ground truth, not deployable",308.0
ell1_2547fe3151,1,centralized,global_graph,true_dag,20,5000,5,0.5,0.2,1,mild,False,0.07,0.05,0.5,42,326769405,"[3498757733, 3055408469, 3163124651, 2750554600, 1398610414]",44.0,0.6271186393292159,0.4933333332675556,0.8604651160789616,73,0.42465753418840313,0.7209302323904814,0.5344827538629608,0.0,5.144403696060181,5.144403696060181,0.0,1,,,
ell1_2547fe3151,1,local,mean_local_graph,true_dag,20,5000,5,0.5,0.2,1,mild,False,0.07,0.05,0.5,42,326769405,"[3498757733, 3055408469, 3163124651, 2750554600, 1398610414]",37.4,0.6296422661983005,0.5483847828605595,0.7395348835489453,0,0.0,0.0,0.4695311168998019,341.875,15.877583980560303,3.279008150100708,0.02068185806274414,5,,,
ell1_2547fe3151,1,naive,global_graph,true_dag,20,5000,5,0.5,0.2,1,mild,False,0.07,0.05,0.5,42,326769405,"[3498757733, 3055408469, 3163124651, 2750554600, 1398610414]",37.0,0.6262626212223243,0.5535714284725766,0.7209302323904814,0,0.0,0.0,0.0,341.875,15.858185052871704,3.2596092224121094,0.0012829303741455078,5,"[0.2, 0.2, 0.2, 0.2, 0.2]","n_oriented=0 / Dir_F1=0 BY CONSTRUCTION (no Sepsets passed to orientation) -- definitional, not independent evidence of a weighting effect; see factorial ablation for that comparison.",
ell1_2547fe3151,1,fedpc_consensus,global_graph,true_dag,20,5000,5,0.5,0.2,1,mild,False,0.07,0.05,0.5,42,326769405,"[3498757733, 3055408469, 3163124651, 2750554600, 1398610414]",37.0,0.6262626212223243,0.5535714284725766,0.7209302323904814,53,0.43396226406906374,0.534883720805841,0.4791666616210938,341.875,15.862998485565186,3.264422655105591,0.006096363067626953,5,"[0.20258413728045324, 0.18545704242298441, 0.218491492335608, 0.19459013912701026, 0.19887718883394398]",,274.0
ell1_2547fe3151,1,fedpc_oracle,global_graph,true_dag,20,5000,5,0.5,0.2,1,mild,False,0.07,0.05,0.5,42,326769405,"[3498757733, 3055408469, 3163124651, 2750554600, 1398610414]",37.0,0.6262626212223243,0.5535714284725766,0.7209302323904814,53,0.43396226406906374,0.534883720805841,0.4791666616210938,341.875,15.86266565322876,3.264089822769165,0.005763530731201172,5,"[0.20174235322669204, 0.20238720614023772, 0.20695659793354274, 0.21103446248585037, 0.17787938021367708]","ablation only -- requires ground truth, not deployable",274.0
ell1_2547fe3151,2,centralized,global_graph,true_dag,20,5000,5,0.5,0.2,1,mild,False,0.07,0.05,0.5,42,1514047255,"[3602534009, 4196436658, 3718646939, 2691258269, 2412802231]",63.0,0.5467625854707314,0.4042553191059303,0.8444444442567901,92,0.3152173912700851,0.6444444443012346,0.42335765976024303,0.0,7.013601303100586,7.013601303100586,0.0,1,,,
ell1_2547fe3151,2,local,mean_local_graph,true_dag,20,5000,5,0.5,0.2,1,mild,False,0.07,0.05,0.5,42,1514047255,"[3602534009, 4196436658, 3718646939, 2691258269, 2412802231]",52.8,0.5464743025869417,0.4457897230012759,0.7066666665096296,0,0.0,0.0,0.4040768601334201,365.0,21.062000036239624,4.515949964523315,0.036258697509765625,5,,,
ell1_2547fe3151,2,naive,global_graph,true_dag,20,5000,5,0.5,0.2,1,mild,False,0.07,0.05,0.5,42,1514047255,"[3602534009, 4196436658, 3718646939, 2691258269, 2412802231]",51.0,0.5641025592724086,0.45833333326967596,0.7333333331703703,0,0.0,0.0,0.0,365.0,21.027392387390137,4.481342315673828,0.0016510486602783203,5,"[0.2, 0.2, 0.2, 0.2, 0.2]","n_oriented=0 / Dir_F1=0 BY CONSTRUCTION (no Sepsets passed to orientation) -- definitional, not independent evidence of a weighting effect; see factorial ablation for that comparison.",
ell1_2547fe3151,2,fedpc_consensus,global_graph,true_dag,20,5000,5,0.5,0.2,1,mild,False,0.07,0.05,0.5,42,1514047255,"[3602534009, 4196436658, 3718646939, 2691258269, 2412802231]",51.0,0.5641025592724086,0.45833333326967596,0.7333333331703703,70,0.3428571428081633,0.5333333332148148,0.4173912995115312,365.0,21.036118030548096,4.490067958831787,0.010376691818237305,5,"[0.20180807213562446, 0.19206845602719494, 0.20677995698293972, 0.19476178566488406, 0.20458172918935683]",,258.0
ell1_2547fe3151,2,fedpc_oracle,global_graph,true_dag,20,5000,5,0.5,0.2,1,mild,False,0.07,0.05,0.5,42,1514047255,"[3602534009, 4196436658, 3718646939, 2691258269, 2412802231]",51.0,0.5641025592724086,0.45833333326967596,0.7333333331703703,70,0.3428571428081633,0.5333333332148148,0.4173912995115312,365.0,21.036354780197144,4.490304708480835,0.010613441467285156,5,"[0.20011648632836543, 0.19439377006307393, 0.21122325430254993, 0.2183828589469134, 0.17588363035909735]","ablation only -- requires ground truth, not deployable",258.0
ell1_2547fe3151,3,centralized,global_graph,true_dag,20,5000,5,0.5,0.2,1,mild,False,0.07,0.05,0.5,42,2371711692,"[549295703, 3069011904, 1594015805, 21801763, 3547353278]",59.0,0.5693430611028824,0.4333333332851852,0.8297872338660027,88,0.3863636363197314,0.7234042551652331,0.5037036990902607,0.0,6.842074871063232,6.842074871063232,0.0,1,,,
ell1_2547fe3151,3,local,mean_local_graph,true_dag,20,5000,5,0.5,0.2,1,mild,False,0.07,0.05,0.5,42,2371711692,"[549295703, 3069011904, 1594015805, 21801763, 3547353278]",51.2,0.5628298944662193,0.4699646998893745,0.7021276594250792,0,0.0,0.0,0.449803837541295,434.375,23.732269525527954,5.079525470733643,0.053008079528808594,5,,,
ell1_2547fe3151,3,naive,global_graph,true_dag,20,5000,5,0.5,0.2,1,mild,False,0.07,0.05,0.5,42,2371711692,"[549295703, 3069011904, 1594015805, 21801763, 3547353278]",51.0,0.5565217342003781,0.47058823522491355,0.6808510636849253,0,0.0,0.0,0.0,434.375,23.68082284927368,5.02807879447937,0.0015614032745361328,5,"[0.2, 0.2, 0.2, 0.2, 0.2]","n_oriented=0 / Dir_F1=0 BY CONSTRUCTION (no Sepsets passed to orientation) -- definitional, not independent evidence of a weighting effect; see factorial ablation for that comparison.",
ell1_2547fe3151,3,fedpc_consensus,global_graph,true_dag,20,5000,5,0.5,0.2,1,mild,False,0.07,0.05,0.5,42,2371711692,"[549295703, 3069011904, 1594015805, 21801763, 3547353278]",51.0,0.5565217342003781,0.47058823522491355,0.6808510636849253,68,0.38235294112024226,0.5531914892440019,0.45217390813156905,434.375,23.69223928451538,5.039495229721069,0.012977838516235352,5,"[0.2033836579276043, 0.1906532934484541, 0.20619974455620252, 0.20611552390154567, 0.1936477801661933]",,252.0
ell1_2547fe3151,3,fedpc_oracle,global_graph,true_dag,20,5000,5,0.5,0.2,1,mild,False,0.07,0.05,0.5,42,2371711692,"[549295703, 3069011904, 1594015805, 21801763, 3547353278]",51.0,0.5565217342003781,0.47058823522491355,0.6808510636849253,68,0.38235294112024226,0.5531914892440019,0.45217390813156905,434.375,23.69173502922058,5.0389909744262695,0.012473583221435547,5,"[0.2111048322731025, 0.17783549502677945, 0.1973316245898771, 0.20776147762407426, 0.20596657048616673]","ablation only -- requires ground truth, not deployable",252.0
ell1_2547fe3151,4,centralized,global_graph,true_dag,20,5000,5,0.5,0.2,1,mild,False,0.07,0.05,0.5,42,983311110,"[1398059002, 4159479579, 1672968450, 2048499036, 2759418786]",35.0,0.6534653417115971,0.5238095237263795,0.8684210524030471,62,0.4354838708975026,0.710526315602493,0.5399999951800001,0.0,5.197445869445801,5.197445869445801,0.0,1,,,
ell1_2547fe3151,4,local,mean_local_graph,true_dag,20,5000,5,0.5,0.2,1,mild,False,0.07,0.05,0.5,42,983311110,"[1398059002, 4159479579, 1672968450, 2048499036, 2759418786]",29.2,0.6741424947061259,0.5854935477329015,0.7947368418961218,0,0.0,0.0,0.5101826106350769,490.625,18.395360469818115,3.8858237266540527,0.02090907096862793,5,,,
ell1_2547fe3151,4,naive,global_graph,true_dag,20,5000,5,0.5,0.2,1,mild,False,0.07,0.05,0.5,42,983311110,"[1398059002, 4159479579, 1672968450, 2048499036, 2759418786]",28.0,0.6744185995619255,0.6041666665407986,0.763157894536011,0,0.0,0.0,0.0,490.625,18.3754940032959,3.865957260131836,0.0010426044464111328,5,"[0.2, 0.2, 0.2, 0.2, 0.2]","n_oriented=0 / Dir_F1=0 BY CONSTRUCTION (no Sepsets passed to orientation) -- definitional, not independent evidence of a weighting effect; see factorial ablation for that comparison.",
ell1_2547fe3151,4,fedpc_consensus,global_graph,true_dag,20,5000,5,0.5,0.2,1,mild,False,0.07,0.05,0.5,42,983311110,"[1398059002, 4159479579, 1672968450, 2048499036, 2759418786]",28.0,0.6744185995619255,0.6041666665407986,0.763157894536011,43,0.46511627896160085,0.5263157893351801,0.4938271553909465,490.625,18.382144927978516,3.872608184814453,0.00769352912902832,5,"[0.20926377706728938, 0.2037508709032652, 0.18594398789645025, 0.2095371554046311, 0.19150420872836402]",,284.0
ell1_2547fe3151,4,fedpc_oracle,global_graph,true_dag,20,5000,5,0.5,0.2,1,mild,False,0.07,0.05,0.5,42,983311110,"[1398059002, 4159479579, 1672968450, 2048499036, 2759418786]",28.0,0.6744185995619255,0.6041666665407986,0.763157894536011,43,0.46511627896160085,0.5263157893351801,0.4938271553909465,490.625,18.381807565689087,3.8722708225250244,0.007356166839599609,5,"[0.19999867467799357, 0.19557895085702526, 0.1998537743852552, 0.19999867467799357, 0.2045699254017324]","ablation only -- requires ground truth, not deployable",284.0
ell1_2547fe3151,5,centralized,global_graph,true_dag,20,5000,5,0.5,0.2,1,mild,False,0.07,0.05,0.5,42,4051418117,"[957123039, 3390745987, 3341227345, 3619253279, 3809427907]",61.0,0.5611510746276074,0.4193548386645855,0.8478260867722117,92,0.32608695648629493,0.6521739129017013,0.4347826041881958,0.0,6.216397285461426,6.216397285461426,0.0,1,,,
ell1_2547fe3151,5,local,mean_local_graph,true_dag,20,5000,5,0.5,0.2,1,mild,False,0.07,0.05,0.5,42,4051418117,"[957123039, 3390745987, 3341227345, 3619253279, 3809427907]",52.2,0.5475148157103887,0.4555740125422273,0.686956521589792,0,0.0,0.0,0.3615944604001507,357.5,20.270883083343506,4.525066137313843,0.03564047813415527,5,,,
ell1_2547fe3151,5,naive,global_graph,true_dag,20,5000,5,0.5,0.2,1,mild,False,0.07,0.05,0.5,42,4051418117,"[957123039, 3390745987, 3341227345, 3619253279, 3809427907]",52.0,0.5357142807780614,0.45454545447658407,0.6521739129017013,0,0.0,0.0,0.0,357.5,20.236420392990112,4.490603446960449,0.0011777877807617188,5,"[0.2, 0.2, 0.2, 0.2, 0.2]","n_oriented=0 / Dir_F1=0 BY CONSTRUCTION (no Sepsets passed to orientation) -- definitional, not independent evidence of a weighting effect; see factorial ablation for that comparison.",
ell1_2547fe3151,5,fedpc_consensus,global_graph,true_dag,20,5000,5,0.5,0.2,1,mild,False,0.07,0.05,0.5,42,4051418117,"[957123039, 3390745987, 3341227345, 3619253279, 3809427907]",52.0,0.5357142807780614,0.45454545447658407,0.6521739129017013,65,0.30769230764497046,0.4347826086011342,0.3603603554419285,357.5,20.24405288696289,4.4982359409332275,0.008810281753540039,5,"[0.19335965429979898, 0.19059994840045344, 0.20839312721210224, 0.1988623675673743, 0.20878490252027104]",,262.0
ell1_2547fe3151,5,fedpc_oracle,global_graph,true_dag,20,5000,5,0.5,0.2,1,mild,False,0.07,0.05,0.5,42,4051418117,"[957123039, 3390745987, 3341227345, 3619253279, 3809427907]",52.0,0.5357142807780614,0.45454545447658407,0.6521739129017013,65,0.30769230764497046,0.4347826086011342,0.3603603554419285,357.5,20.244916915893555,4.499099969863892,0.009674310684204102,5,"[0.18802773503587492, 0.20655730968703487, 0.20437305400277714, 0.20719270742784443, 0.19384919384646876]","ablation only -- requires ground truth, not deployable",262.0
ell1_2547fe3151,6,centralized,global_graph,true_dag,20,5000,5,0.5,0.2,1,mild,False,0.07,0.05,0.5,42,3985819856,"[44512081, 4113938250, 1308636393, 489826643, 3800507837]",50.0,0.5762711819175526,0.43037974678096463,0.8717948715713346,74,0.35135135130387146,0.6666666664957265,0.4601769865486727,0.0,4.600733041763306,4.600733041763306,0.0,1,,,
ell1_2547fe3151,6,local,mean_local_graph,true_dag,20,5000,5,0.5,0.2,1,mild,False,0.07,0.05,0.5,42,3985819856,"[44512081, 4113938250, 1308636393, 489826643, 3800507837]",42.6,0.56262135430722,0.4695723683404105,0.702564102383958,0,0.0,0.0,0.4289621346669765,307.5,15.44719648361206,3.5332467555999756,0.0307159423828125,5,,,
ell1_2547fe3151,6,naive,global_graph,true_dag,20,5000,5,0.5,0.2,1,mild,False,0.07,0.05,0.5,42,3985819856,"[44512081, 4113938250, 1308636393, 489826643, 3800507837]",43.0,0.547368416097507,0.4642857142028061,0.6666666664957265,0,0.0,0.0,0.0,307.5,15.417492389678955,3.50354266166687,0.0010118484497070312,5,"[0.2, 0.2, 0.2, 0.2, 0.2]","n_oriented=0 / Dir_F1=0 BY CONSTRUCTION (no Sepsets passed to orientation) -- definitional, not independent evidence of a weighting effect; see factorial ablation for that comparison.",
ell1_2547fe3151,6,fedpc_consensus,global_graph,true_dag,20,5000,5,0.5,0.2,1,mild,False,0.07,0.05,0.5,42,3985819856,"[44512081, 4113938250, 1308636393, 489826643, 3800507837]",43.0,0.547368416097507,0.4642857142028061,0.6666666664957265,52,0.3653846153143491,0.48717948705456937,0.41758241259268203,307.5,15.423115968704224,3.5091662406921387,0.006635427474975586,5,"[0.20218095821342272, 0.19862683474729423, 0.1886847217884504, 0.21290691411523, 0.19760057113560267]",,280.0
ell1_2547fe3151,6,fedpc_oracle,global_graph,true_dag,20,5000,5,0.5,0.2,1,mild,False,0.07,0.05,0.5,42,3985819856,"[44512081, 4113938250, 1308636393, 489826643, 3800507837]",43.0,0.547368416097507,0.4642857142028061,0.6666666664957265,52,0.3653846153143491,0.48717948705456937,0.41758241259268203,307.5,15.422315835952759,3.508366107940674,0.005835294723510742,5,"[0.18507498046057613, 0.23024860777241557, 0.1995852971076472, 0.18507498046057613, 0.20001613419878495]","ablation only -- requires ground truth, not deployable",280.0
ell1_2547fe3151,7,centralized,global_graph,true_dag,20,5000,5,0.5,0.2,1,mild,False,0.07,0.05,0.5,42,3521015537,"[2650834035, 2225043709, 3665088480, 2781763050, 837935814]",32.0,0.6923076875369822,0.5454545453719009,0.9473684208033241,64,0.5312499999169923,0.8947368418698061,0.6666666618608229,0.0,4.120087146759033,4.120087146759033,0.0,1,,,
ell1_2547fe3151,7,local,mean_local_graph,true_dag,20,5000,5,0.5,0.2,1,mild,False,0.07,0.05,0.5,42,3521015537,"[2650834035, 2225043709, 3665088480, 2781763050, 837935814]",24.6,0.7315968625367395,0.6278160918354511,0.8789473681897506,0,0.0,0.0,0.6451597494367023,359.375,14.276457786560059,3.082834243774414,0.020320892333984375,5,,,
ell1_2547fe3151,7,naive,global_graph,true_dag,20,5000,5,0.5,0.2,1,mild,False,0.07,0.05,0.5,42,3521015537,"[2650834035, 2225043709, 3665088480, 2781763050, 837935814]",26.0,0.7173912993431002,0.6111111109979424,0.8684210524030471,0,0.0,0.0,0.0,359.375,14.257097482681274,3.06347393989563,0.0009605884552001953,5,"[0.2, 0.2, 0.2, 0.2, 0.2]","n_oriented=0 / Dir_F1=0 BY CONSTRUCTION (no Sepsets passed to orientation) -- definitional, not independent evidence of a weighting effect; see factorial ablation for that comparison.",
ell1_2547fe3151,7,fedpc_consensus,global_graph,true_dag,20,5000,5,0.5,0.2,1,mild,False,0.07,0.05,0.5,42,3521015537,"[2650834035, 2225043709, 3665088480, 2781763050, 837935814]",26.0,0.7173912993431002,0.6111111109979424,0.8684210524030471,53,0.584905660266999,0.815789473469529,0.6813186763047943,359.375,14.26271367073059,3.0690901279449463,0.0065767765045166016,5,"[0.19882872956032235, 0.2024130637521929, 0.19843262789819358, 0.20252403147572529, 0.1978015473135659]",,286.0
ell1_2547fe3151,7,fedpc_oracle,global_graph,true_dag,20,5000,5,0.5,0.2,1,mild,False,0.07,0.05,0.5,42,3521015537,"[2650834035, 2225043709, 3665088480, 2781763050, 837935814]",26.0,0.7173912993431002,0.6111111109979424,0.8684210524030471,53,0.584905660266999,0.815789473469529,0.6813186763047943,359.375,14.262813568115234,3.06919002532959,0.006676673889160156,5,"[0.18730844501152344, 0.18730844501152344, 0.19745884974452607, 0.20999285884738259, 0.21793140138504466]","ablation only -- requires ground truth, not deployable",286.0
ell1_2547fe3151,8,centralized,global_graph,true_dag,20,5000,5,0.5,0.2,1,mild,False,0.07,0.05,0.5,42,3852616187,"[2434818005, 430350321, 1038357372, 247789476, 3916934101]",27.0,0.6666666618381344,0.5294117646020761,0.8999999997,49,0.5102040815285298,0.8333333330555556,0.6329113875340492,0.0,2.774129867553711,2.774129867553711,0.0,1,,,
ell1_2547fe3151,8,local,mean_local_graph,true_dag,20,5000,5,0.5,0.2,1,mild,False,0.07,0.05,0.5,42,3852616187,"[2434818005, 430350321, 1038357372, 247789476, 3916934101]",22.4,0.6764929113167494,0.5978955509859768,0.77999999974,0,0.0,0.0,0.5902025720672388,287.5,8.933231592178345,1.9721660614013672,0.013948678970336914,5,,,
ell1_2547fe3151,8,naive,global_graph,true_dag,20,5000,5,0.5,0.2,1,mild,False,0.07,0.05,0.5,42,3852616187,"[2434818005, 430350321, 1038357372, 247789476, 3916934101]",19.0,0.7076923025041421,0.657142856955102,0.7666666664111111,0,0.0,0.0,0.0,287.5,8.920137405395508,1.9590718746185303,0.0008544921875,5,"[0.2, 0.2, 0.2, 0.2, 0.2]","n_oriented=0 / Dir_F1=0 BY CONSTRUCTION (no Sepsets passed to orientation) -- definitional, not independent evidence of a weighting effect; see factorial ablation for that comparison.",
ell1_2547fe3151,8,fedpc_consensus,global_graph,true_dag,20,5000,5,0.5,0.2,1,mild,False,0.07,0.05,0.5,42,3852616187,"[2434818005, 430350321, 1038357372, 247789476, 3916934101]",19.0,0.7076923025041421,0.657142856955102,0.7666666664111111,33,0.6060606058769513,0.6666666664444444,0.6349206297304106,287.5,8.926347017288208,1.9652814865112305,0.007064104080200195,5,"[0.18109683820293465, 0.20582136206213922, 0.20789720734808959, 0.20876178252894814, 0.19642280985788835]",,314.0
ell1_2547fe3151,8,fedpc_oracle,global_graph,true_dag,20,5000,5,0.5,0.2,1,mild,False,0.07,0.05,0.5,42,3852616187,"[2434818005, 430350321, 1038357372, 247789476, 3916934101]",19.0,0.7076923025041421,0.657142856955102,0.7666666664111111,33,0.6060606058769513,0.6666666664444444,0.6349206297304106,287.5,8.925100326538086,1.9640347957611084,0.005817413330078125,5,"[0.1886386374045635, 0.1939149881709326, 0.1826759705983019, 0.20566479371316848, 0.22910561011303357]","ablation only -- requires ground truth, not deployable",314.0
ell1_2547fe3151,9,centralized,global_graph,true_dag,20,5000,5,0.5,0.2,1,mild,False,0.07,0.05,0.5,42,4273656291,"[3168350944, 4078635117, 2333885283, 2327448910, 3188146802]",24.0,0.7073170682391434,0.579999999884,0.9062499997167969,47,0.510638297763694,0.749999999765625,0.6075949317352988,0.0,2.8156144618988037,2.8156144618988037,0.0,1,,,
ell1_2547fe3151,9,local,mean_local_graph,true_dag,20,5000,5,0.5,0.2,1,mild,False,0.07,0.05,0.5,42,4273656291,"[3168350944, 4078635117, 2333885283, 2327448910, 3188146802]",24.2,0.6828378406462163,0.589554551919987,0.8124999997460938,0,0.0,0.0,0.548174809581665,323.75,10.585038423538208,2.401560068130493,0.016220569610595703,5,,,
ell1_2547fe3151,9,naive,global_graph,true_dag,20,5000,5,0.5,0.2,1,mild,False,0.07,0.05,0.5,42,4273656291,"[3168350944, 4078635117, 2333885283, 2327448910, 3188146802]",22.0,0.7027026976040907,0.6190476189002267,0.8124999997460938,0,0.0,0.0,0.0,323.75,10.569672107696533,2.3861937522888184,0.0008542537689208984,5,"[0.2, 0.2, 0.2, 0.2, 0.2]","n_oriented=0 / Dir_F1=0 BY CONSTRUCTION (no Sepsets passed to orientation) -- definitional, not independent evidence of a weighting effect; see factorial ablation for that comparison.",
ell1_2547fe3151,9,fedpc_consensus,global_graph,true_dag,20,5000,5,0.5,0.2,1,mild,False,0.07,0.05,0.5,42,4273656291,"[3168350944, 4078635117, 2333885283, 2327448910, 3188146802]",22.0,0.7027026976040907,0.6190476189002267,0.8124999997460938,39,0.5128205126890204,0.6249999998046875,0.5633802765800436,323.75,10.575207233428955,2.3917288780212402,0.0063893795013427734,5,"[0.19054836617540236, 0.1792397103227243, 0.21688645374016893, 0.20955000397812054, 0.20377546578358394]",,302.0
ell1_2547fe3151,9,fedpc_oracle,global_graph,true_dag,20,5000,5,0.5,0.2,1,mild,False,0.07,0.05,0.5,42,4273656291,"[3168350944, 4078635117, 2333885283, 2327448910, 3188146802]",22.0,0.7027026976040907,0.6190476189002267,0.8124999997460938,39,0.5128205126890204,0.6249999998046875,0.5633802765800436,323.75,10.575655937194824,2.3921775817871094,0.006838083267211914,5,"[0.1714768344803897, 0.2206512951671551, 0.19522924236000555, 0.21721039192500524, 0.19543223606744442]","ablation only -- requires ground truth, not deployable",302.0
ell1_2547fe3151,10,centralized,global_graph,true_dag,20,5000,5,0.5,0.2,1,mild,False,0.07,0.05,0.5,42,3638113575,"[3029867557, 3796181843, 3451937304, 2999638458, 2490244759]",59.0,0.5496183160654974,0.41379310340071346,0.8181818179958678,86,0.3255813953109789,0.6363636362190083,0.43076922622485214,0.0,6.053367376327515,6.053367376327515,0.0,1,,,
ell1_2547fe3151,10,local,mean_local_graph,true_dag,20,5000,5,0.5,0.2,1,mild,False,0.07,0.05,0.5,42,3638113575,"[3029867557, 3796181843, 3451937304, 2999638458, 2490244759]",44.4,0.5814086580128534,0.49777161709671036,0.6999999998409091,0,0.0,0.0,0.4087640106130709,425.0,20.707335948944092,4.344025373458862,0.029745817184448242,5,,,
ell1_2547fe3151,10,naive,global_graph,true_dag,20,5000,5,0.5,0.2,1,mild,False,0.07,0.05,0.5,42,3638113575,"[3029867557, 3796181843, 3451937304, 2999638458, 2490244759]",42.0,0.6037735799359204,0.5161290321748179,0.727272727107438,0,0.0,0.0,0.0,425.0,20.678701877593994,4.315391302108765,0.001111745834350586,5,"[0.2, 0.2, 0.2, 0.2, 0.2]","n_oriented=0 / Dir_F1=0 BY CONSTRUCTION (no Sepsets passed to orientation) -- definitional, not independent evidence of a weighting effect; see factorial ablation for that comparison.",
ell1_2547fe3151,10,fedpc_consensus,global_graph,true_dag,20,5000,5,0.5,0.2,1,mild,False,0.07,0.05,0.5,42,3638113575,"[3029867557, 3796181843, 3451937304, 2999638458, 2490244759]",42.0,0.6037735799359204,0.5161290321748179,0.727272727107438,61,0.3606557376457941,0.4999999998863636,0.41904761409886626,425.0,20.68579912185669,4.32248854637146,0.008208990097045898,5,"[0.21415496686920882, 0.19352433235534575, 0.19764668236533137, 0.1888094625496724, 0.20586455586044167]",,278.0
ell1_2547fe3151,10,fedpc_oracle,global_graph,true_dag,20,5000,5,0.5,0.2,1,mild,False,0.07,0.05,0.5,42,3638113575,"[3029867557, 3796181843, 3451937304, 2999638458, 2490244759]",42.0,0.6037735799359204,0.5161290321748179,0.727272727107438,61,0.3606557376457941,0.4999999998863636,0.41904761409886626,425.0,20.686105728149414,4.322795152664185,0.008515596389770508,5,"[0.1894569293733453, 0.1878528259360445, 0.20385749174842355, 0.2086793510128709, 0.21015340192931564]","ablation only -- requires ground truth, not deployable",278.0
ell1_2547fe3151,11,centralized,global_graph,true_dag,20,5000,5,0.5,0.2,1,mild,False,0.07,0.05,0.5,42,3985974655,"[2356773980, 919515236, 74768399, 135564919, 3960456750]",24.0,0.7272727223657026,0.5925925924828532,0.9411764703114187,52,0.5384615383579882,0.8235294115224914,0.6511627857652785,0.0,2.814288377761841,2.814288377761841,0.0,1,,,
ell1_2547fe3151,11,local,mean_local_graph,true_dag,20,5000,5,0.5,0.2,1,mild,False,0.07,0.05,0.5,42,3985974655,"[2356773980, 919515236, 74768399, 135564919, 3960456750]",20.0,0.74312167445031,0.6624384580546302,0.8470588232802768,0,0.0,0.0,0.6217038435469444,290.0,9.47704792022705,2.077258825302124,0.015443801879882812,5,,,
ell1_2547fe3151,11,naive,global_graph,true_dag,20,5000,5,0.5,0.2,1,mild,False,0.07,0.05,0.5,42,3985974655,"[2356773980, 919515236, 74768399, 135564919, 3960456750]",20.0,0.7435897384812624,0.6590909089411157,0.8529411762197232,0,0.0,0.0,0.0,290.0,9.462442398071289,2.0626533031463623,0.0008382797241210938,5,"[0.2, 0.2, 0.2, 0.2, 0.2]","n_oriented=0 / Dir_F1=0 BY CONSTRUCTION (no Sepsets passed to orientation) -- definitional, not independent evidence of a weighting effect; see factorial ablation for that comparison.",
ell1_2547fe3151,11,fedpc_consensus,global_graph,true_dag,20,5000,5,0.5,0.2,1,mild,False,0.07,0.05,0.5,42,3985974655,"[2356773980, 919515236, 74768399, 135564919, 3960456750]",20.0,0.7435897384812624,0.6590909089411157,0.8529411762197232,42,0.5952380950963718,0.7352941174307959,0.6578947317243767,290.0,9.467957258224487,2.0681681632995605,0.006353139877319336,5,"[0.18343763177759254, 0.20282988336987795, 0.20015105356355847, 0.21554029141242192, 0.19804113987654898]",,302.0
ell1_2547fe3151,11,fedpc_oracle,global_graph,true_dag,20,5000,5,0.5,0.2,1,mild,False,0.07,0.05,0.5,42,3985974655,"[2356773980, 919515236, 74768399, 135564919, 3960456750]",20.0,0.7435897384812624,0.6590909089411157,0.8529411762197232,42,0.5952380950963718,0.7352941174307959,0.6578947317243767,290.0,9.469135522842407,2.0693464279174805,0.007531404495239258,5,"[0.21042196715129696, 0.23122897178533558, 0.1770346812505423, 0.18154493833429422, 0.1997694414785309]","ablation only -- requires ground truth, not deployable",302.0
ell1_2547fe3151,12,centralized,global_graph,true_dag,20,5000,5,0.5,0.2,1,mild,False,0.07,0.05,0.5,42,1079788699,"[77617897, 2260323923, 1183044520, 2440374742, 2823891836]",28.0,0.6666666616468255,0.5714285713119533,0.7999999997714285,49,0.4693877550062474,0.657142856955102,0.5476190426275511,0.0,3.6138756275177,3.6138756275177,0.0,1,,,
ell1_2547fe3151,12,local,mean_local_graph,true_dag,20,5000,5,0.5,0.2,1,mild,False,0.07,0.05,0.5,42,1079788699,"[77617897, 2260323923, 1183044520, 2440374742, 2823891836]",25.0,0.6710733067190792,0.6253403227466735,0.7257142855069387,0,0.0,0.0,0.5182244915393299,424.375,13.142748355865479,2.8381733894348145,0.021531343460083008,5,,,
ell1_2547fe3151,12,naive,global_graph,true_dag,20,5000,5,0.5,0.2,1,mild,False,0.07,0.05,0.5,42,1079788699,"[77617897, 2260323923, 1183044520, 2440374742, 2823891836]",23.0,0.684931501670107,0.657894736668975,0.7142857140816327,0,0.0,0.0,0.0,424.375,13.121957063674927,2.8173820972442627,0.00074005126953125,5,"[0.2, 0.2, 0.2, 0.2, 0.2]","n_oriented=0 / Dir_F1=0 BY CONSTRUCTION (no Sepsets passed to orientation) -- definitional, not independent evidence of a weighting effect; see factorial ablation for that comparison.",
ell1_2547fe3151,12,fedpc_consensus,global_graph,true_dag,20,5000,5,0.5,0.2,1,mild,False,0.07,0.05,0.5,42,1079788699,"[77617897, 2260323923, 1183044520, 2440374742, 2823891836]",23.0,0.684931501670107,0.657894736668975,0.7142857140816327,32,0.5624999998242187,0.5142857141387756,0.5373134276854535,424.375,13.126843690872192,2.8222687244415283,0.005626678466796875,5,"[0.17547840608126078, 0.18693313461829952, 0.22412505830904728, 0.213269966360564, 0.20019343463082845]",,306.0
ell1_2547fe3151,12,fedpc_oracle,global_graph,true_dag,20,5000,5,0.5,0.2,1,mild,False,0.07,0.05,0.5,42,1079788699,"[77617897, 2260323923, 1183044520, 2440374742, 2823891836]",23.0,0.684931501670107,0.657894736668975,0.7142857140816327,32,0.5624999998242187,0.5142857141387756,0.5373134276854535,424.375,13.126870155334473,2.8222951889038086,0.0056531429290771484,5,"[0.1731833038005113, 0.213806548181002, 0.21892191284196053, 0.2021953776611671, 0.19189285751535895]","ablation only -- requires ground truth, not deployable",306.0
ell1_2547fe3151,13,centralized,global_graph,true_dag,20,5000,5,0.5,0.2,1,mild,False,0.07,0.05,0.5,42,3974681077,"[4030484840, 3226505035, 1501375543, 1200904134, 1102421765]",37.0,0.6542056025853786,0.5384615383786983,0.8333333331349206,59,0.47457627110600403,0.6666666665079365,0.5544554405764142,0.0,4.079805135726929,4.079805135726929,0.0,1,,,
ell1_2547fe3151,13,local,mean_local_graph,true_dag,20,5000,5,0.5,0.2,1,mild,False,0.07,0.05,0.5,42,3974681077,"[4030484840, 3226505035, 1501375543, 1200904134, 1102421765]",28.4,0.6951617311398447,0.6328113827749077,0.7714285712448979,0,0.0,0.0,0.5362942073450848,353.125,12.43890118598938,2.6282103061676025,0.01725316047668457,5,,,
ell1_2547fe3151,13,naive,global_graph,true_dag,20,5000,5,0.5,0.2,1,mild,False,0.07,0.05,0.5,42,3974681077,"[4030484840, 3226505035, 1501375543, 1200904134, 1102421765]",26.0,0.7173912992296787,0.659999999868,0.7857142855272109,0,0.0,0.0,0.0,353.125,12.42253828048706,2.611847400665283,0.0008902549743652344,5,"[0.2, 0.2, 0.2, 0.2, 0.2]","n_oriented=0 / Dir_F1=0 BY CONSTRUCTION (no Sepsets passed to orientation) -- definitional, not independent evidence of a weighting effect; see factorial ablation for that comparison.",
ell1_2547fe3151,13,fedpc_consensus,global_graph,true_dag,20,5000,5,0.5,0.2,1,mild,False,0.07,0.05,0.5,42,3974681077,"[4030484840, 3226505035, 1501375543, 1200904134, 1102421765]",26.0,0.7173912992296787,0.659999999868,0.7857142855272109,46,0.5217391303213611,0.571428571292517,0.5454545403409092,353.125,12.427597999572754,2.6169071197509766,0.005949974060058594,5,"[0.2054226402608106, 0.187162183692353, 0.1853504729854052, 0.21188836504140085, 0.21017633802003038]",,294.0
ell1_2547fe3151,13,fedpc_oracle,global_graph,true_dag,20,5000,5,0.5,0.2,1,mild,False,0.07,0.05,0.5,42,3974681077,"[4030484840, 3226505035, 1501375543, 1200904134, 1102421765]",26.0,0.7173912992296787,0.659999999868,0.7857142855272109,46,0.5217391303213611,0.571428571292517,0.5454545403409092,353.125,12.427281618118286,2.616590738296509,0.00563359260559082,5,"[0.2083463558653036, 0.19202798679016242, 0.19591062287695635, 0.19176448359629406, 0.21195055087128362]","ablation only -- requires ground truth, not deployable",294.0
ell1_2547fe3151,14,centralized,global_graph,true_dag,20,5000,5,0.5,0.2,1,mild,False,0.07,0.05,0.5,42,2458608592,"[1568657277, 844625626, 1288071330, 2881538127, 3516043900]",24.0,0.7391304298133271,0.6181818180694215,0.9189189186705624,52,0.5384615383579882,0.7567567565522278,0.6292134781466987,0.0,3.1746649742126465,3.1746649742126465,0.0,1,,,
ell1_2547fe3151,14,local,mean_local_graph,true_dag,20,5000,5,0.5,0.2,1,mild,False,0.07,0.05,0.5,42,2458608592,"[1568657277, 844625626, 1288071330, 2881538127, 3516043900]",19.6,0.7668534715140458,0.6859684507553903,0.8702702700350621,0,0.0,0.0,0.5831024198824253,357.5,11.629554748535156,2.716944456100464,0.018311023712158203,5,,,
ell1_2547fe3151,14,naive,global_graph,true_dag,20,5000,5,0.5,0.2,1,mild,False,0.07,0.05,0.5,42,2458608592,"[1568657277, 844625626, 1288071330, 2881538127, 3516043900]",19.0,0.7710843322223836,0.6956521737618148,0.8648648646311176,0,0.0,0.0,0.0,357.5,11.612082481384277,2.699472188949585,0.0008387565612792969,5,"[0.2, 0.2, 0.2, 0.2, 0.2]","n_oriented=0 / Dir_F1=0 BY CONSTRUCTION (no Sepsets passed to orientation) -- definitional, not independent evidence of a weighting effect; see factorial ablation for that comparison.",
ell1_2547fe3151,14,fedpc_consensus,global_graph,true_dag,20,5000,5,0.5,0.2,1,mild,False,0.07,0.05,0.5,42,2458608592,"[1568657277, 844625626, 1288071330, 2881538127, 3516043900]",19.0,0.7710843322223836,0.6956521737618148,0.8648648646311176,41,0.536585365722784,0.5945945944338933,0.5641025589710718,357.5,11.617471933364868,2.704861640930176,0.006228208541870117,5,"[0.19160712506855915, 0.19188719228319612, 0.21276422276908047, 0.20141336934514842, 0.2023280905340159]",,294.0
ell1_2547fe3151,14,fedpc_oracle,global_graph,true_dag,20,5000,5,0.5,0.2,1,mild,False,0.07,0.05,0.5,42,2458608592,"[1568657277, 844625626, 1288071330, 2881538127, 3516043900]",19.0,0.7710843322223836,0.6956521737618148,0.8648648646311176,41,0.536585365722784,0.5945945944338933,0.5641025589710718,357.5,11.61791205406189,2.7053017616271973,0.0066683292388916016,5,"[0.20212740106257143, 0.1912246855373054, 0.2149577537525658, 0.19434666960260896, 0.1973434900449485]","ablation only -- requires ground truth, not deployable",294.0
