scenario_id,replicate_id,method,evaluation_unit,evaluation_target,p,N,K,tau,edge_prob,ell,noise_regime,mechanism_shift,deletion_probability,alpha,sep_tau_factor,master_seed,replicate_seed,client_seeds,SHD,F1,Precision,Recall,n_oriented,Dir_Prec,Dir_Rec,Dir_F1,communication_bytes,runtime_sum,runtime_parallel_est,server_runtime,n_clients_timed,client_weights,note,F1_target_base_dag,F1_target_union,F1_target_intersection,F1_target_prevalence50,n_sepset_pairs_retained
mechshift_delprob0.0_e5f031e028,0,centralized,global_graph,true_dag,20,5000,5,0.5,0.2,2,mild,True,0.0,0.05,0.5,42,3418248737,"[911849076, 1863754994, 3306440639, 4268272978, 163392572]",17.0,0.7605633751160485,0.8437499997363281,0.6923076921301775,27,0.7037037034430726,0.4871794870545693,0.5757575707483931,0.0,57.99671673774719,57.99671673774719,0.0,1,,,,,,,
mechshift_delprob0.0_e5f031e028,0,local,mean_local_graph,true_dag,20,5000,5,0.5,0.2,2,mild,True,0.0,0.05,0.5,42,3418248737,"[911849076, 1863754994, 3306440639, 4268272978, 163392572]",16.2,0.7518891057547827,0.9333066814680984,0.630769230607495,0,0.0,0.0,0.4560212986662527,589.375,22.73397994041443,4.900845050811768,0.006263256072998,5,,,,,,,
mechshift_delprob0.0_e5f031e028,0,naive,global_graph,true_dag,20,5000,5,0.5,0.2,2,mild,True,0.0,0.05,0.5,42,3418248737,"[911849076, 1863754994, 3306440639, 4268272978, 163392572]",15.0,0.7619047569463342,0.9999999995833332,0.6153846152268244,0,0.0,0.0,0.0,589.375,22.728142976760864,4.895008087158203,0.0004262924194335,5,"[0.2, 0.2, 0.2, 0.2, 0.2]","n_oriented=0 / Dir_F1=0 BY CONSTRUCTION (no Sepsets passed to orientation) -- definitional, not independent evidence of a weighting effect; see factorial ablation for that comparison.",0.7619047569463342,0.7619047569463342,0.7586206845422117,0.7619047569463342,
mechshift_delprob0.0_e5f031e028,0,fedpc_consensus,global_graph,true_dag,20,5000,5,0.5,0.2,2,mild,True,0.0,0.05,0.5,42,3418248737,"[911849076, 1863754994, 3306440639, 4268272978, 163392572]",15.0,0.7619047569463342,0.9999999995833332,0.6153846152268244,20,0.749999999625,0.3846153845167653,0.5084745716173514,589.375,22.73237490653992,4.899240016937256,0.0046582221984863,5,"[0.22223817783044372, 0.19948438301774926, 0.2083057096131338, 0.19462331433841248, 0.1753484152002607]",,0.7619047569463342,0.7619047569463342,0.7586206845422117,0.7619047569463342,340.0
mechshift_delprob0.0_e5f031e028,0,fedpc_oracle,global_graph,true_dag,20,5000,5,0.5,0.2,2,mild,True,0.0,0.05,0.5,42,3418248737,"[911849076, 1863754994, 3306440639, 4268272978, 163392572]",15.0,0.7619047569463342,0.9999999995833332,0.6153846152268244,20,0.749999999625,0.3846153845167653,0.5084745716173514,589.375,22.73102807998657,4.897893190383911,0.0033113956451416,5,"[0.21299200338536528, 0.19889723389357739, 0.18851277257428836, 0.2067735949307446, 0.19282439521602432]","ablation only -- requires ground truth, not deployable",0.7619047569463342,0.7619047569463342,0.7586206845422117,0.7619047569463342,340.0
mechshift_delprob0.0_e5f031e028,1,centralized,global_graph,true_dag,20,5000,5,0.5,0.2,2,mild,True,0.0,0.05,0.5,42,1405245430,"[1402706546, 4083621176, 4005218444, 3486129756, 616871624]",27.0,0.6493506442233091,0.7142857140816327,0.5952380950963718,31,0.5806451611030177,0.4285714284693877,0.4931506799099268,0.0,89.74749398231506,89.74749398231506,0.0,1,,,,,,,
mechshift_delprob0.0_e5f031e028,1,local,mean_local_graph,true_dag,20,5000,5,0.5,0.2,2,mild,True,0.0,0.05,0.5,42,1405245430,"[1402706546, 4083621176, 4005218444, 3486129756, 616871624]",25.2,0.6291503059994449,0.8275586632352019,0.5095238094024943,0,0.0,0.0,0.4371746811333469,583.125,25.07031202316284,5.491827726364136,0.0036149024963378,5,,,,,,,
mechshift_delprob0.0_e5f031e028,1,naive,global_graph,true_dag,20,5000,5,0.5,0.2,2,mild,True,0.0,0.05,0.5,42,1405245430,"[1402706546, 4083621176, 4005218444, 3486129756, 616871624]",23.0,0.6666666617097249,0.8518518515363511,0.5476190474886621,0,0.0,0.0,0.0,583.125,25.067094564437863,5.48861026763916,0.0003974437713623,5,"[0.2, 0.2, 0.2, 0.2, 0.2]","n_oriented=0 / Dir_F1=0 BY CONSTRUCTION (no Sepsets passed to orientation) -- definitional, not independent evidence of a weighting effect; see factorial ablation for that comparison.",0.6666666617097249,0.6666666617097249,0.6769230718579883,0.6666666617097249,
mechshift_delprob0.0_e5f031e028,1,fedpc_consensus,global_graph,true_dag,20,5000,5,0.5,0.2,2,mild,True,0.0,0.05,0.5,42,1405245430,"[1402706546, 4083621176, 4005218444, 3486129756, 616871624]",23.0,0.6666666617097249,0.8518518515363511,0.5476190474886621,24,0.7916666663368055,0.4523809522732426,0.5757575709550046,583.125,25.069668292999268,5.4911839962005615,0.0029711723327636,5,"[0.2119211011434549, 0.22218556649217155, 0.2069338417376798, 0.19152652195244535, 0.16743296867424834]",,0.6666666617097249,0.6666666617097249,0.6769230718579883,0.6666666617097249,340.0
mechshift_delprob0.0_e5f031e028,1,fedpc_oracle,global_graph,true_dag,20,5000,5,0.5,0.2,2,mild,True,0.0,0.05,0.5,42,1405245430,"[1402706546, 4083621176, 4005218444, 3486129756, 616871624]",23.0,0.6666666617097249,0.8518518515363511,0.5476190474886621,24,0.7916666663368055,0.4523809522732426,0.5757575709550046,583.125,25.06952118873596,5.491036891937256,0.002824068069458,5,"[0.2160917412953291, 0.2048095513302338, 0.19141690549556498, 0.24281965045830253, 0.1448621514205696]","ablation only -- requires ground truth, not deployable",0.6666666617097249,0.6666666617097249,0.6769230718579883,0.6666666617097249,340.0
mechshift_delprob0.0_e5f031e028,2,centralized,global_graph,true_dag,20,5000,5,0.5,0.2,2,mild,True,0.0,0.05,0.5,42,900887695,"[149232262, 536042979, 3367826029, 3829445878, 3015415612]",12.0,0.8235294065224914,0.8235294115224914,0.8235294115224914,27,0.8148148145130315,0.6470588233391004,0.7213114702391831,0.0,13.619579076766968,13.619579076766968,0.0,1,,,,,,,
mechshift_delprob0.0_e5f031e028,2,local,mean_local_graph,true_dag,20,5000,5,0.5,0.2,2,mild,True,0.0,0.05,0.5,42,900887695,"[149232262, 536042979, 3367826029, 3829445878, 3015415612]",11.0,0.8256437366261948,0.8921720427049108,0.7705882350674741,0,0.0,0.0,0.6255831837769024,371.875,10.1064190864563,2.281442165374756,0.0062935352325439,5,,,,,,,
mechshift_delprob0.0_e5f031e028,2,naive,global_graph,true_dag,20,5000,5,0.5,0.2,2,mild,True,0.0,0.05,0.5,42,900887695,"[149232262, 536042979, 3367826029, 3829445878, 3015415612]",10.0,0.8437499947558594,0.8999999997,0.7941176468252595,0,0.0,0.0,0.0,371.875,10.100480556488035,2.275503635406494,0.0003550052642822,5,"[0.2, 0.2, 0.2, 0.2, 0.2]","n_oriented=0 / Dir_F1=0 BY CONSTRUCTION (no Sepsets passed to orientation) -- definitional, not independent evidence of a weighting effect; see factorial ablation for that comparison.",0.8437499947558594,0.8437499947558594,0.813559316759552,0.8437499947558594,
mechshift_delprob0.0_e5f031e028,2,fedpc_consensus,global_graph,true_dag,20,5000,5,0.5,0.2,2,mild,True,0.0,0.05,0.5,42,900887695,"[149232262, 536042979, 3367826029, 3829445878, 3015415612]",10.0,0.8437499947558594,0.8999999997,0.7941176468252595,23,0.7826086953119092,0.529411764550173,0.6315789423330257,371.875,10.103402376174929,2.278425455093384,0.0032768249511718,5,"[0.19297312254035762, 0.1934220795266822, 0.21132797338291226, 0.19803766680246104, 0.20423915774758702]",,0.8437499947558594,0.8437499947558594,0.813559316759552,0.8437499947558594,330.0
mechshift_delprob0.0_e5f031e028,2,fedpc_oracle,global_graph,true_dag,20,5000,5,0.5,0.2,2,mild,True,0.0,0.05,0.5,42,900887695,"[149232262, 536042979, 3367826029, 3829445878, 3015415612]",10.0,0.8437499947558594,0.8999999997,0.7941176468252595,23,0.7826086953119092,0.529411764550173,0.6315789423330257,371.875,10.104127645492554,2.2791507244110107,0.0040020942687988,5,"[0.1781376930838507, 0.20862759696716443, 0.20225766556445526, 0.19345988406826622, 0.2175171603162635]","ablation only -- requires ground truth, not deployable",0.8437499947558594,0.8437499947558594,0.813559316759552,0.8437499947558594,330.0
mechshift_delprob0.0_e5f031e028,3,centralized,global_graph,true_dag,20,5000,5,0.5,0.2,2,mild,True,0.0,0.05,0.5,42,1873391540,"[4183070156, 722143945, 4066068790, 14179749, 4035893129]",31.0,0.5974025923494687,0.696969696758494,0.5227272726084711,29,0.4137931033055885,0.2727272726652892,0.3287671184087071,0.0,60.91464924812317,60.91464924812317,0.0,1,,,,,,,
mechshift_delprob0.0_e5f031e028,3,local,mean_local_graph,true_dag,20,5000,5,0.5,0.2,2,mild,True,0.0,0.05,0.5,42,1873391540,"[4183070156, 722143945, 4066068790, 14179749, 4035893129]",29.4,0.5712136367393159,0.7997618320417753,0.4454545453533057,0,0.0,0.0,0.3196592641565069,563.75,21.33119225502014,4.996669769287109,0.0052073001861572,5,,,,,,,
mechshift_delprob0.0_e5f031e028,3,naive,global_graph,true_dag,20,5000,5,0.5,0.2,2,mild,True,0.0,0.05,0.5,42,1873391540,"[4183070156, 722143945, 4066068790, 14179749, 4035893129]",28.0,0.5624999955273438,0.89999999955,0.4090909089979339,0,0.0,0.0,0.0,563.75,21.32632660865784,4.991804122924805,0.0003416538238525,5,"[0.2, 0.2, 0.2, 0.2, 0.2]","n_oriented=0 / Dir_F1=0 BY CONSTRUCTION (no Sepsets passed to orientation) -- definitional, not independent evidence of a weighting effect; see factorial ablation for that comparison.",0.5624999955273438,0.5624999955273438,0.5333333287111112,0.5624999955273438,
mechshift_delprob0.0_e5f031e028,3,fedpc_consensus,global_graph,true_dag,20,5000,5,0.5,0.2,2,mild,True,0.0,0.05,0.5,42,1873391540,"[4183070156, 722143945, 4066068790, 14179749, 4035893129]",28.0,0.5624999955273438,0.89999999955,0.4090909089979339,17,0.7647058819031142,0.2954545453873967,0.4262295040365494,563.75,21.32938981056213,4.994867324829102,0.0034048557281494,5,"[0.19550778839259866, 0.176669781539543, 0.2151944796413504, 0.1705633558158687, 0.24206459461063914]",,0.5624999955273438,0.5624999955273438,0.5333333287111112,0.5624999955273438,346.0
mechshift_delprob0.0_e5f031e028,3,fedpc_oracle,global_graph,true_dag,20,5000,5,0.5,0.2,2,mild,True,0.0,0.05,0.5,42,1873391540,"[4183070156, 722143945, 4066068790, 14179749, 4035893129]",28.0,0.5624999955273438,0.89999999955,0.4090909089979339,17,0.7647058819031142,0.2954545453873967,0.4262295040365494,563.75,21.329488039016724,4.994965553283691,0.0035030841827392,5,"[0.19995363205119482, 0.20837181883024852, 0.17679125979990598, 0.20299470847276418, 0.21188858084588652]","ablation only -- requires ground truth, not deployable",0.5624999955273438,0.5624999955273438,0.5333333287111112,0.5624999955273438,346.0
mechshift_delprob0.0_e5f031e028,4,centralized,global_graph,true_dag,20,5000,5,0.5,0.2,2,mild,True,0.0,0.05,0.5,42,3245911811,"[3424352172, 1023375206, 358744952, 4046573427, 2012365566]",32.0,0.5555555505902778,0.6896551721759809,0.4651162789616008,22,0.4999999997727272,0.2558139534288804,0.3384615338792899,0.0,114.3786129951477,114.3786129951477,0.0,1,,,,,,,
mechshift_delprob0.0_e5f031e028,4,local,mean_local_graph,true_dag,20,5000,5,0.5,0.2,2,mild,True,0.0,0.05,0.5,42,3245911811,"[3424352172, 1023375206, 358744952, 4046573427, 2012365566]",31.6,0.5261590103775394,0.738665641615073,0.4093023254862087,0,0.0,0.0,0.2169759878495107,713.75,32.12710618972778,8.258960247039795,0.0039513111114501,5,,,,,,,
mechshift_delprob0.0_e5f031e028,4,naive,global_graph,true_dag,20,5000,5,0.5,0.2,2,mild,True,0.0,0.05,0.5,42,3245911811,"[3424352172, 1023375206, 358744952, 4046573427, 2012365566]",29.0,0.5396825351776267,0.8499999995749999,0.3953488371173607,0,0.0,0.0,0.0,713.75,32.1234872341156,8.255341291427612,0.0003323554992675,5,"[0.2, 0.2, 0.2, 0.2, 0.2]","n_oriented=0 / Dir_F1=0 BY CONSTRUCTION (no Sepsets passed to orientation) -- definitional, not independent evidence of a weighting effect; see factorial ablation for that comparison.",0.5396825351776267,0.5396825351776267,0.5517241332223545,0.5396825351776267,
mechshift_delprob0.0_e5f031e028,4,fedpc_consensus,global_graph,true_dag,20,5000,5,0.5,0.2,2,mild,True,0.0,0.05,0.5,42,3245911811,"[3424352172, 1023375206, 358744952, 4046573427, 2012365566]",29.0,0.5396825351776267,0.8499999995749999,0.3953488371173607,7,0.4285714279591837,0.0697674418442401,0.119999997544,713.75,32.125871658325195,8.257725715637207,0.0027167797088623,5,"[0.13931161778348344, 0.22671453642966438, 0.16973745940381416, 0.21584313219881138, 0.24839325418422667]",,0.5396825351776267,0.5396825351776267,0.5517241332223545,0.5396825351776267,348.0
mechshift_delprob0.0_e5f031e028,4,fedpc_oracle,global_graph,true_dag,20,5000,5,0.5,0.2,2,mild,True,0.0,0.05,0.5,42,3245911811,"[3424352172, 1023375206, 358744952, 4046573427, 2012365566]",29.0,0.5396825351776267,0.8499999995749999,0.3953488371173607,7,0.4285714279591837,0.0697674418442401,0.119999997544,713.75,32.125946044921875,8.257800102233887,0.0027911663055419,5,"[0.1319960954329509, 0.16721830681084032, 0.27952503673735224, 0.20962489102092452, 0.2116356699979321]","ablation only -- requires ground truth, not deployable",0.5396825351776267,0.5396825351776267,0.5517241332223545,0.5396825351776267,350.0
mechshift_delprob0.0_e5f031e028,5,centralized,global_graph,true_dag,20,5000,5,0.5,0.2,2,mild,True,0.0,0.05,0.5,42,1633942782,"[1955441869, 24941458, 2349371565, 3546263466, 2312520381]",22.0,0.6857142805224491,0.705882352733564,0.6666666664814814,30,0.5666666664777777,0.4722222220910493,0.515151510036731,0.0,49.110917806625366,49.110917806625366,0.0,1,,,,,,,
mechshift_delprob0.0_e5f031e028,5,local,mean_local_graph,true_dag,20,5000,5,0.5,0.2,2,mild,True,0.0,0.05,0.5,42,1633942782,"[1955441869, 24941458, 2349371565, 3546263466, 2312520381]",19.8,0.6773169432164862,0.8193732190497134,0.577777777617284,0,0.0,0.0,0.4840257375023928,486.875,16.569580078125,4.248347759246826,0.0071566104888916,5,,,,,,,
mechshift_delprob0.0_e5f031e028,5,naive,global_graph,true_dag,20,5000,5,0.5,0.2,2,mild,True,0.0,0.05,0.5,42,1633942782,"[1955441869, 24941458, 2349371565, 3546263466, 2312520381]",18.0,0.6896551674673009,0.909090908677686,0.5555555554012346,0,0.0,0.0,0.0,486.875,16.56301259994507,4.241780281066895,0.0005891323089599,5,"[0.2, 0.2, 0.2, 0.2, 0.2]","n_oriented=0 / Dir_F1=0 BY CONSTRUCTION (no Sepsets passed to orientation) -- definitional, not independent evidence of a weighting effect; see factorial ablation for that comparison.",0.6896551674673009,0.6896551674673009,0.6666666615912209,0.6896551674673009,
mechshift_delprob0.0_e5f031e028,5,fedpc_consensus,global_graph,true_dag,20,5000,5,0.5,0.2,2,mild,True,0.0,0.05,0.5,42,1633942782,"[1955441869, 24941458, 2349371565, 3546263466, 2312520381]",18.0,0.6896551674673009,0.909090908677686,0.5555555554012346,16,0.6874999995703125,0.305555555470679,0.4230769186538461,486.875,16.56623148918152,4.244999170303345,0.0038080215454101,5,"[0.19055214589987154, 0.20362950812866468, 0.21252965287852035, 0.21040023263635496, 0.18288846045658855]",,0.6896551674673009,0.6896551674673009,0.6666666615912209,0.6896551674673009,344.0
mechshift_delprob0.0_e5f031e028,5,fedpc_oracle,global_graph,true_dag,20,5000,5,0.5,0.2,2,mild,True,0.0,0.05,0.5,42,1633942782,"[1955441869, 24941458, 2349371565, 3546263466, 2312520381]",18.0,0.6896551674673009,0.909090908677686,0.5555555554012346,16,0.6874999995703125,0.305555555470679,0.4230769186538461,486.875,16.566057682037354,4.24482536315918,0.0036342144012451,5,"[0.1935274844228768, 0.21239751133487514, 0.21930429831783702, 0.18124322150153416, 0.1935274844228768]","ablation only -- requires ground truth, not deployable",0.6896551674673009,0.6896551674673009,0.6666666615912209,0.6896551674673009,344.0
mechshift_delprob0.0_e5f031e028,6,centralized,global_graph,true_dag,20,5000,5,0.5,0.2,2,mild,True,0.0,0.05,0.5,42,3557497960,"[574020672, 2111944437, 3922801788, 1893165994, 1198634850]",32.0,0.5151515101606979,0.6296296293964334,0.4358974357856673,22,0.5909090906404958,0.3333333332478632,0.4262295034453103,0.0,106.1292850971222,106.1292850971222,0.0,1,,,,,,,
mechshift_delprob0.0_e5f031e028,6,local,mean_local_graph,true_dag,20,5000,5,0.5,0.2,2,mild,True,0.0,0.05,0.5,42,3557497960,"[574020672, 2111944437, 3922801788, 1893165994, 1198634850]",26.8,0.5761671970707924,0.7543478257733042,0.4666666665470085,0,0.0,0.0,0.3663864027751712,684.375,34.79870581626892,7.947248220443726,0.0061526298522949,5,,,,,,,
mechshift_delprob0.0_e5f031e028,6,naive,global_graph,true_dag,20,5000,5,0.5,0.2,2,mild,True,0.0,0.05,0.5,42,3557497960,"[574020672, 2111944437, 3922801788, 1893165994, 1198634850]",22.0,0.6333333285722222,0.9047619043310656,0.4871794870545693,0,0.0,0.0,0.0,684.375,34.792964696884155,7.94150710105896,0.0004115104675292,5,"[0.2, 0.2, 0.2, 0.2, 0.2]","n_oriented=0 / Dir_F1=0 BY CONSTRUCTION (no Sepsets passed to orientation) -- definitional, not independent evidence of a weighting effect; see factorial ablation for that comparison.",0.6333333285722222,0.6333333285722222,0.6071428522385205,0.6333333285722222,
mechshift_delprob0.0_e5f031e028,6,fedpc_consensus,global_graph,true_dag,20,5000,5,0.5,0.2,2,mild,True,0.0,0.05,0.5,42,3557497960,"[574020672, 2111944437, 3922801788, 1893165994, 1198634850]",22.0,0.6333333285722222,0.9047619043310656,0.4871794870545693,16,0.6874999995703125,0.2820512819789612,0.3999999957289256,684.375,34.79714918136597,7.9456915855407715,0.0045959949493408,5,"[0.1958298887350688, 0.18210732520253056, 0.2073173543176157, 0.2159902636280611, 0.19875516811672372]",,0.6333333285722222,0.6333333285722222,0.6071428522385205,0.6333333285722222,346.0
mechshift_delprob0.0_e5f031e028,6,fedpc_oracle,global_graph,true_dag,20,5000,5,0.5,0.2,2,mild,True,0.0,0.05,0.5,42,3557497960,"[574020672, 2111944437, 3922801788, 1893165994, 1198634850]",22.0,0.6333333285722222,0.9047619043310656,0.4871794870545693,16,0.6874999995703125,0.2820512819789612,0.3999999957289256,684.375,34.796998739242554,7.945541143417358,0.0044455528259277,5,"[0.1784553542132915, 0.22531819709095627, 0.21822200787893314, 0.21822200787893314, 0.15978243293788594]","ablation only -- requires ground truth, not deployable",0.6333333285722222,0.6333333285722222,0.6071428522385205,0.6333333285722222,346.0
mechshift_delprob0.0_e5f031e028,7,centralized,global_graph,true_dag,20,5000,5,0.5,0.2,2,mild,True,0.0,0.05,0.5,42,2079841472,"[2903597826, 2080221967, 1308955721, 2269104035, 211441429]",18.0,0.7272727220523416,0.7272727270523416,0.7272727270523416,33,0.6060606058769513,0.6060606058769513,0.6060606008769515,0.0,41.35517120361328,41.35517120361328,0.0,1,,,,,,,
mechshift_delprob0.0_e5f031e028,7,local,mean_local_graph,true_dag,20,5000,5,0.5,0.2,2,mild,True,0.0,0.05,0.5,42,2079841472,"[2903597826, 2080221967, 1308955721, 2269104035, 211441429]",11.6,0.8060613744620058,0.8966995070556075,0.7333333331111112,0,0.0,0.0,0.675132386974086,430.625,11.756988525390623,3.1350886821746826,0.0061445236206054,5,,,,,,,
mechshift_delprob0.0_e5f031e028,7,naive,global_graph,true_dag,20,5000,5,0.5,0.2,2,mild,True,0.0,0.05,0.5,42,2079841472,"[2903597826, 2080221967, 1308955721, 2269104035, 211441429]",9.0,0.8474576219017523,0.9615384611686392,0.7575757573461891,0,0.0,0.0,0.0,430.625,11.751315832138062,3.129415988922119,0.0004718303680419,5,"[0.2, 0.2, 0.2, 0.2, 0.2]","n_oriented=0 / Dir_F1=0 BY CONSTRUCTION (no Sepsets passed to orientation) -- definitional, not independent evidence of a weighting effect; see factorial ablation for that comparison.",0.8474576219017523,0.8474576219017523,0.7777777724965707,0.8474576219017523,
mechshift_delprob0.0_e5f031e028,7,fedpc_consensus,global_graph,true_dag,20,5000,5,0.5,0.2,2,mild,True,0.0,0.05,0.5,42,2079841472,"[2903597826, 2080221967, 1308955721, 2269104035, 211441429]",9.0,0.8474576219017523,0.9615384611686392,0.7575757573461891,23,0.913043477863894,0.6363636361707988,0.7499999948915818,430.625,11.753907918930054,3.1320080757141118,0.0030639171600341,5,"[0.22872159670944536, 0.1984876584284171, 0.21669655134380594, 0.15542603627607507, 0.2006681572422565]",,0.8474576219017523,0.8474576219017523,0.7777777724965707,0.8474576219017523,338.0
mechshift_delprob0.0_e5f031e028,7,fedpc_oracle,global_graph,true_dag,20,5000,5,0.5,0.2,2,mild,True,0.0,0.05,0.5,42,2079841472,"[2903597826, 2080221967, 1308955721, 2269104035, 211441429]",9.0,0.8474576219017523,0.9615384611686392,0.7575757573461891,23,0.913043477863894,0.6363636361707988,0.7499999948915818,430.625,11.754376411437988,3.132476568222046,0.0035324096679687,5,"[0.19990100347147574, 0.2065088571656098, 0.17689180362493387, 0.22335998001442675, 0.19333835572355385]","ablation only -- requires ground truth, not deployable",0.8474576219017523,0.8474576219017523,0.7777777724965707,0.8474576219017523,338.0
mechshift_delprob0.0_e5f031e028,8,centralized,global_graph,true_dag,20,5000,5,0.5,0.2,2,mild,True,0.0,0.05,0.5,42,2145402204,"[2311575564, 2047521330, 341093290, 935965799, 1728553096]",20.0,0.6874999947900392,0.7096774191259105,0.6666666664646465,30,0.4333333331888889,0.3939393938200183,0.4126984075787351,0.0,35.1853187084198,35.1853187084198,0.0,1,,,,,,,
mechshift_delprob0.0_e5f031e028,8,local,mean_local_graph,true_dag,20,5000,5,0.5,0.2,2,mild,True,0.0,0.05,0.5,42,2145402204,"[2311575564, 2047521330, 341093290, 935965799, 1728553096]",18.2,0.6848359304129497,0.7995287993785021,0.5999999998181818,0,0.0,0.0,0.474545449647845,335.625,12.86104702949524,3.1008808612823486,0.005411148071289,5,,,,,,,
mechshift_delprob0.0_e5f031e028,8,naive,global_graph,true_dag,20,5000,5,0.5,0.2,2,mild,True,0.0,0.05,0.5,42,2145402204,"[2311575564, 2047521330, 341093290, 935965799, 1728553096]",15.0,0.7368421001292704,0.8749999996354166,0.6363636361707988,0,0.0,0.0,0.0,335.625,12.856139183044434,3.095973014831543,0.0005033016204833,5,"[0.2, 0.2, 0.2, 0.2, 0.2]","n_oriented=0 / Dir_F1=0 BY CONSTRUCTION (no Sepsets passed to orientation) -- definitional, not independent evidence of a weighting effect; see factorial ablation for that comparison.",0.7368421001292704,0.7368421001292704,0.6923076870710059,0.7368421001292704,
mechshift_delprob0.0_e5f031e028,8,fedpc_consensus,global_graph,true_dag,20,5000,5,0.5,0.2,2,mild,True,0.0,0.05,0.5,42,2145402204,"[2311575564, 2047521330, 341093290, 935965799, 1728553096]",15.0,0.7368421001292704,0.8749999996354166,0.6363636361707988,21,0.6190476187528344,0.3939393938200183,0.4814814765500686,335.625,12.858775854110718,3.098609685897827,0.0031399726867675,5,"[0.18589694761474668, 0.1817107286963439, 0.2211005040989777, 0.1888162026959485, 0.22247561689398332]",,0.7368421001292704,0.7368421001292704,0.6923076870710059,0.7368421001292704,340.0
mechshift_delprob0.0_e5f031e028,8,fedpc_oracle,global_graph,true_dag,20,5000,5,0.5,0.2,2,mild,True,0.0,0.05,0.5,42,2145402204,"[2311575564, 2047521330, 341093290, 935965799, 1728553096]",15.0,0.7368421001292704,0.8749999996354166,0.6363636361707988,21,0.6190476187528344,0.3939393938200183,0.4814814765500686,335.625,12.858879089355469,3.098712921142578,0.0032432079315185,5,"[0.18289965411660705, 0.21592167276218086, 0.19619720563374005, 0.208784261853732, 0.19619720563374005]","ablation only -- requires ground truth, not deployable",0.7368421001292704,0.7368421001292704,0.6923076870710059,0.7368421001292704,340.0
mechshift_delprob0.0_e5f031e028,9,centralized,global_graph,true_dag,20,5000,5,0.5,0.2,2,mild,True,0.0,0.05,0.5,42,1414768942,"[1190142511, 3575098081, 4265418137, 4073802, 1321275074]",14.0,0.7878787826400367,0.7878787876400367,0.7878787876400367,31,0.6774193546201873,0.6363636361707988,0.6562499947998047,0.0,73.21997356414795,73.21997356414795,0.0,1,,,,,,,
mechshift_delprob0.0_e5f031e028,9,local,mean_local_graph,true_dag,20,5000,5,0.5,0.2,2,mild,True,0.0,0.05,0.5,42,1414768942,"[1190142511, 3575098081, 4265418137, 4073802, 1321275074]",12.8,0.7774159924611462,0.910813823486076,0.6787878785821855,0,0.0,0.0,0.571388065494858,506.875,16.600823640823364,3.819870710372925,0.0054194927215576,5,,,,,,,
mechshift_delprob0.0_e5f031e028,9,naive,global_graph,true_dag,20,5000,5,0.5,0.2,2,mild,True,0.0,0.05,0.5,42,1414768942,"[1190142511, 3575098081, 4265418137, 4073802, 1321275074]",10.0,0.8214285662946428,0.9999999995652172,0.696969696758494,0,0.0,0.0,0.0,506.875,16.595781803131104,3.814828872680664,0.0003776550292968,5,"[0.2, 0.2, 0.2, 0.2, 0.2]","n_oriented=0 / Dir_F1=0 BY CONSTRUCTION (no Sepsets passed to orientation) -- definitional, not independent evidence of a weighting effect; see factorial ablation for that comparison.",0.8214285662946428,0.8214285662946428,0.7450980339715495,0.8214285662946428,
mechshift_delprob0.0_e5f031e028,9,fedpc_consensus,global_graph,true_dag,20,5000,5,0.5,0.2,2,mild,True,0.0,0.05,0.5,42,1414768942,"[1190142511, 3575098081, 4265418137, 4073802, 1321275074]",10.0,0.8214285662946428,0.9999999995652172,0.696969696758494,16,0.9374999994140624,0.4545454544077135,0.6122448933111204,506.875,16.600059747695923,3.8191068172454834,0.0046555995941162,5,"[0.17793765436467915, 0.20597832006648162, 0.1906579629112982, 0.21493281891006605, 0.21049324374747505]",,0.8214285662946428,0.8214285662946428,0.7450980339715495,0.8214285662946428,338.0
mechshift_delprob0.0_e5f031e028,9,fedpc_oracle,global_graph,true_dag,20,5000,5,0.5,0.2,2,mild,True,0.0,0.05,0.5,42,1414768942,"[1190142511, 3575098081, 4265418137, 4073802, 1321275074]",10.0,0.8214285662946428,0.9999999995652172,0.696969696758494,16,0.9374999994140624,0.4545454544077135,0.6122448933111204,506.875,16.598705530166626,3.8177525997161865,0.0033013820648193,5,"[0.21887515501035407, 0.19704873746630458, 0.1860118198149005, 0.19704873746630458, 0.20101555024213622]","ablation only -- requires ground truth, not deployable",0.8214285662946428,0.8214285662946428,0.7450980339715495,0.8214285662946428,338.0
mechshift_delprob0.0_e5f031e028,10,centralized,global_graph,true_dag,20,5000,5,0.5,0.2,2,mild,True,0.0,0.05,0.5,42,3812718172,"[879389325, 422745548, 812865379, 4219642250, 856153197]",22.0,0.6944444392554012,0.6756756754930606,0.7142857140816327,31,0.5161290320915712,0.4571428570122449,0.4848484797199265,0.0,47.43604040145874,47.43604040145874,0.0,1,,,,,,,
mechshift_delprob0.0_e5f031e028,10,local,mean_local_graph,true_dag,20,5000,5,0.5,0.2,2,mild,True,0.0,0.05,0.5,42,3812718172,"[879389325, 422745548, 812865379, 4219642250, 856153197]",18.0,0.7051719061229164,0.8289898270543798,0.6171428569665306,0,0.0,0.0,0.3936520536615856,501.875,14.470761060714722,3.512209415435791,0.005904197692871,5,,,,,,,
mechshift_delprob0.0_e5f031e028,10,naive,global_graph,true_dag,20,5000,5,0.5,0.2,2,mild,True,0.0,0.05,0.5,42,3812718172,"[879389325, 422745548, 812865379, 4219642250, 856153197]",16.0,0.724137925998811,0.913043477863894,0.5999999998285714,0,0.0,0.0,0.0,501.875,14.46533703804016,3.5067853927612305,0.0004801750183105,5,"[0.2, 0.2, 0.2, 0.2, 0.2]","n_oriented=0 / Dir_F1=0 BY CONSTRUCTION (no Sepsets passed to orientation) -- definitional, not independent evidence of a weighting effect; see factorial ablation for that comparison.",0.724137925998811,0.724137925998811,0.7169811268921323,0.724137925998811,
mechshift_delprob0.0_e5f031e028,10,fedpc_consensus,global_graph,true_dag,20,5000,5,0.5,0.2,2,mild,True,0.0,0.05,0.5,42,3812718172,"[879389325, 422745548, 812865379, 4219642250, 856153197]",16.0,0.724137925998811,0.913043477863894,0.5999999998285714,17,0.8235294112802768,0.3999999998857143,0.5384615338535503,501.875,14.469176292419434,3.510624647140503,0.004319429397583,5,"[0.21633123744367727, 0.16538914615274594, 0.2145638216969367, 0.20699400734922635, 0.19672178735741364]",,0.724137925998811,0.724137925998811,0.7169811268921323,0.724137925998811,344.0
mechshift_delprob0.0_e5f031e028,10,fedpc_oracle,global_graph,true_dag,20,5000,5,0.5,0.2,2,mild,True,0.0,0.05,0.5,42,3812718172,"[879389325, 422745548, 812865379, 4219642250, 856153197]",16.0,0.724137925998811,0.913043477863894,0.5999999998285714,17,0.8235294112802768,0.3999999998857143,0.5384615338535503,501.875,14.469632387161257,3.511080741882324,0.0047755241394042,5,"[0.18447169274543943, 0.19495822666389792, 0.22822844300704861, 0.17837387845634858, 0.21396775912726546]","ablation only -- requires ground truth, not deployable",0.724137925998811,0.724137925998811,0.7169811268921323,0.724137925998811,344.0
mechshift_delprob0.0_e5f031e028,11,centralized,global_graph,true_dag,20,5000,5,0.5,0.2,2,mild,True,0.0,0.05,0.5,42,768852238,"[3302335885, 2893145210, 4264933151, 590428212, 603166391]",9.0,0.857142851872008,0.8709677416545265,0.8437499997363281,26,0.8461538458284024,0.6874999997851562,0.7586206844470869,0.0,19.92213559150696,19.92213559150696,0.0,1,,,,,,,
mechshift_delprob0.0_e5f031e028,11,local,mean_local_graph,true_dag,20,5000,5,0.5,0.2,2,mild,True,0.0,0.05,0.5,42,768852238,"[3302335885, 2893145210, 4264933151, 590428212, 603166391]",9.0,0.8422480036275001,0.962085469698572,0.749999999765625,0,0.0,0.0,0.6683550049829181,370.0,12.353672981262209,2.927659034729004,0.0048208236694335,5,,,,,,,
mechshift_delprob0.0_e5f031e028,11,naive,global_graph,true_dag,20,5000,5,0.5,0.2,2,mild,True,0.0,0.05,0.5,42,768852238,"[3302335885, 2893145210, 4264933151, 590428212, 603166391]",7.0,0.8771929772237613,0.9999999996,0.7812499997558594,0,0.0,0.0,0.0,370.0,12.34986972808838,2.923855781555176,0.0010175704956054,5,"[0.2, 0.2, 0.2, 0.2, 0.2]","n_oriented=0 / Dir_F1=0 BY CONSTRUCTION (no Sepsets passed to orientation) -- definitional, not independent evidence of a weighting effect; see factorial ablation for that comparison.",0.8771929772237613,0.8771929772237613,0.8461538408357988,0.8771929772237613,
mechshift_delprob0.0_e5f031e028,11,fedpc_consensus,global_graph,true_dag,20,5000,5,0.5,0.2,2,mild,True,0.0,0.05,0.5,42,768852238,"[3302335885, 2893145210, 4264933151, 590428212, 603166391]",7.0,0.8771929772237613,0.9999999996,0.7812499997558594,21,0.9047619043310656,0.5937499998144531,0.7169811270202919,370.0,12.351821422576904,2.925807476043701,0.0029692649841308,5,"[0.160798486125892, 0.20832219582304912, 0.21693367854324264, 0.1915148398194211, 0.22243079968839521]",,0.8771929772237613,0.8771929772237613,0.8461538408357988,0.8771929772237613,336.0
mechshift_delprob0.0_e5f031e028,11,fedpc_oracle,global_graph,true_dag,20,5000,5,0.5,0.2,2,mild,True,0.0,0.05,0.5,42,768852238,"[3302335885, 2893145210, 4264933151, 590428212, 603166391]",7.0,0.8771929772237613,0.9999999996,0.7812499997558594,21,0.9047619043310656,0.5937499998144531,0.7169811270202919,370.0,12.352055072784424,2.9260411262512207,0.0032029151916503,5,"[0.18652979439961126, 0.1998492504213958, 0.2094371801463799, 0.1971333238895768, 0.20705045114303622]","ablation only -- requires ground truth, not deployable",0.8771929772237613,0.8771929772237613,0.8461538408357988,0.8771929772237613,336.0
mechshift_delprob0.0_e5f031e028,12,centralized,global_graph,true_dag,20,5000,5,0.5,0.2,2,mild,True,0.0,0.05,0.5,42,1457339577,"[2907047140, 2497304442, 3840010593, 2477905568, 2720414072]",23.0,0.646153840956213,0.6562499997949218,0.6363636361707988,29,0.6206896549583829,0.5454545452892562,0.5806451561238295,0.0,61.62402057647705,61.62402057647705,0.0,1,,,,,,,
mechshift_delprob0.0_e5f031e028,12,local,mean_local_graph,true_dag,20,5000,5,0.5,0.2,2,mild,True,0.0,0.05,0.5,42,1457339577,"[2907047140, 2497304442, 3840010593, 2477905568, 2720414072]",19.2,0.6642467456061396,0.7859186172884394,0.5757575755831038,0,0.0,0.0,0.4647342948313078,513.125,15.70573115348816,3.742555141448975,0.0039639472961425,5,,,,,,,
mechshift_delprob0.0_e5f031e028,12,naive,global_graph,true_dag,20,5000,5,0.5,0.2,2,mild,True,0.0,0.05,0.5,42,1457339577,"[2907047140, 2497304442, 3840010593, 2477905568, 2720414072]",20.0,0.6296296246433472,0.809523809138322,0.5151515149954086,0,0.0,0.0,0.0,513.125,15.70203423500061,3.738858222961426,0.0002670288085937,5,"[0.2, 0.2, 0.2, 0.2, 0.2]","n_oriented=0 / Dir_F1=0 BY CONSTRUCTION (no Sepsets passed to orientation) -- definitional, not independent evidence of a weighting effect; see factorial ablation for that comparison.",0.6296296246433472,0.6296296246433472,0.5714285662973763,0.6296296246433472,
mechshift_delprob0.0_e5f031e028,12,fedpc_consensus,global_graph,true_dag,20,5000,5,0.5,0.2,2,mild,True,0.0,0.05,0.5,42,1457339577,"[2907047140, 2497304442, 3840010593, 2477905568, 2720414072]",20.0,0.6296296246433472,0.809523809138322,0.5151515149954086,12,0.749999999375,0.2727272726446281,0.3999999959111111,513.125,15.704286813735962,3.741110801696777,0.0025196075439453,5,"[0.19179949438429272, 0.21969388047048882, 0.200887026255875, 0.1992479308660118, 0.18837166802333158]",,0.6296296246433472,0.6296296246433472,0.5714285662973763,0.6296296246433472,344.0
mechshift_delprob0.0_e5f031e028,12,fedpc_oracle,global_graph,true_dag,20,5000,5,0.5,0.2,2,mild,True,0.0,0.05,0.5,42,1457339577,"[2907047140, 2497304442, 3840010593, 2477905568, 2720414072]",20.0,0.6296296246433472,0.809523809138322,0.5151515149954086,12,0.749999999375,0.2727272726446281,0.3999999959111111,513.125,15.704100370407104,3.74092435836792,0.0023331642150878,5,"[0.2009097281221525, 0.23063616773162446, 0.1666346307875408, 0.19404152986041504, 0.20777794349826717]","ablation only -- requires ground truth, not deployable",0.6296296246433472,0.6296296246433472,0.5714285662973763,0.6296296246433472,344.0
mechshift_delprob0.0_e5f031e028,13,centralized,global_graph,true_dag,20,5000,5,0.5,0.2,2,mild,True,0.0,0.05,0.5,42,3706027083,"[2472507425, 207740285, 54589523, 3972140889, 1158474581]",29.0,0.6027397208857197,0.6470588233391004,0.5641025639579224,29,0.4482758619143876,0.3333333332478632,0.3823529361721454,0.0,75.72874712944031,75.72874712944031,0.0,1,,,,,,,
mechshift_delprob0.0_e5f031e028,13,local,mean_local_graph,true_dag,20,5000,5,0.5,0.2,2,mild,True,0.0,0.05,0.5,42,3706027083,"[2472507425, 207740285, 54589523, 3972140889, 1158474581]",23.4,0.6164819103602462,0.8561688307780336,0.4820512819276791,0,0.0,0.0,0.3590638246161406,556.875,21.82002854347229,5.221212387084961,0.0062947273254394,5,,,,,,,
mechshift_delprob0.0_e5f031e028,13,naive,global_graph,true_dag,20,5000,5,0.5,0.2,2,mild,True,0.0,0.05,0.5,42,3706027083,"[2472507425, 207740285, 54589523, 3972140889, 1158474581]",20.0,0.6666666618944445,0.9523809519274375,0.5128205126890204,0,0.0,0.0,0.0,556.875,21.81441831588745,5.215602159500122,0.0006844997406005,5,"[0.2, 0.2, 0.2, 0.2, 0.2]","n_oriented=0 / Dir_F1=0 BY CONSTRUCTION (no Sepsets passed to orientation) -- definitional, not independent evidence of a weighting effect; see factorial ablation for that comparison.",0.6666666618944445,0.6666666618944445,0.6545454495867769,0.6666666618944445,
mechshift_delprob0.0_e5f031e028,13,fedpc_consensus,global_graph,true_dag,20,5000,5,0.5,0.2,2,mild,True,0.0,0.05,0.5,42,3706027083,"[2472507425, 207740285, 54589523, 3972140889, 1158474581]",20.0,0.6666666618944445,0.9523809519274375,0.5128205126890204,11,0.6363636357851239,0.1794871794411571,0.279999996456,556.875,21.818109035491943,5.219292879104614,0.0043752193450927,5,"[0.1822026040471281, 0.23398998845881444, 0.15874500588072732, 0.22302396287172466, 0.2020384387416055]",,0.6666666618944445,0.6666666618944445,0.6545454495867769,0.6666666618944445,346.0
mechshift_delprob0.0_e5f031e028,13,fedpc_oracle,global_graph,true_dag,20,5000,5,0.5,0.2,2,mild,True,0.0,0.05,0.5,42,3706027083,"[2472507425, 207740285, 54589523, 3972140889, 1158474581]",20.0,0.6666666618944445,0.9523809519274375,0.5128205126890204,11,0.6363636357851239,0.1794871794411571,0.279999996456,556.875,21.81816005706787,5.219343900680542,0.0044262409210205,5,"[0.19116042461283486, 0.22592911727818815, 0.18915350500288827, 0.1830025847093283, 0.21075436839676043]","ablation only -- requires ground truth, not deployable",0.6666666618944445,0.6666666618944445,0.6545454495867769,0.6666666618944445,346.0
mechshift_delprob0.0_e5f031e028,14,centralized,global_graph,true_dag,20,5000,5,0.5,0.2,2,mild,True,0.0,0.05,0.5,42,41230783,"[3738879739, 3481031619, 685941444, 1469252581, 3221227916]",38.0,0.5476190426275511,0.657142856955102,0.4693877550062474,33,0.4242424241138659,0.2857142856559767,0.3414634097412255,0.0,172.05426692962646,172.05426692962646,0.0,1,,,,,,,
mechshift_delprob0.0_e5f031e028,14,local,mean_local_graph,true_dag,20,5000,5,0.5,0.2,2,mild,True,0.0,0.05,0.5,42,41230783,"[3738879739, 3481031619, 685941444, 1469252581, 3221227916]",37.8,0.4670686866132668,0.7538001125868949,0.3387755101349438,0,0.0,0.0,0.2698200311383763,681.25,32.47776222229004,7.418927907943726,0.0057320594787597,5,,,,,,,
mechshift_delprob0.0_e5f031e028,14,naive,global_graph,true_dag,20,5000,5,0.5,0.2,2,mild,True,0.0,0.05,0.5,42,41230783,"[3738879739, 3481031619, 685941444, 1469252581, 3221227916]",37.0,0.4307692269254438,0.874999999453125,0.2857142856559767,0,0.0,0.0,0.0,681.25,32.47246170043945,7.41362738609314,0.0004315376281738,5,"[0.2, 0.2, 0.2, 0.2, 0.2]","n_oriented=0 / Dir_F1=0 BY CONSTRUCTION (no Sepsets passed to orientation) -- definitional, not independent evidence of a weighting effect; see factorial ablation for that comparison.",0.4307692269254438,0.4307692269254438,0.4666666626,0.4307692269254438,
mechshift_delprob0.0_e5f031e028,14,fedpc_consensus,global_graph,true_dag,20,5000,5,0.5,0.2,2,mild,True,0.0,0.05,0.5,42,41230783,"[3738879739, 3481031619, 685941444, 1469252581, 3221227916]",37.0,0.4307692269254438,0.874999999453125,0.2857142856559767,9,0.7777777769135802,0.1428571428279883,0.2413793076397146,681.25,32.476436376571655,7.417602062225342,0.0044062137603759,5,"[0.19711244287600782, 0.1845262096504812, 0.22265641942646827, 0.20811677839703735, 0.18758814965000542]",,0.4307692269254438,0.4307692269254438,0.4666666626,0.4307692269254438,354.0
mechshift_delprob0.0_e5f031e028,14,fedpc_oracle,global_graph,true_dag,20,5000,5,0.5,0.2,2,mild,True,0.0,0.05,0.5,42,41230783,"[3738879739, 3481031619, 685941444, 1469252581, 3221227916]",37.0,0.4307692269254438,0.874999999453125,0.2857142856559767,9,0.7777777769135802,0.1428571428279883,0.2413793076397146,681.25,32.476232290267944,7.417397975921631,0.004202127456665,5,"[0.20809630021901057, 0.12884623569919315, 0.2206899231920604, 0.2400115515315967, 0.2023559893581392]","ablation only -- requires ground truth, not deployable",0.4307692269254438,0.4307692269254438,0.4666666626,0.4307692269254438,354.0
mechshift_delprob0.03_924d81b7cd,0,centralized,global_graph,true_dag,20,5000,5,0.5,0.2,2,mild,True,0.03,0.05,0.5,42,3418248737,"[911849076, 1863754994, 3306440639, 4268272978, 163392572]",17.0,0.7605633751160485,0.8437499997363281,0.6923076921301775,27,0.7037037034430726,0.4871794870545693,0.5757575707483931,0.0,78.1458191871643,78.1458191871643,0.0,1,,,,,,,
mechshift_delprob0.03_924d81b7cd,0,local,mean_local_graph,true_dag,20,5000,5,0.5,0.2,2,mild,True,0.03,0.05,0.5,42,3418248737,"[911849076, 1863754994, 3306440639, 4268272978, 163392572]",16.2,0.7518891057547827,0.9333066814680984,0.630769230607495,0,0.0,0.0,0.4560212986662527,589.375,22.979063034057617,4.9183995723724365,0.0054023265838623,5,,,,,,,
mechshift_delprob0.03_924d81b7cd,0,naive,global_graph,true_dag,20,5000,5,0.5,0.2,2,mild,True,0.03,0.05,0.5,42,3418248737,"[911849076, 1863754994, 3306440639, 4268272978, 163392572]",15.0,0.7619047569463342,0.9999999995833332,0.6153846152268244,0,0.0,0.0,0.0,589.375,22.97413754463196,4.913474082946777,0.0004768371582031,5,"[0.2, 0.2, 0.2, 0.2, 0.2]","n_oriented=0 / Dir_F1=0 BY CONSTRUCTION (no Sepsets passed to orientation) -- definitional, not independent evidence of a weighting effect; see factorial ablation for that comparison.",0.7619047569463342,0.7619047569463342,0.7586206845422117,0.7619047569463342,
mechshift_delprob0.03_924d81b7cd,0,fedpc_consensus,global_graph,true_dag,20,5000,5,0.5,0.2,2,mild,True,0.03,0.05,0.5,42,3418248737,"[911849076, 1863754994, 3306440639, 4268272978, 163392572]",15.0,0.7619047569463342,0.9999999995833332,0.6153846152268244,20,0.749999999625,0.3846153845167653,0.5084745716173514,589.375,22.977424144744877,4.916760683059692,0.0037634372711181,5,"[0.22223817783044372, 0.19948438301774926, 0.2083057096131338, 0.19462331433841248, 0.1753484152002607]",,0.7619047569463342,0.7619047569463342,0.7586206845422117,0.7619047569463342,340.0
mechshift_delprob0.03_924d81b7cd,0,fedpc_oracle,global_graph,true_dag,20,5000,5,0.5,0.2,2,mild,True,0.03,0.05,0.5,42,3418248737,"[911849076, 1863754994, 3306440639, 4268272978, 163392572]",15.0,0.7619047569463342,0.9999999995833332,0.6153846152268244,20,0.749999999625,0.3846153845167653,0.5084745716173514,589.375,22.978290796279907,4.917627334594727,0.0046300888061523,5,"[0.21299200338536528, 0.19889723389357739, 0.18851277257428836, 0.2067735949307446, 0.19282439521602432]","ablation only -- requires ground truth, not deployable",0.7619047569463342,0.7619047569463342,0.7586206845422117,0.7619047569463342,340.0
mechshift_delprob0.03_924d81b7cd,1,centralized,global_graph,true_dag,20,5000,5,0.5,0.2,2,mild,True,0.03,0.05,0.5,42,1405245430,"[1402706546, 4083621176, 4005218444, 3486129756, 616871624]",27.0,0.6493506442233091,0.7142857140816327,0.5952380950963718,31,0.5806451611030177,0.4285714284693877,0.4931506799099268,0.0,102.8654215335846,102.8654215335846,0.0,1,,,,,,,
mechshift_delprob0.03_924d81b7cd,1,local,mean_local_graph,true_dag,20,5000,5,0.5,0.2,2,mild,True,0.03,0.05,0.5,42,1405245430,"[1402706546, 4083621176, 4005218444, 3486129756, 616871624]",25.2,0.6291503059994449,0.8275586632352019,0.5095238094024943,0,0.0,0.0,0.4371746811333469,583.125,27.93659496307373,6.632734537124634,0.004115343093872,5,,,,,,,
mechshift_delprob0.03_924d81b7cd,1,naive,global_graph,true_dag,20,5000,5,0.5,0.2,2,mild,True,0.03,0.05,0.5,42,1405245430,"[1402706546, 4083621176, 4005218444, 3486129756, 616871624]",23.0,0.6666666617097249,0.8518518515363511,0.5476190474886621,0,0.0,0.0,0.0,583.125,27.93318104743957,6.629320621490479,0.0007014274597167,5,"[0.2, 0.2, 0.2, 0.2, 0.2]","n_oriented=0 / Dir_F1=0 BY CONSTRUCTION (no Sepsets passed to orientation) -- definitional, not independent evidence of a weighting effect; see factorial ablation for that comparison.",0.6666666617097249,0.6666666617097249,0.6769230718579883,0.6666666617097249,
mechshift_delprob0.03_924d81b7cd,1,fedpc_consensus,global_graph,true_dag,20,5000,5,0.5,0.2,2,mild,True,0.03,0.05,0.5,42,1405245430,"[1402706546, 4083621176, 4005218444, 3486129756, 616871624]",23.0,0.6666666617097249,0.8518518515363511,0.5476190474886621,24,0.7916666663368055,0.4523809522732426,0.5757575709550046,583.125,27.93611788749695,6.632257461547852,0.0036382675170898,5,"[0.2119211011434549, 0.22218556649217155, 0.2069338417376798, 0.19152652195244535, 0.16743296867424834]",,0.6666666617097249,0.6666666617097249,0.6769230718579883,0.6666666617097249,340.0
mechshift_delprob0.03_924d81b7cd,1,fedpc_oracle,global_graph,true_dag,20,5000,5,0.5,0.2,2,mild,True,0.03,0.05,0.5,42,1405245430,"[1402706546, 4083621176, 4005218444, 3486129756, 616871624]",23.0,0.6666666617097249,0.8518518515363511,0.5476190474886621,24,0.7916666663368055,0.4523809522732426,0.5757575709550046,583.125,27.93644380569458,6.632583379745483,0.0039641857147216,5,"[0.2160917412953291, 0.2048095513302338, 0.19141690549556498, 0.24281965045830253, 0.1448621514205696]","ablation only -- requires ground truth, not deployable",0.6666666617097249,0.6666666617097249,0.6769230718579883,0.6666666617097249,340.0
mechshift_delprob0.03_924d81b7cd,2,centralized,global_graph,true_dag,20,5000,5,0.5,0.2,2,mild,True,0.03,0.05,0.5,42,900887695,"[149232262, 536042979, 3367826029, 3829445878, 3015415612]",12.0,0.8235294065224914,0.8235294115224914,0.8235294115224914,27,0.8148148145130315,0.6470588233391004,0.7213114702391831,0.0,14.475775241851808,14.475775241851808,0.0,1,,,,,,,
mechshift_delprob0.03_924d81b7cd,2,local,mean_local_graph,true_dag,20,5000,5,0.5,0.2,2,mild,True,0.03,0.05,0.5,42,900887695,"[149232262, 536042979, 3367826029, 3829445878, 3015415612]",11.0,0.8256437366261948,0.8921720427049108,0.7705882350674741,0,0.0,0.0,0.6255831837769024,371.875,10.32316541671753,2.256535053253174,0.006782054901123,5,,,,,,,
mechshift_delprob0.03_924d81b7cd,2,naive,global_graph,true_dag,20,5000,5,0.5,0.2,2,mild,True,0.03,0.05,0.5,42,900887695,"[149232262, 536042979, 3367826029, 3829445878, 3015415612]",10.0,0.8437499947558594,0.8999999997,0.7941176468252595,0,0.0,0.0,0.0,371.875,10.316951513290403,2.25032114982605,0.000568151473999,5,"[0.2, 0.2, 0.2, 0.2, 0.2]","n_oriented=0 / Dir_F1=0 BY CONSTRUCTION (no Sepsets passed to orientation) -- definitional, not independent evidence of a weighting effect; see factorial ablation for that comparison.",0.8437499947558594,0.8437499947558594,0.813559316759552,0.8437499947558594,
mechshift_delprob0.03_924d81b7cd,2,fedpc_consensus,global_graph,true_dag,20,5000,5,0.5,0.2,2,mild,True,0.03,0.05,0.5,42,900887695,"[149232262, 536042979, 3367826029, 3829445878, 3015415612]",10.0,0.8437499947558594,0.8999999997,0.7941176468252595,23,0.7826086953119092,0.529411764550173,0.6315789423330257,371.875,10.320804119110107,2.254173755645752,0.0044207572937011,5,"[0.19297312254035762, 0.1934220795266822, 0.21132797338291226, 0.19803766680246104, 0.20423915774758702]",,0.8437499947558594,0.8437499947558594,0.813559316759552,0.8437499947558594,330.0
mechshift_delprob0.03_924d81b7cd,2,fedpc_oracle,global_graph,true_dag,20,5000,5,0.5,0.2,2,mild,True,0.03,0.05,0.5,42,900887695,"[149232262, 536042979, 3367826029, 3829445878, 3015415612]",10.0,0.8437499947558594,0.8999999997,0.7941176468252595,23,0.7826086953119092,0.529411764550173,0.6315789423330257,371.875,10.3202862739563,2.253655910491944,0.0039029121398925,5,"[0.1781376930838507, 0.20862759696716443, 0.20225766556445526, 0.19345988406826622, 0.2175171603162635]","ablation only -- requires ground truth, not deployable",0.8437499947558594,0.8437499947558594,0.813559316759552,0.8437499947558594,330.0
mechshift_delprob0.03_924d81b7cd,3,centralized,global_graph,true_dag,20,5000,5,0.5,0.2,2,mild,True,0.03,0.05,0.5,42,1873391540,"[4183070156, 722143945, 4066068790, 14179749, 4035893129]",31.0,0.5974025923494687,0.696969696758494,0.5227272726084711,29,0.4137931033055885,0.2727272726652892,0.3287671184087071,0.0,64.16307139396667,64.16307139396667,0.0,1,,,,,,,
mechshift_delprob0.03_924d81b7cd,3,local,mean_local_graph,true_dag,20,5000,5,0.5,0.2,2,mild,True,0.03,0.05,0.5,42,1873391540,"[4183070156, 722143945, 4066068790, 14179749, 4035893129]",29.4,0.5712136367393159,0.7997618320417753,0.4454545453533057,0,0.0,0.0,0.3196592641565069,563.75,19.594062089920044,4.34033727645874,0.0054914951324462,5,,,,,,,
mechshift_delprob0.03_924d81b7cd,3,naive,global_graph,true_dag,20,5000,5,0.5,0.2,2,mild,True,0.03,0.05,0.5,42,1873391540,"[4183070156, 722143945, 4066068790, 14179749, 4035893129]",28.0,0.5624999955273438,0.89999999955,0.4090909089979339,0,0.0,0.0,0.0,563.75,19.588907718658447,4.335182905197144,0.0003371238708496,5,"[0.2, 0.2, 0.2, 0.2, 0.2]","n_oriented=0 / Dir_F1=0 BY CONSTRUCTION (no Sepsets passed to orientation) -- definitional, not independent evidence of a weighting effect; see factorial ablation for that comparison.",0.5624999955273438,0.5624999955273438,0.5333333287111112,0.5624999955273438,
mechshift_delprob0.03_924d81b7cd,3,fedpc_consensus,global_graph,true_dag,20,5000,5,0.5,0.2,2,mild,True,0.03,0.05,0.5,42,1873391540,"[4183070156, 722143945, 4066068790, 14179749, 4035893129]",28.0,0.5624999955273438,0.89999999955,0.4090909089979339,17,0.7647058819031142,0.2954545453873967,0.4262295040365494,563.75,19.592002391815186,4.338277578353882,0.0034317970275878,5,"[0.19550778839259866, 0.176669781539543, 0.2151944796413504, 0.1705633558158687, 0.24206459461063914]",,0.5624999955273438,0.5624999955273438,0.5333333287111112,0.5624999955273438,346.0
mechshift_delprob0.03_924d81b7cd,3,fedpc_oracle,global_graph,true_dag,20,5000,5,0.5,0.2,2,mild,True,0.03,0.05,0.5,42,1873391540,"[4183070156, 722143945, 4066068790, 14179749, 4035893129]",28.0,0.5624999955273438,0.89999999955,0.4090909089979339,17,0.7647058819031142,0.2954545453873967,0.4262295040365494,563.75,19.59165596961975,4.337931156158447,0.0030853748321533,5,"[0.19995363205119482, 0.20837181883024852, 0.17679125979990598, 0.20299470847276418, 0.21188858084588652]","ablation only -- requires ground truth, not deployable",0.5624999955273438,0.5624999955273438,0.5333333287111112,0.5624999955273438,346.0
mechshift_delprob0.03_924d81b7cd,4,centralized,global_graph,true_dag,20,5000,5,0.5,0.2,2,mild,True,0.03,0.05,0.5,42,3245911811,"[3424352172, 1023375206, 358744952, 4046573427, 2012365566]",32.0,0.5555555505902778,0.6896551721759809,0.4651162789616008,22,0.4999999997727272,0.2558139534288804,0.3384615338792899,0.0,122.95260334014893,122.95260334014893,0.0,1,,,,,,,
mechshift_delprob0.03_924d81b7cd,4,local,mean_local_graph,true_dag,20,5000,5,0.5,0.2,2,mild,True,0.03,0.05,0.5,42,3245911811,"[3424352172, 1023375206, 358744952, 4046573427, 2012365566]",31.6,0.5261590103775394,0.738665641615073,0.4093023254862087,0,0.0,0.0,0.2169759878495107,713.75,36.49978256225586,9.087815761566162,0.004875898361206,5,,,,,,,
mechshift_delprob0.03_924d81b7cd,4,naive,global_graph,true_dag,20,5000,5,0.5,0.2,2,mild,True,0.03,0.05,0.5,42,3245911811,"[3424352172, 1023375206, 358744952, 4046573427, 2012365566]",29.0,0.5396825351776267,0.8499999995749999,0.3953488371173607,0,0.0,0.0,0.0,713.75,36.49531626701355,9.083349466323853,0.0004096031188964,5,"[0.2, 0.2, 0.2, 0.2, 0.2]","n_oriented=0 / Dir_F1=0 BY CONSTRUCTION (no Sepsets passed to orientation) -- definitional, not independent evidence of a weighting effect; see factorial ablation for that comparison.",0.5396825351776267,0.5396825351776267,0.5517241332223545,0.5396825351776267,
mechshift_delprob0.03_924d81b7cd,4,fedpc_consensus,global_graph,true_dag,20,5000,5,0.5,0.2,2,mild,True,0.03,0.05,0.5,42,3245911811,"[3424352172, 1023375206, 358744952, 4046573427, 2012365566]",29.0,0.5396825351776267,0.8499999995749999,0.3953488371173607,7,0.4285714279591837,0.0697674418442401,0.119999997544,713.75,36.49867033958435,9.086703538894652,0.0037636756896972,5,"[0.13931161778348344, 0.22671453642966438, 0.16973745940381416, 0.21584313219881138, 0.24839325418422667]",,0.5396825351776267,0.5396825351776267,0.5517241332223545,0.5396825351776267,348.0
mechshift_delprob0.03_924d81b7cd,4,fedpc_oracle,global_graph,true_dag,20,5000,5,0.5,0.2,2,mild,True,0.03,0.05,0.5,42,3245911811,"[3424352172, 1023375206, 358744952, 4046573427, 2012365566]",29.0,0.5396825351776267,0.8499999995749999,0.3953488371173607,7,0.4285714279591837,0.0697674418442401,0.119999997544,713.75,36.49781823158264,9.085851430892944,0.0029115676879882,5,"[0.1319960954329509, 0.16721830681084032, 0.27952503673735224, 0.20962489102092452, 0.2116356699979321]","ablation only -- requires ground truth, not deployable",0.5396825351776267,0.5396825351776267,0.5517241332223545,0.5396825351776267,350.0
mechshift_delprob0.03_924d81b7cd,5,centralized,global_graph,true_dag,20,5000,5,0.5,0.2,2,mild,True,0.03,0.05,0.5,42,1633942782,"[1955441869, 24941458, 2349371565, 3546263466, 2312520381]",22.0,0.6857142805224491,0.705882352733564,0.6666666664814814,30,0.5666666664777777,0.4722222220910493,0.515151510036731,0.0,49.70183253288269,49.70183253288269,0.0,1,,,,,,,
mechshift_delprob0.03_924d81b7cd,5,local,mean_local_graph,true_dag,20,5000,5,0.5,0.2,2,mild,True,0.03,0.05,0.5,42,1633942782,"[1955441869, 24941458, 2349371565, 3546263466, 2312520381]",19.8,0.6773169432164862,0.8193732190497134,0.577777777617284,0,0.0,0.0,0.4840257375023928,486.875,15.492274761199951,3.8418009281158447,0.0052838325500488,5,,,,,,,
mechshift_delprob0.03_924d81b7cd,5,naive,global_graph,true_dag,20,5000,5,0.5,0.2,2,mild,True,0.03,0.05,0.5,42,1633942782,"[1955441869, 24941458, 2349371565, 3546263466, 2312520381]",18.0,0.6896551674673009,0.909090908677686,0.5555555554012346,0,0.0,0.0,0.0,486.875,15.487306833267212,3.8368330001831055,0.0003159046173095,5,"[0.2, 0.2, 0.2, 0.2, 0.2]","n_oriented=0 / Dir_F1=0 BY CONSTRUCTION (no Sepsets passed to orientation) -- definitional, not independent evidence of a weighting effect; see factorial ablation for that comparison.",0.6896551674673009,0.6896551674673009,0.6666666615912209,0.6896551674673009,
mechshift_delprob0.03_924d81b7cd,5,fedpc_consensus,global_graph,true_dag,20,5000,5,0.5,0.2,2,mild,True,0.03,0.05,0.5,42,1633942782,"[1955441869, 24941458, 2349371565, 3546263466, 2312520381]",18.0,0.6896551674673009,0.909090908677686,0.5555555554012346,16,0.6874999995703125,0.305555555470679,0.4230769186538461,486.875,15.490311861038208,3.8398380279541016,0.0033209323883056,5,"[0.19055214589987154, 0.20362950812866468, 0.21252965287852035, 0.21040023263635496, 0.18288846045658855]",,0.6896551674673009,0.6896551674673009,0.6666666615912209,0.6896551674673009,344.0
mechshift_delprob0.03_924d81b7cd,5,fedpc_oracle,global_graph,true_dag,20,5000,5,0.5,0.2,2,mild,True,0.03,0.05,0.5,42,1633942782,"[1955441869, 24941458, 2349371565, 3546263466, 2312520381]",18.0,0.6896551674673009,0.909090908677686,0.5555555554012346,16,0.6874999995703125,0.305555555470679,0.4230769186538461,486.875,15.489222288131714,3.838748455047608,0.0022313594818115,5,"[0.1935274844228768, 0.21239751133487514, 0.21930429831783702, 0.18124322150153416, 0.1935274844228768]","ablation only -- requires ground truth, not deployable",0.6896551674673009,0.6896551674673009,0.6666666615912209,0.6896551674673009,344.0
mechshift_delprob0.03_924d81b7cd,6,centralized,global_graph,true_dag,20,5000,5,0.5,0.2,2,mild,True,0.03,0.05,0.5,42,3557497960,"[574020672, 2111944437, 3922801788, 1893165994, 1198634850]",32.0,0.5151515101606979,0.6296296293964334,0.4358974357856673,22,0.5909090906404958,0.3333333332478632,0.4262295034453103,0.0,111.03976798057556,111.03976798057556,0.0,1,,,,,,,
mechshift_delprob0.03_924d81b7cd,6,local,mean_local_graph,true_dag,20,5000,5,0.5,0.2,2,mild,True,0.03,0.05,0.5,42,3557497960,"[574020672, 2111944437, 3922801788, 1893165994, 1198634850]",26.8,0.5761671970707924,0.7543478257733042,0.4666666665470085,0,0.0,0.0,0.3663864027751712,684.375,32.66327166557312,7.540870428085327,0.0047142505645751,5,,,,,,,
mechshift_delprob0.03_924d81b7cd,6,naive,global_graph,true_dag,20,5000,5,0.5,0.2,2,mild,True,0.03,0.05,0.5,42,3557497960,"[574020672, 2111944437, 3922801788, 1893165994, 1198634850]",22.0,0.6333333285722222,0.9047619043310656,0.4871794870545693,0,0.0,0.0,0.0,684.375,32.6590142250061,7.5366129875183105,0.0004568099975585,5,"[0.2, 0.2, 0.2, 0.2, 0.2]","n_oriented=0 / Dir_F1=0 BY CONSTRUCTION (no Sepsets passed to orientation) -- definitional, not independent evidence of a weighting effect; see factorial ablation for that comparison.",0.6333333285722222,0.6333333285722222,0.6071428522385205,0.6333333285722222,
mechshift_delprob0.03_924d81b7cd,6,fedpc_consensus,global_graph,true_dag,20,5000,5,0.5,0.2,2,mild,True,0.03,0.05,0.5,42,3557497960,"[574020672, 2111944437, 3922801788, 1893165994, 1198634850]",22.0,0.6333333285722222,0.9047619043310656,0.4871794870545693,16,0.6874999995703125,0.2820512819789612,0.3999999957289256,684.375,32.66199207305908,7.539590835571289,0.0034346580505371,5,"[0.1958298887350688, 0.18210732520253056, 0.2073173543176157, 0.2159902636280611, 0.19875516811672372]",,0.6333333285722222,0.6333333285722222,0.6071428522385205,0.6333333285722222,346.0
mechshift_delprob0.03_924d81b7cd,6,fedpc_oracle,global_graph,true_dag,20,5000,5,0.5,0.2,2,mild,True,0.03,0.05,0.5,42,3557497960,"[574020672, 2111944437, 3922801788, 1893165994, 1198634850]",22.0,0.6333333285722222,0.9047619043310656,0.4871794870545693,16,0.6874999995703125,0.2820512819789612,0.3999999957289256,684.375,32.661643981933594,7.539242744445801,0.0030865669250488,5,"[0.1784553542132915, 0.22531819709095627, 0.21822200787893314, 0.21822200787893314, 0.15978243293788594]","ablation only -- requires ground truth, not deployable",0.6333333285722222,0.6333333285722222,0.6071428522385205,0.6333333285722222,346.0
mechshift_delprob0.03_924d81b7cd,7,centralized,global_graph,true_dag,20,5000,5,0.5,0.2,2,mild,True,0.03,0.05,0.5,42,2079841472,"[2903597826, 2080221967, 1308955721, 2269104035, 211441429]",18.0,0.7272727220523416,0.7272727270523416,0.7272727270523416,33,0.6060606058769513,0.6060606058769513,0.6060606008769515,0.0,41.27503943443298,41.27503943443298,0.0,1,,,,,,,
mechshift_delprob0.03_924d81b7cd,7,local,mean_local_graph,true_dag,20,5000,5,0.5,0.2,2,mild,True,0.03,0.05,0.5,42,2079841472,"[2903597826, 2080221967, 1308955721, 2269104035, 211441429]",11.6,0.8060613744620058,0.8966995070556075,0.7333333331111112,0,0.0,0.0,0.675132386974086,430.625,13.521843671798706,3.8988022804260254,0.0051870346069335,5,,,,,,,
mechshift_delprob0.03_924d81b7cd,7,naive,global_graph,true_dag,20,5000,5,0.5,0.2,2,mild,True,0.03,0.05,0.5,42,2079841472,"[2903597826, 2080221967, 1308955721, 2269104035, 211441429]",9.0,0.8474576219017523,0.9615384611686392,0.7575757573461891,0,0.0,0.0,0.0,430.625,13.51714015007019,3.8940987586975098,0.0004835128784179,5,"[0.2, 0.2, 0.2, 0.2, 0.2]","n_oriented=0 / Dir_F1=0 BY CONSTRUCTION (no Sepsets passed to orientation) -- definitional, not independent evidence of a weighting effect; see factorial ablation for that comparison.",0.8474576219017523,0.8474576219017523,0.7777777724965707,0.8474576219017523,
mechshift_delprob0.03_924d81b7cd,7,fedpc_consensus,global_graph,true_dag,20,5000,5,0.5,0.2,2,mild,True,0.03,0.05,0.5,42,2079841472,"[2903597826, 2080221967, 1308955721, 2269104035, 211441429]",9.0,0.8474576219017523,0.9615384611686392,0.7575757573461891,23,0.913043477863894,0.6363636361707988,0.7499999948915818,430.625,13.51955246925354,3.8965110778808594,0.0028958320617675,5,"[0.22872159670944536, 0.1984876584284171, 0.21669655134380594, 0.15542603627607507, 0.2006681572422565]",,0.8474576219017523,0.8474576219017523,0.7777777724965707,0.8474576219017523,338.0
mechshift_delprob0.03_924d81b7cd,7,fedpc_oracle,global_graph,true_dag,20,5000,5,0.5,0.2,2,mild,True,0.03,0.05,0.5,42,2079841472,"[2903597826, 2080221967, 1308955721, 2269104035, 211441429]",9.0,0.8474576219017523,0.9615384611686392,0.7575757573461891,23,0.913043477863894,0.6363636361707988,0.7499999948915818,430.625,13.52021598815918,3.897174596786499,0.0035593509674072,5,"[0.19990100347147574, 0.2065088571656098, 0.17689180362493387, 0.22335998001442675, 0.19333835572355385]","ablation only -- requires ground truth, not deployable",0.8474576219017523,0.8474576219017523,0.7777777724965707,0.8474576219017523,338.0
mechshift_delprob0.03_924d81b7cd,8,centralized,global_graph,true_dag,20,5000,5,0.5,0.2,2,mild,True,0.03,0.05,0.5,42,2145402204,"[2311575564, 2047521330, 341093290, 935965799, 1728553096]",20.0,0.6874999947900392,0.7096774191259105,0.6666666664646465,30,0.4333333331888889,0.3939393938200183,0.4126984075787351,0.0,36.73760652542114,36.73760652542114,0.0,1,,,,,,,
mechshift_delprob0.03_924d81b7cd,8,local,mean_local_graph,true_dag,20,5000,5,0.5,0.2,2,mild,True,0.03,0.05,0.5,42,2145402204,"[2311575564, 2047521330, 341093290, 935965799, 1728553096]",18.2,0.6848359304129497,0.7995287993785021,0.5999999998181818,0,0.0,0.0,0.474545449647845,335.625,13.64733910560608,3.334045886993408,0.0067050457000732,5,,,,,,,
mechshift_delprob0.03_924d81b7cd,8,naive,global_graph,true_dag,20,5000,5,0.5,0.2,2,mild,True,0.03,0.05,0.5,42,2145402204,"[2311575564, 2047521330, 341093290, 935965799, 1728553096]",15.0,0.7368421001292704,0.8749999996354166,0.6363636361707988,0,0.0,0.0,0.0,335.625,13.641112327575684,3.3278191089630127,0.0004782676696777,5,"[0.2, 0.2, 0.2, 0.2, 0.2]","n_oriented=0 / Dir_F1=0 BY CONSTRUCTION (no Sepsets passed to orientation) -- definitional, not independent evidence of a weighting effect; see factorial ablation for that comparison.",0.7368421001292704,0.7368421001292704,0.6923076870710059,0.7368421001292704,
mechshift_delprob0.03_924d81b7cd,8,fedpc_consensus,global_graph,true_dag,20,5000,5,0.5,0.2,2,mild,True,0.03,0.05,0.5,42,2145402204,"[2311575564, 2047521330, 341093290, 935965799, 1728553096]",15.0,0.7368421001292704,0.8749999996354166,0.6363636361707988,21,0.6190476187528344,0.3939393938200183,0.4814814765500686,335.625,13.64467477798462,3.331381559371948,0.0040407180786132,5,"[0.18589694761474668, 0.1817107286963439, 0.2211005040989777, 0.1888162026959485, 0.22247561689398332]",,0.7368421001292704,0.7368421001292704,0.6923076870710059,0.7368421001292704,340.0
mechshift_delprob0.03_924d81b7cd,8,fedpc_oracle,global_graph,true_dag,20,5000,5,0.5,0.2,2,mild,True,0.03,0.05,0.5,42,2145402204,"[2311575564, 2047521330, 341093290, 935965799, 1728553096]",15.0,0.7368421001292704,0.8749999996354166,0.6363636361707988,21,0.6190476187528344,0.3939393938200183,0.4814814765500686,335.625,13.64478063583374,3.3314874172210693,0.0041465759277343,5,"[0.18289965411660705, 0.21592167276218086, 0.19619720563374005, 0.208784261853732, 0.19619720563374005]","ablation only -- requires ground truth, not deployable",0.7368421001292704,0.7368421001292704,0.6923076870710059,0.7368421001292704,340.0
mechshift_delprob0.03_924d81b7cd,9,centralized,global_graph,true_dag,20,5000,5,0.5,0.2,2,mild,True,0.03,0.05,0.5,42,1414768942,"[1190142511, 3575098081, 4265418137, 4073802, 1321275074]",14.0,0.7878787826400367,0.7878787876400367,0.7878787876400367,31,0.6774193546201873,0.6363636361707988,0.6562499947998047,0.0,76.22580289840698,76.22580289840698,0.0,1,,,,,,,
mechshift_delprob0.03_924d81b7cd,9,local,mean_local_graph,true_dag,20,5000,5,0.5,0.2,2,mild,True,0.03,0.05,0.5,42,1414768942,"[1190142511, 3575098081, 4265418137, 4073802, 1321275074]",12.8,0.7774159924611462,0.910813823486076,0.6787878785821855,0,0.0,0.0,0.571388065494858,506.875,17.29938244819641,4.004425287246704,0.0049571990966796,5,,,,,,,
mechshift_delprob0.03_924d81b7cd,9,naive,global_graph,true_dag,20,5000,5,0.5,0.2,2,mild,True,0.03,0.05,0.5,42,1414768942,"[1190142511, 3575098081, 4265418137, 4073802, 1321275074]",10.0,0.8214285662946428,0.9999999995652172,0.696969696758494,0,0.0,0.0,0.0,506.875,17.294763326644897,3.9998061656951904,0.000338077545166,5,"[0.2, 0.2, 0.2, 0.2, 0.2]","n_oriented=0 / Dir_F1=0 BY CONSTRUCTION (no Sepsets passed to orientation) -- definitional, not independent evidence of a weighting effect; see factorial ablation for that comparison.",0.8214285662946428,0.8214285662946428,0.7450980339715495,0.8214285662946428,
mechshift_delprob0.03_924d81b7cd,9,fedpc_consensus,global_graph,true_dag,20,5000,5,0.5,0.2,2,mild,True,0.03,0.05,0.5,42,1414768942,"[1190142511, 3575098081, 4265418137, 4073802, 1321275074]",10.0,0.8214285662946428,0.9999999995652172,0.696969696758494,16,0.9374999994140624,0.4545454544077135,0.6122448933111204,506.875,17.297817707061768,4.0028605461120605,0.0033924579620361,5,"[0.17793765436467915, 0.20597832006648162, 0.1906579629112982, 0.21493281891006605, 0.21049324374747505]",,0.8214285662946428,0.8214285662946428,0.7450980339715495,0.8214285662946428,338.0
mechshift_delprob0.03_924d81b7cd,9,fedpc_oracle,global_graph,true_dag,20,5000,5,0.5,0.2,2,mild,True,0.03,0.05,0.5,42,1414768942,"[1190142511, 3575098081, 4265418137, 4073802, 1321275074]",10.0,0.8214285662946428,0.9999999995652172,0.696969696758494,16,0.9374999994140624,0.4545454544077135,0.6122448933111204,506.875,17.29859948158264,4.003642320632935,0.0041742324829101,5,"[0.21887515501035407, 0.19704873746630458, 0.1860118198149005, 0.19704873746630458, 0.20101555024213622]","ablation only -- requires ground truth, not deployable",0.8214285662946428,0.8214285662946428,0.7450980339715495,0.8214285662946428,338.0
mechshift_delprob0.03_924d81b7cd,10,centralized,global_graph,true_dag,20,5000,5,0.5,0.2,2,mild,True,0.03,0.05,0.5,42,3812718172,"[879389325, 422745548, 812865379, 4219642250, 856153197]",22.0,0.6944444392554012,0.6756756754930606,0.7142857140816327,31,0.5161290320915712,0.4571428570122449,0.4848484797199265,0.0,46.824851989746094,46.824851989746094,0.0,1,,,,,,,
mechshift_delprob0.03_924d81b7cd,10,local,mean_local_graph,true_dag,20,5000,5,0.5,0.2,2,mild,True,0.03,0.05,0.5,42,3812718172,"[879389325, 422745548, 812865379, 4219642250, 856153197]",18.0,0.7051719061229164,0.8289898270543798,0.6171428569665306,0,0.0,0.0,0.3936520536615856,501.875,13.71127438545227,3.239072561264038,0.0066511631011962,5,,,,,,,
mechshift_delprob0.03_924d81b7cd,10,naive,global_graph,true_dag,20,5000,5,0.5,0.2,2,mild,True,0.03,0.05,0.5,42,3812718172,"[879389325, 422745548, 812865379, 4219642250, 856153197]",16.0,0.724137925998811,0.913043477863894,0.5999999998285714,0,0.0,0.0,0.0,501.875,13.705146074295044,3.2329442501068115,0.0005228519439697,5,"[0.2, 0.2, 0.2, 0.2, 0.2]","n_oriented=0 / Dir_F1=0 BY CONSTRUCTION (no Sepsets passed to orientation) -- definitional, not independent evidence of a weighting effect; see factorial ablation for that comparison.",0.724137925998811,0.724137925998811,0.7169811268921323,0.724137925998811,
mechshift_delprob0.03_924d81b7cd,10,fedpc_consensus,global_graph,true_dag,20,5000,5,0.5,0.2,2,mild,True,0.03,0.05,0.5,42,3812718172,"[879389325, 422745548, 812865379, 4219642250, 856153197]",16.0,0.724137925998811,0.913043477863894,0.5999999998285714,17,0.8235294112802768,0.3999999998857143,0.5384615338535503,501.875,13.708104848861694,3.235903024673462,0.0034816265106201,5,"[0.21633123744367727, 0.16538914615274594, 0.2145638216969367, 0.20699400734922635, 0.19672178735741364]",,0.724137925998811,0.724137925998811,0.7169811268921323,0.724137925998811,344.0
mechshift_delprob0.03_924d81b7cd,10,fedpc_oracle,global_graph,true_dag,20,5000,5,0.5,0.2,2,mild,True,0.03,0.05,0.5,42,3812718172,"[879389325, 422745548, 812865379, 4219642250, 856153197]",16.0,0.724137925998811,0.913043477863894,0.5999999998285714,17,0.8235294112802768,0.3999999998857143,0.5384615338535503,501.875,13.708346843719482,3.23614501953125,0.0037236213684082,5,"[0.18447169274543943, 0.19495822666389792, 0.22822844300704861, 0.17837387845634858, 0.21396775912726546]","ablation only -- requires ground truth, not deployable",0.724137925998811,0.724137925998811,0.7169811268921323,0.724137925998811,344.0
mechshift_delprob0.03_924d81b7cd,11,centralized,global_graph,true_dag,20,5000,5,0.5,0.2,2,mild,True,0.03,0.05,0.5,42,768852238,"[3302335885, 2893145210, 4264933151, 590428212, 603166391]",9.0,0.857142851872008,0.8709677416545265,0.8437499997363281,26,0.8461538458284024,0.6874999997851562,0.7586206844470869,0.0,20.30013084411621,20.30013084411621,0.0,1,,,,,,,
mechshift_delprob0.03_924d81b7cd,11,local,mean_local_graph,true_dag,20,5000,5,0.5,0.2,2,mild,True,0.03,0.05,0.5,42,768852238,"[3302335885, 2893145210, 4264933151, 590428212, 603166391]",9.0,0.8422480036275001,0.962085469698572,0.749999999765625,0,0.0,0.0,0.6683550049829181,370.0,11.060973644256592,2.575183153152466,0.0044736862182617,5,,,,,,,
mechshift_delprob0.03_924d81b7cd,11,naive,global_graph,true_dag,20,5000,5,0.5,0.2,2,mild,True,0.03,0.05,0.5,42,768852238,"[3302335885, 2893145210, 4264933151, 590428212, 603166391]",7.0,0.8771929772237613,0.9999999996,0.7812499997558594,0,0.0,0.0,0.0,370.0,11.056947708129885,2.571157217025757,0.0004477500915527,5,"[0.2, 0.2, 0.2, 0.2, 0.2]","n_oriented=0 / Dir_F1=0 BY CONSTRUCTION (no Sepsets passed to orientation) -- definitional, not independent evidence of a weighting effect; see factorial ablation for that comparison.",0.8771929772237613,0.8771929772237613,0.8461538408357988,0.8771929772237613,
mechshift_delprob0.03_924d81b7cd,11,fedpc_consensus,global_graph,true_dag,20,5000,5,0.5,0.2,2,mild,True,0.03,0.05,0.5,42,768852238,"[3302335885, 2893145210, 4264933151, 590428212, 603166391]",7.0,0.8771929772237613,0.9999999996,0.7812499997558594,21,0.9047619043310656,0.5937499998144531,0.7169811270202919,370.0,11.059346437454224,2.5735559463500977,0.0028464794158935,5,"[0.160798486125892, 0.20832219582304912, 0.21693367854324264, 0.1915148398194211, 0.22243079968839521]",,0.8771929772237613,0.8771929772237613,0.8461538408357988,0.8771929772237613,336.0
mechshift_delprob0.03_924d81b7cd,11,fedpc_oracle,global_graph,true_dag,20,5000,5,0.5,0.2,2,mild,True,0.03,0.05,0.5,42,768852238,"[3302335885, 2893145210, 4264933151, 590428212, 603166391]",7.0,0.8771929772237613,0.9999999996,0.7812499997558594,21,0.9047619043310656,0.5937499998144531,0.7169811270202919,370.0,11.059993028640749,2.574202537536621,0.0034930706024169,5,"[0.18652979439961126, 0.1998492504213958, 0.2094371801463799, 0.1971333238895768, 0.20705045114303622]","ablation only -- requires ground truth, not deployable",0.8771929772237613,0.8771929772237613,0.8461538408357988,0.8771929772237613,336.0
mechshift_delprob0.03_924d81b7cd,12,centralized,global_graph,true_dag,20,5000,5,0.5,0.2,2,mild,True,0.03,0.05,0.5,42,1457339577,"[2907047140, 2497304442, 3840010593, 2477905568, 2720414072]",23.0,0.646153840956213,0.6562499997949218,0.6363636361707988,29,0.6206896549583829,0.5454545452892562,0.5806451561238295,0.0,62.53411769866944,62.53411769866944,0.0,1,,,,,,,
mechshift_delprob0.03_924d81b7cd,12,local,mean_local_graph,true_dag,20,5000,5,0.5,0.2,2,mild,True,0.03,0.05,0.5,42,1457339577,"[2907047140, 2497304442, 3840010593, 2477905568, 2720414072]",19.2,0.6642467456061396,0.7859186172884394,0.5757575755831038,0,0.0,0.0,0.4647342948313078,513.125,16.376858234405518,3.925419569015503,0.0056791305541992,5,,,,,,,
mechshift_delprob0.03_924d81b7cd,12,naive,global_graph,true_dag,20,5000,5,0.5,0.2,2,mild,True,0.03,0.05,0.5,42,1457339577,"[2907047140, 2497304442, 3840010593, 2477905568, 2720414072]",20.0,0.6296296246433472,0.809523809138322,0.5151515149954086,0,0.0,0.0,0.0,513.125,16.37159013748169,3.920151472091675,0.000411033630371,5,"[0.2, 0.2, 0.2, 0.2, 0.2]","n_oriented=0 / Dir_F1=0 BY CONSTRUCTION (no Sepsets passed to orientation) -- definitional, not independent evidence of a weighting effect; see factorial ablation for that comparison.",0.6296296246433472,0.6296296246433472,0.5714285662973763,0.6296296246433472,
mechshift_delprob0.03_924d81b7cd,12,fedpc_consensus,global_graph,true_dag,20,5000,5,0.5,0.2,2,mild,True,0.03,0.05,0.5,42,1457339577,"[2907047140, 2497304442, 3840010593, 2477905568, 2720414072]",20.0,0.6296296246433472,0.809523809138322,0.5151515149954086,12,0.749999999375,0.2727272726446281,0.3999999959111111,513.125,16.375601768493652,3.9241631031036377,0.0044226646423339,5,"[0.19179949438429272, 0.21969388047048882, 0.200887026255875, 0.1992479308660118, 0.18837166802333158]",,0.6296296246433472,0.6296296246433472,0.5714285662973763,0.6296296246433472,344.0
mechshift_delprob0.03_924d81b7cd,12,fedpc_oracle,global_graph,true_dag,20,5000,5,0.5,0.2,2,mild,True,0.03,0.05,0.5,42,1457339577,"[2907047140, 2497304442, 3840010593, 2477905568, 2720414072]",20.0,0.6296296246433472,0.809523809138322,0.5151515149954086,12,0.749999999375,0.2727272726446281,0.3999999959111111,513.125,16.375690698623657,3.9242520332336426,0.0045115947723388,5,"[0.2009097281221525, 0.23063616773162446, 0.1666346307875408, 0.19404152986041504, 0.20777794349826717]","ablation only -- requires ground truth, not deployable",0.6296296246433472,0.6296296246433472,0.5714285662973763,0.6296296246433472,344.0
mechshift_delprob0.03_924d81b7cd,13,centralized,global_graph,true_dag,20,5000,5,0.5,0.2,2,mild,True,0.03,0.05,0.5,42,3706027083,"[2472507425, 207740285, 54589523, 3972140889, 1158474581]",29.0,0.6027397208857197,0.6470588233391004,0.5641025639579224,29,0.4482758619143876,0.3333333332478632,0.3823529361721454,0.0,61.22264575958252,61.22264575958252,0.0,1,,,,,,,
mechshift_delprob0.03_924d81b7cd,13,local,mean_local_graph,true_dag,20,5000,5,0.5,0.2,2,mild,True,0.03,0.05,0.5,42,3706027083,"[2472507425, 207740285, 54589523, 3972140889, 1158474581]",23.4,0.6164819103602462,0.8561688307780336,0.4820512819276791,0,0.0,0.0,0.3590638246161406,556.875,19.053449630737305,4.42865252494812,0.005195140838623,5,,,,,,,
mechshift_delprob0.03_924d81b7cd,13,naive,global_graph,true_dag,20,5000,5,0.5,0.2,2,mild,True,0.03,0.05,0.5,42,3706027083,"[2472507425, 207740285, 54589523, 3972140889, 1158474581]",20.0,0.6666666618944445,0.9523809519274375,0.5128205126890204,0,0.0,0.0,0.0,556.875,19.04873013496399,4.423933029174805,0.0004756450653076,5,"[0.2, 0.2, 0.2, 0.2, 0.2]","n_oriented=0 / Dir_F1=0 BY CONSTRUCTION (no Sepsets passed to orientation) -- definitional, not independent evidence of a weighting effect; see factorial ablation for that comparison.",0.6666666618944445,0.6666666618944445,0.6545454495867769,0.6666666618944445,
mechshift_delprob0.03_924d81b7cd,13,fedpc_consensus,global_graph,true_dag,20,5000,5,0.5,0.2,2,mild,True,0.03,0.05,0.5,42,3706027083,"[2472507425, 207740285, 54589523, 3972140889, 1158474581]",20.0,0.6666666618944445,0.9523809519274375,0.5128205126890204,11,0.6363636357851239,0.1794871794411571,0.279999996456,556.875,19.05155849456787,4.426761388778687,0.0033040046691894,5,"[0.1822026040471281, 0.23398998845881444, 0.15874500588072732, 0.22302396287172466, 0.2020384387416055]",,0.6666666618944445,0.6666666618944445,0.6545454495867769,0.6666666618944445,346.0
mechshift_delprob0.03_924d81b7cd,13,fedpc_oracle,global_graph,true_dag,20,5000,5,0.5,0.2,2,mild,True,0.03,0.05,0.5,42,3706027083,"[2472507425, 207740285, 54589523, 3972140889, 1158474581]",20.0,0.6666666618944445,0.9523809519274375,0.5128205126890204,11,0.6363636357851239,0.1794871794411571,0.279999996456,556.875,19.05133032798767,4.426533222198486,0.0030758380889892,5,"[0.19116042461283486, 0.22592911727818815, 0.18915350500288827, 0.1830025847093283, 0.21075436839676043]","ablation only -- requires ground truth, not deployable",0.6666666618944445,0.6666666618944445,0.6545454495867769,0.6666666618944445,346.0
mechshift_delprob0.03_924d81b7cd,14,centralized,global_graph,true_dag,20,5000,5,0.5,0.2,2,mild,True,0.03,0.05,0.5,42,41230783,"[3738879739, 3481031619, 685941444, 1469252581, 3221227916]",38.0,0.5476190426275511,0.657142856955102,0.4693877550062474,33,0.4242424241138659,0.2857142856559767,0.3414634097412255,0.0,129.20002222061157,129.20002222061157,0.0,1,,,,,,,
mechshift_delprob0.03_924d81b7cd,14,local,mean_local_graph,true_dag,20,5000,5,0.5,0.2,2,mild,True,0.03,0.05,0.5,42,41230783,"[3738879739, 3481031619, 685941444, 1469252581, 3221227916]",37.8,0.4670686866132668,0.7538001125868949,0.3387755101349438,0,0.0,0.0,0.2698200311383763,681.25,27.865471363067627,6.409026861190796,0.0040888786315917,5,,,,,,,
mechshift_delprob0.03_924d81b7cd,14,naive,global_graph,true_dag,20,5000,5,0.5,0.2,2,mild,True,0.03,0.05,0.5,42,41230783,"[3738879739, 3481031619, 685941444, 1469252581, 3221227916]",37.0,0.4307692269254438,0.874999999453125,0.2857142856559767,0,0.0,0.0,0.0,681.25,27.86169195175171,6.405247449874878,0.0003094673156738,5,"[0.2, 0.2, 0.2, 0.2, 0.2]","n_oriented=0 / Dir_F1=0 BY CONSTRUCTION (no Sepsets passed to orientation) -- definitional, not independent evidence of a weighting effect; see factorial ablation for that comparison.",0.4307692269254438,0.4307692269254438,0.4666666626,0.4307692269254438,
mechshift_delprob0.03_924d81b7cd,14,fedpc_consensus,global_graph,true_dag,20,5000,5,0.5,0.2,2,mild,True,0.03,0.05,0.5,42,41230783,"[3738879739, 3481031619, 685941444, 1469252581, 3221227916]",37.0,0.4307692269254438,0.874999999453125,0.2857142856559767,9,0.7777777769135802,0.1428571428279883,0.2413793076397146,681.25,27.864959716796875,6.408515214920044,0.0035772323608398,5,"[0.19711244287600782, 0.1845262096504812, 0.22265641942646827, 0.20811677839703735, 0.18758814965000542]",,0.4307692269254438,0.4307692269254438,0.4666666626,0.4307692269254438,354.0
mechshift_delprob0.03_924d81b7cd,14,fedpc_oracle,global_graph,true_dag,20,5000,5,0.5,0.2,2,mild,True,0.03,0.05,0.5,42,41230783,"[3738879739, 3481031619, 685941444, 1469252581, 3221227916]",37.0,0.4307692269254438,0.874999999453125,0.2857142856559767,9,0.7777777769135802,0.1428571428279883,0.2413793076397146,681.25,27.86542654037476,6.408982038497925,0.0040440559387207,5,"[0.20809630021901057, 0.12884623569919315, 0.2206899231920604, 0.2400115515315967, 0.2023559893581392]","ablation only -- requires ground truth, not deployable",0.4307692269254438,0.4307692269254438,0.4666666626,0.4307692269254438,354.0
mechshift_delprob0.07_cd3086fda7,0,centralized,global_graph,true_dag,20,5000,5,0.5,0.2,2,mild,True,0.07,0.05,0.5,42,3418248737,"[911849076, 1863754994, 3306440639, 4268272978, 163392572]",9.0,0.8799999947733333,0.916666666412037,0.8461538459368836,31,0.7096774191259105,0.5641025639579224,0.6285714234571429,0.0,62.124661684036255,62.124661684036255,0.0,1,,,,,,,
mechshift_delprob0.07_cd3086fda7,0,local,mean_local_graph,true_dag,20,5000,5,0.5,0.2,2,mild,True,0.07,0.05,0.5,42,3418248737,"[911849076, 1863754994, 3306440639, 4268272978, 163392572]",18.0,0.7282629585324625,0.883707240072695,0.6205128203537147,0,0.0,0.0,0.5463247814824244,561.875,21.549090147018436,4.852887868881226,0.0057477951049804,5,,,,,,,
mechshift_delprob0.07_cd3086fda7,0,naive,global_graph,true_dag,20,5000,5,0.5,0.2,2,mild,True,0.07,0.05,0.5,42,3418248737,"[911849076, 1863754994, 3306440639, 4268272978, 163392572]",13.0,0.8059701441479172,0.9642857139413265,0.6923076921301775,0,0.0,0.0,0.0,561.875,21.543827772140503,4.847625494003296,0.0004854202270507,5,"[0.2, 0.2, 0.2, 0.2, 0.2]","n_oriented=0 / Dir_F1=0 BY CONSTRUCTION (no Sepsets passed to orientation) -- definitional, not independent evidence of a weighting effect; see factorial ablation for that comparison.",0.8059701441479172,0.8059701441479172,0.6779660964780236,0.8059701441479172,
mechshift_delprob0.07_cd3086fda7,0,fedpc_consensus,global_graph,true_dag,20,5000,5,0.5,0.2,2,mild,True,0.07,0.05,0.5,42,3418248737,"[911849076, 1863754994, 3306440639, 4268272978, 163392572]",13.0,0.8059701441479172,0.9642857139413265,0.6923076921301775,26,0.8076923073816568,0.5384615383234714,0.6461538411550296,561.875,21.547159910202023,4.850957632064819,0.0038175582885742,5,"[0.2277594425279934, 0.15010433768793655, 0.20221280892289756, 0.2107621909906056, 0.20916121987056688]",,0.8059701441479172,0.8059701441479172,0.6779660964780236,0.8059701441479172,340.0
mechshift_delprob0.07_cd3086fda7,0,fedpc_oracle,global_graph,true_dag,20,5000,5,0.5,0.2,2,mild,True,0.07,0.05,0.5,42,3418248737,"[911849076, 1863754994, 3306440639, 4268272978, 163392572]",13.0,0.8059701441479172,0.9642857139413265,0.6923076921301775,26,0.8076923073816568,0.5384615383234714,0.6461538411550296,561.875,21.546932458877563,4.8507301807403564,0.0035901069641113,5,"[0.18854144690696364, 0.1944793978094543, 0.18287135283373748, 0.2305723490656223, 0.20353545338422213]","ablation only -- requires ground truth, not deployable",0.8059701441479172,0.8059701441479172,0.6779660964780236,0.8059701441479172,340.0
mechshift_delprob0.07_cd3086fda7,1,centralized,global_graph,true_dag,20,5000,5,0.5,0.2,2,mild,True,0.07,0.05,0.5,42,1405245430,"[1402706546, 4083621176, 4005218444, 3486129756, 616871624]",25.0,0.6666666615608889,0.7575757573461891,0.5952380950963718,27,0.5925925923731138,0.380952380861678,0.4637681110438983,0.0,82.49621772766113,82.49621772766113,0.0,1,,,,,,,
mechshift_delprob0.07_cd3086fda7,1,local,mean_local_graph,true_dag,20,5000,5,0.5,0.2,2,mild,True,0.07,0.05,0.5,42,1405245430,"[1402706546, 4083621176, 4005218444, 3486129756, 616871624]",26.0,0.5995224936175318,0.8564646094131941,0.4666666665555555,0,0.0,0.0,0.3750207541813676,574.375,23.885737895965576,5.212378263473511,0.0057690143585205,5,,,,,,,
mechshift_delprob0.07_cd3086fda7,1,naive,global_graph,true_dag,20,5000,5,0.5,0.2,2,mild,True,0.07,0.05,0.5,42,1405245430,"[1402706546, 4083621176, 4005218444, 3486129756, 616871624]",22.0,0.6451612857440167,0.9999999995,0.4761904760770974,0,0.0,0.0,0.0,574.375,23.88039469718933,5.207035064697266,0.0004258155822753,5,"[0.2, 0.2, 0.2, 0.2, 0.2]","n_oriented=0 / Dir_F1=0 BY CONSTRUCTION (no Sepsets passed to orientation) -- definitional, not independent evidence of a weighting effect; see factorial ablation for that comparison.",0.6451612857440167,0.6451612857440167,0.6923076873076924,0.6451612857440167,
mechshift_delprob0.07_cd3086fda7,1,fedpc_consensus,global_graph,true_dag,20,5000,5,0.5,0.2,2,mild,True,0.07,0.05,0.5,42,1405245430,"[1402706546, 4083621176, 4005218444, 3486129756, 616871624]",22.0,0.6451612857440167,0.9999999995,0.4761904760770974,12,0.666666666111111,0.190476190430839,0.2962962927297668,574.375,23.884116411209103,5.210756778717041,0.0041475296020507,5,"[0.2001270823684307, 0.17945457339567952, 0.22508982839379943, 0.19150798120115256, 0.20382053464093774]",,0.6451612857440167,0.6451612857440167,0.6923076873076924,0.6451612857440167,352.0
mechshift_delprob0.07_cd3086fda7,1,fedpc_oracle,global_graph,true_dag,20,5000,5,0.5,0.2,2,mild,True,0.07,0.05,0.5,42,1405245430,"[1402706546, 4083621176, 4005218444, 3486129756, 616871624]",22.0,0.6451612857440167,0.9999999995,0.4761904760770974,12,0.666666666111111,0.190476190430839,0.2962962927297668,574.375,23.884316205978397,5.210956573486328,0.0043473243713378,5,"[0.17813215300349325, 0.1973763469810757, 0.19935504517892572, 0.25309904560593827, 0.17203740923056712]","ablation only -- requires ground truth, not deployable",0.6451612857440167,0.6451612857440167,0.6923076873076924,0.6451612857440167,352.0
mechshift_delprob0.07_cd3086fda7,2,centralized,global_graph,true_dag,20,5000,5,0.5,0.2,2,mild,True,0.07,0.05,0.5,42,900887695,"[149232262, 536042979, 3367826029, 3829445878, 3015415612]",7.0,0.8985507193782819,0.8857142854612244,0.9117647056141868,30,0.8333333330555556,0.7352941174307959,0.7812499947753906,0.0,46.04205632209778,46.04205632209778,0.0,1,,,,,,,
mechshift_delprob0.07_cd3086fda7,2,local,mean_local_graph,true_dag,20,5000,5,0.5,0.2,2,mild,True,0.07,0.05,0.5,42,900887695,"[149232262, 536042979, 3367826029, 3829445878, 3015415612]",8.8,0.8606810475767779,0.932136235709496,0.7999999997647059,0,0.0,0.0,0.7130945535339326,338.125,8.941874027252197,1.952550172805786,0.0087618827819824,5,,,,,,,
mechshift_delprob0.07_cd3086fda7,2,naive,global_graph,true_dag,20,5000,5,0.5,0.2,2,mild,True,0.07,0.05,0.5,42,900887695,"[149232262, 536042979, 3367826029, 3829445878, 3015415612]",4.0,0.9374999947265626,0.9999999996666666,0.882352940916955,0,0.0,0.0,0.0,338.125,8.93372631072998,1.9444024562835691,0.0006141662597656,5,"[0.2, 0.2, 0.2, 0.2, 0.2]","n_oriented=0 / Dir_F1=0 BY CONSTRUCTION (no Sepsets passed to orientation) -- definitional, not independent evidence of a weighting effect; see factorial ablation for that comparison.",0.9374999947265626,0.9374999947265626,0.857142851862245,0.9374999947265626,
mechshift_delprob0.07_cd3086fda7,2,fedpc_consensus,global_graph,true_dag,20,5000,5,0.5,0.2,2,mild,True,0.07,0.05,0.5,42,900887695,"[149232262, 536042979, 3367826029, 3829445878, 3015415612]",4.0,0.9374999947265626,0.9999999996666666,0.882352940916955,25,0.879999999648,0.6470588233391004,0.7457627067279519,338.125,8.936989545822144,1.9476656913757324,0.0038774013519287,5,"[0.20310543401755868, 0.22829893645494556, 0.17914012179235742, 0.18635007371757967, 0.20310543401755868]",,0.9374999947265626,0.9374999947265626,0.857142851862245,0.9374999947265626,332.0
mechshift_delprob0.07_cd3086fda7,2,fedpc_oracle,global_graph,true_dag,20,5000,5,0.5,0.2,2,mild,True,0.07,0.05,0.5,42,900887695,"[149232262, 536042979, 3367826029, 3829445878, 3015415612]",4.0,0.9374999947265626,0.9999999996666666,0.882352940916955,25,0.879999999648,0.6470588233391004,0.7457627067279519,338.125,8.937057971954346,1.9477341175079343,0.0039458274841308,5,"[0.20423435221215722, 0.22940371111679614, 0.16432540513425786, 0.1978021793246316, 0.20423435221215722]","ablation only -- requires ground truth, not deployable",0.9374999947265626,0.9374999947265626,0.857142851862245,0.9374999947265626,332.0
mechshift_delprob0.07_cd3086fda7,3,centralized,global_graph,true_dag,20,5000,5,0.5,0.2,2,mild,True,0.07,0.05,0.5,42,1873391540,"[4183070156, 722143945, 4066068790, 14179749, 4035893129]",30.0,0.5945945896128562,0.7333333330888888,0.4999999998863636,26,0.4615384613609467,0.2727272726652892,0.3428571380897959,0.0,79.83515310287476,79.83515310287476,0.0,1,,,,,,,
mechshift_delprob0.07_cd3086fda7,3,local,mean_local_graph,true_dag,20,5000,5,0.5,0.2,2,mild,True,0.07,0.05,0.5,42,1873391540,"[4183070156, 722143945, 4066068790, 14179749, 4035893129]",25.4,0.637861675026983,0.8551892548619199,0.5090909089752066,0,0.0,0.0,0.4016309456104329,519.375,18.02269959449768,4.103935480117798,0.0053908824920654,5,,,,,,,
mechshift_delprob0.07_cd3086fda7,3,naive,global_graph,true_dag,20,5000,5,0.5,0.2,2,mild,True,0.07,0.05,0.5,42,1873391540,"[4183070156, 722143945, 4066068790, 14179749, 4035893129]",24.0,0.6470588187716263,0.9166666662847222,0.4999999998863636,0,0.0,0.0,0.0,519.375,18.01770758628845,4.098943471908569,0.0003988742828369,5,"[0.2, 0.2, 0.2, 0.2, 0.2]","n_oriented=0 / Dir_F1=0 BY CONSTRUCTION (no Sepsets passed to orientation) -- definitional, not independent evidence of a weighting effect; see factorial ablation for that comparison.",0.6470588187716263,0.6470588187716263,0.6071428520280613,0.6470588187716263,
mechshift_delprob0.07_cd3086fda7,3,fedpc_consensus,global_graph,true_dag,20,5000,5,0.5,0.2,2,mild,True,0.07,0.05,0.5,42,1873391540,"[4183070156, 722143945, 4066068790, 14179749, 4035893129]",24.0,0.6470588187716263,0.9166666662847222,0.4999999998863636,21,0.7142857139455782,0.3409090908316116,0.4615384570224853,519.375,18.0213634967804,4.102599382400513,0.0040547847747802,5,"[0.2036777055478092, 0.17791806712344863, 0.1936972668596969, 0.2117981551821497, 0.21290880528689549]",,0.6470588187716263,0.6470588187716263,0.6071428520280613,0.6470588187716263,346.0
mechshift_delprob0.07_cd3086fda7,3,fedpc_oracle,global_graph,true_dag,20,5000,5,0.5,0.2,2,mild,True,0.07,0.05,0.5,42,1873391540,"[4183070156, 722143945, 4066068790, 14179749, 4035893129]",24.0,0.6470588187716263,0.9166666662847222,0.4999999998863636,21,0.7142857139455782,0.3409090908316116,0.4615384570224853,519.375,18.02151131629944,4.102747201919556,0.0042026042938232,5,"[0.16941566870901012, 0.21760501475863137, 0.17132995479516472, 0.21143213781616538, 0.2302172239210284]","ablation only -- requires ground truth, not deployable",0.6470588187716263,0.6470588187716263,0.6071428520280613,0.6470588187716263,346.0
mechshift_delprob0.07_cd3086fda7,4,centralized,global_graph,true_dag,20,5000,5,0.5,0.2,2,mild,True,0.07,0.05,0.5,42,3245911811,"[3424352172, 1023375206, 358744952, 4046573427, 2012365566]",33.0,0.5714285663484568,0.6470588233391004,0.5116279068577609,29,0.4482758619143876,0.3023255813250405,0.3611111061998457,0.0,90.90923810005188,90.90923810005188,0.0,1,,,,,,,
mechshift_delprob0.07_cd3086fda7,4,local,mean_local_graph,true_dag,20,5000,5,0.5,0.2,2,mild,True,0.07,0.05,0.5,42,3245911811,"[3424352172, 1023375206, 358744952, 4046573427, 2012365566]",30.4,0.5523831618964448,0.7508227421744815,0.4372093022239047,0,0.0,0.0,0.2684351760462896,660.625,29.293811559677124,7.053662061691284,0.0049552917480468,5,,,,,,,
mechshift_delprob0.07_cd3086fda7,4,naive,global_graph,true_dag,20,5000,5,0.5,0.2,2,mild,True,0.07,0.05,0.5,42,3245911811,"[3424352172, 1023375206, 358744952, 4046573427, 2012365566]",28.0,0.562499995415039,0.8571428567346938,0.4186046510654407,0,0.0,0.0,0.0,660.625,29.28926920890808,7.049119710922241,0.0004129409790039,5,"[0.2, 0.2, 0.2, 0.2, 0.2]","n_oriented=0 / Dir_F1=0 BY CONSTRUCTION (no Sepsets passed to orientation) -- definitional, not independent evidence of a weighting effect; see factorial ablation for that comparison.",0.562499995415039,0.562499995415039,0.4999999949926036,0.562499995415039,
mechshift_delprob0.07_cd3086fda7,4,fedpc_consensus,global_graph,true_dag,20,5000,5,0.5,0.2,2,mild,True,0.07,0.05,0.5,42,3245911811,"[3424352172, 1023375206, 358744952, 4046573427, 2012365566]",28.0,0.562499995415039,0.8571428567346938,0.4186046510654407,8,0.6249999992187499,0.1162790697404002,0.196078428650519,660.625,29.291654109954838,7.051504611968994,0.0027978420257568,5,"[0.14041119411599792, 0.22058327273921788, 0.18758668222954156, 0.26829412636596156, 0.18312472454928105]",,0.562499995415039,0.562499995415039,0.4999999949926036,0.562499995415039,352.0
mechshift_delprob0.07_cd3086fda7,4,fedpc_oracle,global_graph,true_dag,20,5000,5,0.5,0.2,2,mild,True,0.07,0.05,0.5,42,3245911811,"[3424352172, 1023375206, 358744952, 4046573427, 2012365566]",28.0,0.562499995415039,0.8571428567346938,0.4186046510654407,8,0.6249999992187499,0.1162790697404002,0.196078428650519,660.625,29.29170536994934,7.051555871963501,0.0028491020202636,5,"[0.24134597599485416, 0.1975643927270279, 0.18256891644739842, 0.22539372440504615, 0.1531269904256734]","ablation only -- requires ground truth, not deployable",0.562499995415039,0.562499995415039,0.4999999949926036,0.562499995415039,352.0
mechshift_delprob0.07_cd3086fda7,5,centralized,global_graph,true_dag,20,5000,5,0.5,0.2,2,mild,True,0.07,0.05,0.5,42,1633942782,"[1955441869, 24941458, 2349371565, 3546263466, 2312520381]",24.0,0.6666666614814816,0.6666666664814814,0.6666666664814814,33,0.5454545452892562,0.4999999998611111,0.5217391252930057,0.0,57.20712757110596,57.20712757110596,0.0,1,,,,,,,
mechshift_delprob0.07_cd3086fda7,5,local,mean_local_graph,true_dag,20,5000,5,0.5,0.2,2,mild,True,0.07,0.05,0.5,42,1633942782,"[1955441869, 24941458, 2349371565, 3546263466, 2312520381]",20.6,0.6670764976571768,0.8010793647668871,0.5722222220632716,0,0.0,0.0,0.4612664723001633,476.875,15.807927370071411,3.7911455631256095,0.0033912658691406,5,,,,,,,
mechshift_delprob0.07_cd3086fda7,5,naive,global_graph,true_dag,20,5000,5,0.5,0.2,2,mild,True,0.07,0.05,0.5,42,1633942782,"[1955441869, 24941458, 2349371565, 3546263466, 2312520381]",16.0,0.7142857094387756,0.9999999995,0.5555555554012346,0,0.0,0.0,0.0,476.875,15.80477237701416,3.78799057006836,0.0002362728118896,5,"[0.2, 0.2, 0.2, 0.2, 0.2]","n_oriented=0 / Dir_F1=0 BY CONSTRUCTION (no Sepsets passed to orientation) -- definitional, not independent evidence of a weighting effect; see factorial ablation for that comparison.",0.7142857094387756,0.7142857094387756,0.6808510586509734,0.7142857094387756,
mechshift_delprob0.07_cd3086fda7,5,fedpc_consensus,global_graph,true_dag,20,5000,5,0.5,0.2,2,mild,True,0.07,0.05,0.5,42,1633942782,"[1955441869, 24941458, 2349371565, 3546263466, 2312520381]",16.0,0.7142857094387756,0.9999999995,0.5555555554012346,19,0.7894736837950138,0.4166666665509259,0.5454545407338843,476.875,15.808146238327026,3.7913644313812256,0.0036101341247558,5,"[0.19118700075430345, 0.19946081860792392, 0.2168811766838545, 0.20023685466803878, 0.19223414928587937]",,0.7142857094387756,0.7142857094387756,0.6808510586509734,0.7142857094387756,342.0
mechshift_delprob0.07_cd3086fda7,5,fedpc_oracle,global_graph,true_dag,20,5000,5,0.5,0.2,2,mild,True,0.07,0.05,0.5,42,1633942782,"[1955441869, 24941458, 2349371565, 3546263466, 2312520381]",16.0,0.7142857094387756,0.9999999995,0.5555555554012346,19,0.7894736837950138,0.4166666665509259,0.5454545407338843,476.875,15.80796766281128,3.7911858558654794,0.0034315586090087,5,"[0.1753532563087528, 0.2128103333216735, 0.2128103333216735, 0.1995130384978008, 0.19951303855009941]","ablation only -- requires ground truth, not deployable",0.7142857094387756,0.7142857094387756,0.6808510586509734,0.7142857094387756,342.0
mechshift_delprob0.07_cd3086fda7,6,centralized,global_graph,true_dag,20,5000,5,0.5,0.2,2,mild,True,0.07,0.05,0.5,42,3557497960,"[574020672, 2111944437, 3922801788, 1893165994, 1198634850]",39.0,0.4935064883791533,0.499999999868421,0.4871794870545693,36,0.4166666665509259,0.3846153845167653,0.3999999949013334,0.0,101.17819380760191,101.17819380760191,0.0,1,,,,,,,
mechshift_delprob0.07_cd3086fda7,6,local,mean_local_graph,true_dag,20,5000,5,0.5,0.2,2,mild,True,0.07,0.05,0.5,42,3557497960,"[574020672, 2111944437, 3922801788, 1893165994, 1198634850]",25.2,0.5876229460109139,0.8106493502827983,0.4615384614201183,0,0.0,0.0,0.3541075024262101,655.625,30.911880016326904,6.968223810195923,0.004352331161499,5,,,,,,,
mechshift_delprob0.07_cd3086fda7,6,naive,global_graph,true_dag,20,5000,5,0.5,0.2,2,mild,True,0.07,0.05,0.5,42,3557497960,"[574020672, 2111944437, 3922801788, 1893165994, 1198634850]",21.0,0.6440677919103707,0.949999999525,0.4871794870545693,0,0.0,0.0,0.0,655.625,30.907933235168457,6.964277029037476,0.0004055500030517,5,"[0.2, 0.2, 0.2, 0.2, 0.2]","n_oriented=0 / Dir_F1=0 BY CONSTRUCTION (no Sepsets passed to orientation) -- definitional, not independent evidence of a weighting effect; see factorial ablation for that comparison.",0.6440677919103707,0.6440677919103707,0.5882352891195693,0.6440677919103707,
mechshift_delprob0.07_cd3086fda7,6,fedpc_consensus,global_graph,true_dag,20,5000,5,0.5,0.2,2,mild,True,0.07,0.05,0.5,42,3557497960,"[574020672, 2111944437, 3922801788, 1893165994, 1198634850]",21.0,0.6440677919103707,0.949999999525,0.4871794870545693,14,0.9285714279081632,0.3333333332478632,0.4905660336632254,655.625,30.912145376205444,6.968489170074463,0.004617691040039,5,"[0.18438447694171892, 0.23330672767871802, 0.1946318405717586, 0.22334204779661326, 0.16433490701119113]",,0.6440677919103707,0.6440677919103707,0.5882352891195693,0.6440677919103707,350.0
mechshift_delprob0.07_cd3086fda7,6,fedpc_oracle,global_graph,true_dag,20,5000,5,0.5,0.2,2,mild,True,0.07,0.05,0.5,42,3557497960,"[574020672, 2111944437, 3922801788, 1893165994, 1198634850]",21.0,0.6440677919103707,0.949999999525,0.4871794870545693,14,0.9285714279081632,0.3333333332478632,0.4905660336632254,655.625,30.911518812179565,6.967862606048584,0.0039911270141601,5,"[0.22546354248347597, 0.20103034732389907, 0.22398751680130097, 0.18534105236277865, 0.1641775410285453]","ablation only -- requires ground truth, not deployable",0.6440677919103707,0.6440677919103707,0.5882352891195693,0.6440677919103707,350.0
mechshift_delprob0.07_cd3086fda7,7,centralized,global_graph,true_dag,20,5000,5,0.5,0.2,2,mild,True,0.07,0.05,0.5,42,2079841472,"[2903597826, 2080221967, 1308955721, 2269104035, 211441429]",15.0,0.7619047566742253,0.7999999997333334,0.7272727270523416,26,0.6538461535946746,0.5151515149954086,0.5762711813157139,0.0,30.04700469970703,30.04700469970703,0.0,1,,,,,,,
mechshift_delprob0.07_cd3086fda7,7,local,mean_local_graph,true_dag,20,5000,5,0.5,0.2,2,mild,True,0.07,0.05,0.5,42,2079841472,"[2903597826, 2080221967, 1308955721, 2269104035, 211441429]",13.0,0.7744662452095775,0.9033351910131192,0.6787878785821855,0,0.0,0.0,0.6589365301828094,412.5,10.475986957550049,2.6194329261779785,0.0065398216247558,5,,,,,,,
mechshift_delprob0.07_cd3086fda7,7,naive,global_graph,true_dag,20,5000,5,0.5,0.2,2,mild,True,0.07,0.05,0.5,42,2079841472,"[2903597826, 2080221967, 1308955721, 2269104035, 211441429]",11.0,0.7999999949090908,0.9999999995454544,0.6666666664646465,0,0.0,0.0,0.0,412.5,10.469808340072632,2.613254308700561,0.0003612041473388,5,"[0.2, 0.2, 0.2, 0.2, 0.2]","n_oriented=0 / Dir_F1=0 BY CONSTRUCTION (no Sepsets passed to orientation) -- definitional, not independent evidence of a weighting effect; see factorial ablation for that comparison.",0.7999999949090908,0.7999999949090908,0.6222222169481482,0.7999999949090908,
mechshift_delprob0.07_cd3086fda7,7,fedpc_consensus,global_graph,true_dag,20,5000,5,0.5,0.2,2,mild,True,0.07,0.05,0.5,42,2079841472,"[2903597826, 2080221967, 1308955721, 2269104035, 211441429]",11.0,0.7999999949090908,0.9999999995454544,0.6666666664646465,19,0.999999999473684,0.5757575755831037,0.7307692258505917,412.5,10.47230625152588,2.6157522201538086,0.0028591156005859,5,"[0.21645487782334552, 0.18299799255765584, 0.21866648916195305, 0.17432363273787138, 0.20755700771917407]",,0.7999999949090908,0.7999999949090908,0.6222222169481482,0.7999999949090908,342.0
mechshift_delprob0.07_cd3086fda7,7,fedpc_oracle,global_graph,true_dag,20,5000,5,0.5,0.2,2,mild,True,0.07,0.05,0.5,42,2079841472,"[2903597826, 2080221967, 1308955721, 2269104035, 211441429]",11.0,0.7999999949090908,0.9999999995454544,0.6666666664646465,19,0.999999999473684,0.5757575755831037,0.7307692258505917,412.5,10.472723484039308,2.6161694526672363,0.0032763481140136,5,"[0.1807864833471444, 0.22039185458119634, 0.18730079227626326, 0.21310667933587252, 0.19841419045952355]","ablation only -- requires ground truth, not deployable",0.7999999949090908,0.7999999949090908,0.6222222169481482,0.7999999949090908,342.0
mechshift_delprob0.07_cd3086fda7,8,centralized,global_graph,true_dag,20,5000,5,0.5,0.2,2,mild,True,0.07,0.05,0.5,42,2145402204,"[2311575564, 2047521330, 341093290, 935965799, 1728553096]",22.0,0.6764705830406573,0.657142856955102,0.696969696758494,33,0.484848484701561,0.484848484701561,0.4848484797015611,0.0,34.35753893852234,34.35753893852234,0.0,1,,,,,,,
mechshift_delprob0.07_cd3086fda7,8,local,mean_local_graph,true_dag,20,5000,5,0.5,0.2,2,mild,True,0.07,0.05,0.5,42,2145402204,"[2311575564, 2047521330, 341093290, 935965799, 1728553096]",19.8,0.6367042341480457,0.8053754936968793,0.5272727271129476,0,0.0,0.0,0.4063788563263316,354.375,12.277759552001951,2.8358376026153564,0.0040187835693359,5,,,,,,,
mechshift_delprob0.07_cd3086fda7,8,naive,global_graph,true_dag,20,5000,5,0.5,0.2,2,mild,True,0.07,0.05,0.5,42,2145402204,"[2311575564, 2047521330, 341093290, 935965799, 1728553096]",16.0,0.7142857091900511,0.8695652170132325,0.6060606058769513,0,0.0,0.0,0.0,354.375,12.274118423461914,2.8321964740753174,0.0003776550292968,5,"[0.2, 0.2, 0.2, 0.2, 0.2]","n_oriented=0 / Dir_F1=0 BY CONSTRUCTION (no Sepsets passed to orientation) -- definitional, not independent evidence of a weighting effect; see factorial ablation for that comparison.",0.7142857091900511,0.7142857091900511,0.553191484128565,0.7142857091900511,
mechshift_delprob0.07_cd3086fda7,8,fedpc_consensus,global_graph,true_dag,20,5000,5,0.5,0.2,2,mild,True,0.07,0.05,0.5,42,2145402204,"[2311575564, 2047521330, 341093290, 935965799, 1728553096]",16.0,0.7142857091900511,0.8695652170132325,0.6060606058769513,20,0.649999999675,0.3939393938200183,0.4905660328515487,354.375,12.277459859848022,2.835537910461426,0.0037190914154052,5,"[0.13823252993616014, 0.22501551564125366, 0.23652230679372485, 0.19393487869537304, 0.20629476893348822]",,0.7142857091900511,0.7142857091900511,0.553191484128565,0.7142857091900511,352.0
mechshift_delprob0.07_cd3086fda7,8,fedpc_oracle,global_graph,true_dag,20,5000,5,0.5,0.2,2,mild,True,0.07,0.05,0.5,42,2145402204,"[2311575564, 2047521330, 341093290, 935965799, 1728553096]",16.0,0.7142857091900511,0.8695652170132325,0.6060606058769513,20,0.649999999675,0.3939393938200183,0.4905660328515487,354.375,12.27679181098938,2.834869861602783,0.0030510425567626,5,"[0.15712063084343514, 0.21009807212728115, 0.25019946338053634, 0.20181272178867468, 0.1807691118600727]","ablation only -- requires ground truth, not deployable",0.7142857091900511,0.7142857091900511,0.553191484128565,0.7142857091900511,354.0
mechshift_delprob0.07_cd3086fda7,9,centralized,global_graph,true_dag,20,5000,5,0.5,0.2,2,mild,True,0.07,0.05,0.5,42,1414768942,"[1190142511, 3575098081, 4265418137, 4073802, 1321275074]",15.0,0.7692307639952662,0.7812499997558594,0.7575757573461891,28,0.642857142627551,0.5454545452892562,0.5901639292663263,0.0,58.800447940826416,58.800447940826416,0.0,1,,,,,,,
mechshift_delprob0.07_cd3086fda7,9,local,mean_local_graph,true_dag,20,5000,5,0.5,0.2,2,mild,True,0.07,0.05,0.5,42,1414768942,"[1190142511, 3575098081, 4265418137, 4073802, 1321275074]",12.8,0.77208256926359,0.9342650099477892,0.660606060405877,0,0.0,0.0,0.5596138408166814,491.875,16.06265091896057,3.936525344848633,0.0056691169738769,5,,,,,,,
mechshift_delprob0.07_cd3086fda7,9,naive,global_graph,true_dag,20,5000,5,0.5,0.2,2,mild,True,0.07,0.05,0.5,42,1414768942,"[1190142511, 3575098081, 4265418137, 4073802, 1321275074]",10.0,0.8214285662946428,0.9999999995652172,0.696969696758494,0,0.0,0.0,0.0,491.875,16.05739164352417,3.931266069412232,0.0004098415374755,5,"[0.2, 0.2, 0.2, 0.2, 0.2]","n_oriented=0 / Dir_F1=0 BY CONSTRUCTION (no Sepsets passed to orientation) -- definitional, not independent evidence of a weighting effect; see factorial ablation for that comparison.",0.8214285662946428,0.8214285662946428,0.6808510585423269,0.8214285662946428,
mechshift_delprob0.07_cd3086fda7,9,fedpc_consensus,global_graph,true_dag,20,5000,5,0.5,0.2,2,mild,True,0.07,0.05,0.5,42,1414768942,"[1190142511, 3575098081, 4265418137, 4073802, 1321275074]",10.0,0.8214285662946428,0.9999999995652172,0.696969696758494,16,0.9374999994140624,0.4545454544077135,0.6122448933111204,491.875,16.06056499481201,3.934439420700073,0.0035831928253173,5,"[0.19595392755479893, 0.18864626994367578, 0.21312238309038664, 0.18681547308918073, 0.21546194632195784]",,0.8214285662946428,0.8214285662946428,0.6808510585423269,0.8214285662946428,340.0
mechshift_delprob0.07_cd3086fda7,9,fedpc_oracle,global_graph,true_dag,20,5000,5,0.5,0.2,2,mild,True,0.07,0.05,0.5,42,1414768942,"[1190142511, 3575098081, 4265418137, 4073802, 1321275074]",10.0,0.8214285662946428,0.9999999995652172,0.696969696758494,16,0.9374999994140624,0.4545454544077135,0.6122448933111204,491.875,16.060816526412964,3.9346909523010254,0.0038347244262695,5,"[0.21436519836021495, 0.1837836061202763, 0.18840691245262542, 0.18840691245262542, 0.22503737061425808]","ablation only -- requires ground truth, not deployable",0.8214285662946428,0.8214285662946428,0.6808510585423269,0.8214285662946428,340.0
mechshift_delprob0.07_cd3086fda7,10,centralized,global_graph,true_dag,20,5000,5,0.5,0.2,2,mild,True,0.07,0.05,0.5,42,3812718172,"[879389325, 422745548, 812865379, 4219642250, 856153197]",17.0,0.7605633750684387,0.7499999997916666,0.7714285712081632,31,0.5483870965972945,0.4857142855755102,0.5151515100137741,0.0,53.27579498291016,53.27579498291016,0.0,1,,,,,,,
mechshift_delprob0.07_cd3086fda7,10,local,mean_local_graph,true_dag,20,5000,5,0.5,0.2,2,mild,True,0.07,0.05,0.5,42,3812718172,"[879389325, 422745548, 812865379, 4219642250, 856153197]",17.6,0.7041994372934645,0.8534002226178009,0.5999999998285714,0,0.0,0.0,0.3891552749763646,503.125,15.085521697998049,3.388199806213379,0.00730562210083,5,,,,,,,
mechshift_delprob0.07_cd3086fda7,10,naive,global_graph,true_dag,20,5000,5,0.5,0.2,2,mild,True,0.07,0.05,0.5,42,3812718172,"[879389325, 422745548, 812865379, 4219642250, 856153197]",14.0,0.7586206846076101,0.9565217387145556,0.6285714283918368,0,0.0,0.0,0.0,503.125,15.078540086746216,3.381218194961548,0.000324010848999,5,"[0.2, 0.2, 0.2, 0.2, 0.2]","n_oriented=0 / Dir_F1=0 BY CONSTRUCTION (no Sepsets passed to orientation) -- definitional, not independent evidence of a weighting effect; see factorial ablation for that comparison.",0.7586206846076101,0.7586206846076101,0.7755101987838402,0.7586206846076101,
mechshift_delprob0.07_cd3086fda7,10,fedpc_consensus,global_graph,true_dag,20,5000,5,0.5,0.2,2,mild,True,0.07,0.05,0.5,42,3812718172,"[879389325, 422745548, 812865379, 4219642250, 856153197]",14.0,0.7586206846076101,0.9565217387145556,0.6285714283918368,11,0.7272727266115702,0.2285714285061224,0.3478260831663516,503.125,15.081462144851685,3.3841402530670166,0.0032460689544677,5,"[0.19723306124905812, 0.15697450860131132, 0.23768774042326926, 0.21889882943359795, 0.18920586029276326]",,0.7586206846076101,0.7586206846076101,0.7755101987838402,0.7586206846076101,344.0
mechshift_delprob0.07_cd3086fda7,10,fedpc_oracle,global_graph,true_dag,20,5000,5,0.5,0.2,2,mild,True,0.07,0.05,0.5,42,3812718172,"[879389325, 422745548, 812865379, 4219642250, 856153197]",14.0,0.7586206846076101,0.9565217387145556,0.6285714283918368,11,0.7272727266115702,0.2285714285061224,0.3478260831663516,503.125,15.08224391937256,3.38492202758789,0.0040278434753417,5,"[0.2034774115095448, 0.16656540918390714, 0.24862480295436903, 0.19097901192829947, 0.19035336442387948]","ablation only -- requires ground truth, not deployable",0.7586206846076101,0.7586206846076101,0.7755101987838402,0.7586206846076101,344.0
mechshift_delprob0.07_cd3086fda7,11,centralized,global_graph,true_dag,20,5000,5,0.5,0.2,2,mild,True,0.07,0.05,0.5,42,768852238,"[3302335885, 2893145210, 4264933151, 590428212, 603166391]",10.0,0.8333333280777778,0.8928571425382653,0.7812499997558594,25,0.759999999696,0.5937499998144531,0.6666666615081563,0.0,21.395146131515503,21.395146131515503,0.0,1,,,,,,,
mechshift_delprob0.07_cd3086fda7,11,local,mean_local_graph,true_dag,20,5000,5,0.5,0.2,2,mild,True,0.07,0.05,0.5,42,768852238,"[3302335885, 2893145210, 4264933151, 590428212, 603166391]",11.8,0.793055910450138,0.9048461534834092,0.7062499997792968,0,0.0,0.0,0.6289903945778902,344.375,9.274489641189575,2.140366554260254,0.0061194896697998,5,,,,,,,
mechshift_delprob0.07_cd3086fda7,11,naive,global_graph,true_dag,20,5000,5,0.5,0.2,2,mild,True,0.07,0.05,0.5,42,768852238,"[3302335885, 2893145210, 4264933151, 590428212, 603166391]",10.0,0.8214285662372449,0.9583333329340278,0.7187499997753906,0,0.0,0.0,0.0,344.375,9.268886804580688,2.134763717651367,0.000516653060913,5,"[0.2, 0.2, 0.2, 0.2, 0.2]","n_oriented=0 / Dir_F1=0 BY CONSTRUCTION (no Sepsets passed to orientation) -- definitional, not independent evidence of a weighting effect; see factorial ablation for that comparison.",0.8214285662372449,0.8214285662372449,0.6086956469187147,0.8214285662372449,
mechshift_delprob0.07_cd3086fda7,11,fedpc_consensus,global_graph,true_dag,20,5000,5,0.5,0.2,2,mild,True,0.07,0.05,0.5,42,768852238,"[3302335885, 2893145210, 4264933151, 590428212, 603166391]",10.0,0.8214285662372449,0.9583333329340278,0.7187499997753906,19,0.894736841634349,0.5312499998339844,0.6666666617301039,344.375,9.27253246307373,2.138409376144409,0.004162311553955,5,"[0.17904187100958702, 0.213241727884017, 0.24105866987745067, 0.1798728323545988, 0.1867848988743466]",,0.8214285662372449,0.8214285662372449,0.6086956469187147,0.8214285662372449,336.0
mechshift_delprob0.07_cd3086fda7,11,fedpc_oracle,global_graph,true_dag,20,5000,5,0.5,0.2,2,mild,True,0.07,0.05,0.5,42,768852238,"[3302335885, 2893145210, 4264933151, 590428212, 603166391]",10.0,0.8214285662372449,0.9583333329340278,0.7187499997753906,19,0.894736841634349,0.5312499998339844,0.6666666617301039,344.375,9.272289991378784,2.138166904449463,0.0039198398590087,5,"[0.1827945973975837, 0.1960845108363554, 0.21431550886086753, 0.217540678131053, 0.18926470477414034]","ablation only -- requires ground truth, not deployable",0.8214285662372449,0.8214285662372449,0.6086956469187147,0.8214285662372449,336.0
mechshift_delprob0.07_cd3086fda7,12,centralized,global_graph,true_dag,20,5000,5,0.5,0.2,2,mild,True,0.07,0.05,0.5,42,1457339577,"[2907047140, 2497304442, 3840010593, 2477905568, 2720414072]",24.0,0.6363636311707989,0.6363636361707988,0.6363636361707988,31,0.5161290320915712,0.484848484701561,0.4999999948486328,0.0,54.025558948516846,54.025558948516846,0.0,1,,,,,,,
mechshift_delprob0.07_cd3086fda7,12,local,mean_local_graph,true_dag,20,5000,5,0.5,0.2,2,mild,True,0.07,0.05,0.5,42,1457339577,"[2907047140, 2497304442, 3840010593, 2477905568, 2720414072]",16.0,0.7078787828298623,0.8896103892023106,0.5878787877006428,0,0.0,0.0,0.5141310474747318,525.0,15.579415559768677,3.603882551193237,0.0040745735168457,5,,,,,,,
mechshift_delprob0.07_cd3086fda7,12,naive,global_graph,true_dag,20,5000,5,0.5,0.2,2,mild,True,0.07,0.05,0.5,42,1457339577,"[2907047140, 2497304442, 3840010593, 2477905568, 2720414072]",15.0,0.7169811271057315,0.949999999525,0.5757575755831037,0,0.0,0.0,0.0,525.0,15.575713157653809,3.600180149078369,0.0003721714019775,5,"[0.2, 0.2, 0.2, 0.2, 0.2]","n_oriented=0 / Dir_F1=0 BY CONSTRUCTION (no Sepsets passed to orientation) -- definitional, not independent evidence of a weighting effect; see factorial ablation for that comparison.",0.7169811271057315,0.7169811271057315,0.7999999947061729,0.7169811271057315,
mechshift_delprob0.07_cd3086fda7,12,fedpc_consensus,global_graph,true_dag,20,5000,5,0.5,0.2,2,mild,True,0.07,0.05,0.5,42,1457339577,"[2907047140, 2497304442, 3840010593, 2477905568, 2720414072]",15.0,0.7169811271057315,0.949999999525,0.5757575755831037,11,0.999999999090909,0.3333333332323232,0.4999999960227273,525.0,15.578113794326782,3.6025807857513428,0.0027728080749511,5,"[0.1923826633022838, 0.23786557570961733, 0.1819539439344138, 0.23786557570961733, 0.14993224134406788]",,0.7169811271057315,0.7169811271057315,0.7999999947061729,0.7169811271057315,348.0
mechshift_delprob0.07_cd3086fda7,12,fedpc_oracle,global_graph,true_dag,20,5000,5,0.5,0.2,2,mild,True,0.07,0.05,0.5,42,1457339577,"[2907047140, 2497304442, 3840010593, 2477905568, 2720414072]",15.0,0.7169811271057315,0.949999999525,0.5757575755831037,11,0.999999999090909,0.3333333332323232,0.4999999960227273,525.0,15.578463315963743,3.6029303073883057,0.003122329711914,5,"[0.21084690178986307, 0.21084690178986307, 0.19028932873315035, 0.21084690178986307, 0.17716996589726045]","ablation only -- requires ground truth, not deployable",0.7169811271057315,0.7169811271057315,0.7999999947061729,0.7169811271057315,348.0
mechshift_delprob0.07_cd3086fda7,13,centralized,global_graph,true_dag,20,5000,5,0.5,0.2,2,mild,True,0.07,0.05,0.5,42,3706027083,"[2472507425, 207740285, 54589523, 3972140889, 1158474581]",19.0,0.7397260222180523,0.7941176468252595,0.6923076921301775,31,0.6774193546201873,0.5384615383234714,0.5999999948938776,0.0,74.23954105377197,74.23954105377197,0.0,1,,,,,,,
mechshift_delprob0.07_cd3086fda7,13,local,mean_local_graph,true_dag,20,5000,5,0.5,0.2,2,mild,True,0.07,0.05,0.5,42,3706027083,"[2472507425, 207740285, 54589523, 3972140889, 1158474581]",24.0,0.6197489406874321,0.8105447222514481,0.50256410243524,0,0.0,0.0,0.4358850219858544,536.25,17.254000902175903,3.8811354637146,0.0054831504821777,5,,,,,,,
mechshift_delprob0.07_cd3086fda7,13,naive,global_graph,true_dag,20,5000,5,0.5,0.2,2,mild,True,0.07,0.05,0.5,42,3706027083,"[2472507425, 207740285, 54589523, 3972140889, 1158474581]",20.0,0.6551724091617123,0.999999999473684,0.4871794870545693,0,0.0,0.0,0.0,536.25,17.249694108963013,3.876828670501709,0.0011763572692871,5,"[0.2, 0.2, 0.2, 0.2, 0.2]","n_oriented=0 / Dir_F1=0 BY CONSTRUCTION (no Sepsets passed to orientation) -- definitional, not independent evidence of a weighting effect; see factorial ablation for that comparison.",0.6551724091617123,0.6551724091617123,0.6666666616059028,0.6551724091617123,
mechshift_delprob0.07_cd3086fda7,13,fedpc_consensus,global_graph,true_dag,20,5000,5,0.5,0.2,2,mild,True,0.07,0.05,0.5,42,3706027083,"[2472507425, 207740285, 54589523, 3972140889, 1158474581]",20.0,0.6551724091617123,0.999999999473684,0.4871794870545693,7,0.8571428559183674,0.1538461538067061,0.2608695625236295,536.25,17.251463890075684,3.87859845161438,0.002946138381958,5,"[0.17490285019413784, 0.18523977304831016, 0.26066327996040367, 0.19816734030437974, 0.18102675649276861]",,0.6551724091617123,0.6551724091617123,0.6666666616059028,0.6551724091617123,348.0
mechshift_delprob0.07_cd3086fda7,13,fedpc_oracle,global_graph,true_dag,20,5000,5,0.5,0.2,2,mild,True,0.07,0.05,0.5,42,3706027083,"[2472507425, 207740285, 54589523, 3972140889, 1158474581]",20.0,0.6551724091617123,0.999999999473684,0.4871794870545693,7,0.8571428559183674,0.1538461538067061,0.2608695625236295,536.25,17.251620769500732,3.8787553310394287,0.0031030178070068,5,"[0.18774131528146562, 0.18954218084613134, 0.24390413750017292, 0.23680396202826967, 0.14200840434396061]","ablation only -- requires ground truth, not deployable",0.6551724091617123,0.6551724091617123,0.6666666616059028,0.6551724091617123,348.0
mechshift_delprob0.07_cd3086fda7,14,centralized,global_graph,true_dag,20,5000,5,0.5,0.2,2,mild,True,0.07,0.05,0.5,42,41230783,"[3738879739, 3481031619, 685941444, 1469252581, 3221227916]",38.0,0.5128205080177516,0.6896551721759809,0.4081632652228238,24,0.4999999997916666,0.2448979591336942,0.328767118784012,0.0,110.90599489212036,110.90599489212036,0.0,1,,,,,,,
mechshift_delprob0.07_cd3086fda7,14,local,mean_local_graph,true_dag,20,5000,5,0.5,0.2,2,mild,True,0.07,0.05,0.5,42,41230783,"[3738879739, 3481031619, 685941444, 1469252581, 3221227916]",36.6,0.4873655487645941,0.7850959278661902,0.3551020407438567,0,0.0,0.0,0.3234557591888317,653.75,26.15072560310364,6.017427444458008,0.0049209594726562,5,,,,,,,
mechshift_delprob0.07_cd3086fda7,14,naive,global_graph,true_dag,20,5000,5,0.5,0.2,2,mild,True,0.07,0.05,0.5,42,41230783,"[3738879739, 3481031619, 685941444, 1469252581, 3221227916]",35.0,0.477611936226331,0.8888888883950616,0.326530612178259,0,0.0,0.0,0.0,653.75,26.146323204040527,6.0130250453948975,0.0005185604095458,5,"[0.2, 0.2, 0.2, 0.2, 0.2]","n_oriented=0 / Dir_F1=0 BY CONSTRUCTION (no Sepsets passed to orientation) -- definitional, not independent evidence of a weighting effect; see factorial ablation for that comparison.",0.477611936226331,0.477611936226331,0.423076918387574,0.477611936226331,
mechshift_delprob0.07_cd3086fda7,14,fedpc_consensus,global_graph,true_dag,20,5000,5,0.5,0.2,2,mild,True,0.07,0.05,0.5,42,41230783,"[3738879739, 3481031619, 685941444, 1469252581, 3221227916]",35.0,0.477611936226331,0.8888888883950616,0.326530612178259,10,0.7999999992,0.1632653060891295,0.2711864377707556,653.75,26.148784399032596,6.015486240386963,0.0029797554016113,5,"[0.2494136008701518, 0.19829922913327014, 0.22876760950628255, 0.13923582735398604, 0.18428373313630958]",,0.477611936226331,0.477611936226331,0.423076918387574,0.477611936226331,352.0
mechshift_delprob0.07_cd3086fda7,14,fedpc_oracle,global_graph,true_dag,20,5000,5,0.5,0.2,2,mild,True,0.07,0.05,0.5,42,41230783,"[3738879739, 3481031619, 685941444, 1469252581, 3221227916]",35.0,0.477611936226331,0.8888888883950616,0.326530612178259,10,0.7999999992,0.1632653060891295,0.2711864377707556,653.75,26.148738861083984,6.0154407024383545,0.0029342174530029,5,"[0.2449608088006167, 0.176984183841421, 0.21589783794297288, 0.18695320056494974, 0.17520396885003972]","ablation only -- requires ground truth, not deployable",0.477611936226331,0.477611936226331,0.423076918387574,0.477611936226331,352.0
mechshift_delprob0.15_4faac5f103,0,centralized,global_graph,true_dag,20,5000,5,0.5,0.2,2,mild,True,0.15,0.05,0.5,42,3418248737,"[911849076, 1863754994, 3306440639, 4268272978, 163392572]",13.0,0.8311688259537865,0.8421052629362881,0.8205128203024326,36,0.6111111109413581,0.5641025639579224,0.5866666615182223,0.0,68.45629477500916,68.45629477500916,0.0,1,,,,,,,
mechshift_delprob0.15_4faac5f103,0,local,mean_local_graph,true_dag,20,5000,5,0.5,0.2,2,mild,True,0.15,0.05,0.5,42,3418248737,"[911849076, 1863754994, 3306440639, 4268272978, 163392572]",12.6,0.8094397352736227,0.9797552832893949,0.6923076921301774,0,0.0,0.0,0.5710167472436642,546.875,19.294209718704224,4.549211263656616,0.005803823471069336,5,,,,,,,
mechshift_delprob0.15_4faac5f103,0,naive,global_graph,true_dag,20,5000,5,0.5,0.2,2,mild,True,0.15,0.05,0.5,42,3418248737,"[911849076, 1863754994, 3306440639, 4268272978, 163392572]",9.0,0.8695652122243228,0.9999999996666666,0.7692307690335306,0,0.0,0.0,0.0,546.875,19.28968572616577,4.544687271118164,0.0012798309326171875,5,"[0.2, 0.2, 0.2, 0.2, 0.2]","n_oriented=0 / Dir_F1=0 BY CONSTRUCTION (no Sepsets passed to orientation) -- definitional, not independent evidence of a weighting effect; see factorial ablation for that comparison.",0.8695652122243228,0.8695652122243228,0.8727272674512399,0.9230769178224851,
mechshift_delprob0.15_4faac5f103,0,fedpc_consensus,global_graph,true_dag,20,5000,5,0.5,0.2,2,mild,True,0.15,0.05,0.5,42,3418248737,"[911849076, 1863754994, 3306440639, 4268272978, 163392572]",9.0,0.8695652122243228,0.9999999996666666,0.7692307690335306,25,0.879999999648,0.5641025639579224,0.6874999950244141,546.875,19.2916202545166,4.546621799468994,0.0032143592834472656,5,"[0.22110713150757028, 0.1952749525143831, 0.16074825228365477, 0.21455783435614387, 0.20831182933824793]",,0.8695652122243228,0.8695652122243228,0.8727272674512399,0.9230769178224851,332.0
mechshift_delprob0.15_4faac5f103,0,fedpc_oracle,global_graph,true_dag,20,5000,5,0.5,0.2,2,mild,True,0.15,0.05,0.5,42,3418248737,"[911849076, 1863754994, 3306440639, 4268272978, 163392572]",9.0,0.8695652122243228,0.9999999996666666,0.7692307690335306,25,0.879999999648,0.5641025639579224,0.6874999950244141,546.875,19.29173755645752,4.546739101409912,0.0033316612243652344,5,"[0.20385555428206378, 0.16763132749555296, 0.19204039663119687, 0.2127400950471498, 0.22373262654403658]","ablation only -- requires ground truth, not deployable",0.8695652122243228,0.8695652122243228,0.8727272674512399,0.9230769178224851,332.0
mechshift_delprob0.15_4faac5f103,1,centralized,global_graph,true_dag,20,5000,5,0.5,0.2,2,mild,True,0.15,0.05,0.5,42,1405245430,"[1402706546, 4083621176, 4005218444, 3486129756, 616871624]",23.0,0.7012986961578682,0.7714285712081632,0.6428571427040817,34,0.5882352939446367,0.47619047607709747,0.5263157843905818,0.0,92.0491189956665,92.0491189956665,0.0,1,,,,,,,
mechshift_delprob0.15_4faac5f103,1,local,mean_local_graph,true_dag,20,5000,5,0.5,0.2,2,mild,True,0.15,0.05,0.5,42,1405245430,"[1402706546, 4083621176, 4005218444, 3486129756, 616871624]",23.2,0.6622334387240857,0.8498884815710742,0.5428571427278912,0,0.0,0.0,0.4835260226716964,513.125,19.348461627960205,4.773897886276245,0.009338617324829102,5,,,,,,,
mechshift_delprob0.15_4faac5f103,1,naive,global_graph,true_dag,20,5000,5,0.5,0.2,2,mild,True,0.15,0.05,0.5,42,1405245430,"[1402706546, 4083621176, 4005218444, 3486129756, 616871624]",21.0,0.686567159296057,0.919999999632,0.5476190474886621,0,0.0,0.0,0.0,513.125,19.339680910110474,4.765117168426514,0.0005578994750976562,5,"[0.2, 0.2, 0.2, 0.2, 0.2]","n_oriented=0 / Dir_F1=0 BY CONSTRUCTION (no Sepsets passed to orientation) -- definitional, not independent evidence of a weighting effect; see factorial ablation for that comparison.",0.686567159296057,0.686567159296057,0.4999999948657025,0.6969696920523416,
mechshift_delprob0.15_4faac5f103,1,fedpc_consensus,global_graph,true_dag,20,5000,5,0.5,0.2,2,mild,True,0.15,0.05,0.5,42,1405245430,"[1402706546, 4083621176, 4005218444, 3486129756, 616871624]",21.0,0.686567159296057,0.919999999632,0.5476190474886621,22,0.8181818178099173,0.4285714284693877,0.5624999953125001,513.125,19.343641996383667,4.769078254699707,0.004518985748291016,5,"[0.16855804362532434, 0.19899762909513471, 0.19642425701683588, 0.18131195656015411, 0.25470811370255103]",,0.686567159296057,0.686567159296057,0.4999999948657025,0.6969696920523416,348.0
mechshift_delprob0.15_4faac5f103,1,fedpc_oracle,global_graph,true_dag,20,5000,5,0.5,0.2,2,mild,True,0.15,0.05,0.5,42,1405245430,"[1402706546, 4083621176, 4005218444, 3486129756, 616871624]",21.0,0.686567159296057,0.919999999632,0.5476190474886621,21,0.7619047615419501,0.380952380861678,0.5079365033308139,513.125,19.34304451942444,4.7684807777404785,0.0039215087890625,5,"[0.17825469893938908, 0.21329388602745158, 0.15696187154057162, 0.21329388602745158, 0.23819565746513613]","ablation only -- requires ground truth, not deployable",0.686567159296057,0.686567159296057,0.4999999948657025,0.6969696920523416,348.0
mechshift_delprob0.15_4faac5f103,2,centralized,global_graph,true_dag,20,5000,5,0.5,0.2,2,mild,True,0.15,0.05,0.5,42,900887695,"[149232262, 536042979, 3367826029, 3829445878, 3015415612]",12.0,0.8285714233387756,0.8055555553317901,0.8529411762197232,30,0.6333333331222222,0.5588235292474049,0.5937499948339844,0.0,38.571396350860596,38.571396350860596,0.0,1,,,,,,,
mechshift_delprob0.15_4faac5f103,2,local,mean_local_graph,true_dag,20,5000,5,0.5,0.2,2,mild,True,0.15,0.05,0.5,42,900887695,"[149232262, 536042979, 3367826029, 3829445878, 3015415612]",11.4,0.8139326582877467,0.9118233614905138,0.7352941174307959,0,0.0,0.0,0.6844261072931644,326.875,8.682472467422485,2.1196703910827637,0.00619053840637207,5,,,,,,,
mechshift_delprob0.15_4faac5f103,2,naive,global_graph,true_dag,20,5000,5,0.5,0.2,2,mild,True,0.15,0.05,0.5,42,900887695,"[149232262, 536042979, 3367826029, 3829445878, 3015415612]",5.0,0.9230769178035503,0.9677419351716962,0.882352940916955,0,0.0,0.0,0.0,326.875,8.676937580108643,2.114135503768921,0.0006556510925292969,5,"[0.2, 0.2, 0.2, 0.2, 0.2]","n_oriented=0 / Dir_F1=0 BY CONSTRUCTION (no Sepsets passed to orientation) -- definitional, not independent evidence of a weighting effect; see factorial ablation for that comparison.",0.9230769178035503,0.9230769178035503,0.6086956475141778,0.9230769178035503,
mechshift_delprob0.15_4faac5f103,2,fedpc_consensus,global_graph,true_dag,20,5000,5,0.5,0.2,2,mild,True,0.15,0.05,0.5,42,900887695,"[149232262, 536042979, 3367826029, 3829445878, 3015415612]",5.0,0.9230769178035503,0.9677419351716962,0.882352940916955,24,0.9166666662847222,0.6470588233391004,0.7586206845422117,326.875,8.681043863296509,2.118241786956787,0.004761934280395508,5,"[0.22202784300201528, 0.18044241981230316, 0.22201949481386016, 0.18747491273404304, 0.18803532963777822]",,0.9230769178035503,0.9230769178035503,0.6086956475141778,0.9230769178035503,342.0
mechshift_delprob0.15_4faac5f103,2,fedpc_oracle,global_graph,true_dag,20,5000,5,0.5,0.2,2,mild,True,0.15,0.05,0.5,42,900887695,"[149232262, 536042979, 3367826029, 3829445878, 3015415612]",5.0,0.9230769178035503,0.9677419351716962,0.882352940916955,24,0.9166666662847222,0.6470588233391004,0.7586206845422117,326.875,8.68094253540039,2.118140459060669,0.004660606384277344,5,"[0.19567020647590952, 0.16179717158029402, 0.19567020647590952, 0.22822972904117084, 0.21863268642671616]","ablation only -- requires ground truth, not deployable",0.9230769178035503,0.9230769178035503,0.6086956475141778,0.9230769178035503,342.0
mechshift_delprob0.15_4faac5f103,3,centralized,global_graph,true_dag,20,5000,5,0.5,0.2,2,mild,True,0.15,0.05,0.5,42,1873391540,"[4183070156, 722143945, 4066068790, 14179749, 4035893129]",28.0,0.6410256359434583,0.7352941174307959,0.568181818052686,30,0.4666666665111111,0.31818181810950413,0.37837837345507674,0.0,69.4586546421051,69.4586546421051,0.0,1,,,,,,,
mechshift_delprob0.15_4faac5f103,3,local,mean_local_graph,true_dag,20,5000,5,0.5,0.2,2,mild,True,0.15,0.05,0.5,42,1873391540,"[4183070156, 722143945, 4066068790, 14179749, 4035893129]",28.0,0.5895939397474685,0.8398383834780312,0.45909090898657023,0,0.0,0.0,0.383014033602215,526.875,19.044756650924683,5.1279332637786865,0.005587577819824219,5,,,,,,,
mechshift_delprob0.15_4faac5f103,3,naive,global_graph,true_dag,20,5000,5,0.5,0.2,2,mild,True,0.15,0.05,0.5,42,1873391540,"[4183070156, 722143945, 4066068790, 14179749, 4035893129]",28.0,0.5757575711386593,0.8636363632438017,0.4318181817200413,0,0.0,0.0,0.0,526.875,19.039611339569092,5.122787952423096,0.00044226646423339844,5,"[0.2, 0.2, 0.2, 0.2, 0.2]","n_oriented=0 / Dir_F1=0 BY CONSTRUCTION (no Sepsets passed to orientation) -- definitional, not independent evidence of a weighting effect; see factorial ablation for that comparison.",0.5757575711386593,0.5757575711386593,0.5777777725234567,0.6031745984378938,
mechshift_delprob0.15_4faac5f103,3,fedpc_consensus,global_graph,true_dag,20,5000,5,0.5,0.2,2,mild,True,0.15,0.05,0.5,42,1873391540,"[4183070156, 722143945, 4066068790, 14179749, 4035893129]",28.0,0.5757575711386593,0.8636363632438017,0.4318181817200413,14,0.5714285710204081,0.1818181817768595,0.27586206520808565,526.875,19.04237127304077,5.125547885894775,0.003202199935913086,5,"[0.21573501991282243, 0.2267345825067413, 0.16710464972197137, 0.15470436731272028, 0.23572138054574457]",,0.5757575711386593,0.5757575711386593,0.5777777725234567,0.6031745984378938,346.0
mechshift_delprob0.15_4faac5f103,3,fedpc_oracle,global_graph,true_dag,20,5000,5,0.5,0.2,2,mild,True,0.15,0.05,0.5,42,1873391540,"[4183070156, 722143945, 4066068790, 14179749, 4035893129]",28.0,0.5757575711386593,0.8636363632438017,0.4318181817200413,14,0.5714285710204081,0.1818181817768595,0.27586206520808565,526.875,19.042277812957764,5.125454425811768,0.0031087398529052734,5,"[0.2333862804491938, 0.2008399172727363, 0.20291308972737518, 0.1726007211405627, 0.190259991410132]","ablation only -- requires ground truth, not deployable",0.5757575711386593,0.5757575711386593,0.5777777725234567,0.6031745984378938,346.0
mechshift_delprob0.15_4faac5f103,4,centralized,global_graph,true_dag,20,5000,5,0.5,0.2,2,mild,True,0.15,0.05,0.5,42,3245911811,"[3424352172, 1023375206, 358744952, 4046573427, 2012365566]",24.0,0.6842105212222992,0.7878787876400367,0.6046511626500811,30,0.5333333331555555,0.37209302316928067,0.4383561594220304,0.0,104.8949236869812,104.8949236869812,0.0,1,,,,,,,
mechshift_delprob0.15_4faac5f103,4,local,mean_local_graph,true_dag,20,5000,5,0.5,0.2,2,mild,True,0.15,0.05,0.5,42,3245911811,"[3424352172, 1023375206, 358744952, 4046573427, 2012365566]",28.0,0.586325401412021,0.7984110139508299,0.46511627896160085,0,0.0,0.0,0.3294609237539693,608.75,21.24584174156189,4.893059015274048,0.005480289459228516,5,,,,,,,
mechshift_delprob0.15_4faac5f103,4,naive,global_graph,true_dag,20,5000,5,0.5,0.2,2,mild,True,0.15,0.05,0.5,42,3245911811,"[3424352172, 1023375206, 358744952, 4046573427, 2012365566]",25.0,0.5901639300725612,0.9999999994444444,0.41860465106544076,0,0.0,0.0,0.0,608.75,21.240753650665283,4.887970924377441,0.0003921985626220703,5,"[0.2, 0.2, 0.2, 0.2, 0.2]","n_oriented=0 / Dir_F1=0 BY CONSTRUCTION (no Sepsets passed to orientation) -- definitional, not independent evidence of a weighting effect; see factorial ablation for that comparison.",0.5901639300725612,0.5901639300725612,0.4571428518857143,0.5999999956,
mechshift_delprob0.15_4faac5f103,4,fedpc_consensus,global_graph,true_dag,20,5000,5,0.5,0.2,2,mild,True,0.15,0.05,0.5,42,3245911811,"[3424352172, 1023375206, 358744952, 4046573427, 2012365566]",25.0,0.5901639300725612,0.9999999994444444,0.41860465106544076,6,0.8333333319444445,0.11627906974040021,0.20408163042065805,608.75,21.244502067565918,4.891719341278076,0.004140615463256836,5,"[0.16919247814384644, 0.2172453999436695, 0.21336215509603007, 0.18981088914942848, 0.21038907766702547]",,0.5901639300725612,0.5901639300725612,0.4571428518857143,0.5999999956,348.0
mechshift_delprob0.15_4faac5f103,4,fedpc_oracle,global_graph,true_dag,20,5000,5,0.5,0.2,2,mild,True,0.15,0.05,0.5,42,3245911811,"[3424352172, 1023375206, 358744952, 4046573427, 2012365566]",25.0,0.5901639300725612,0.9999999994444444,0.41860465106544076,4,0.9999999975,0.09302325579232017,0.17021276432775015,608.75,21.244516849517822,4.8917341232299805,0.004155397415161133,5,"[0.25646610535647574, 0.14426218379080524, 0.19392522109363233, 0.19967084298934976, 0.20567564676973688]","ablation only -- requires ground truth, not deployable",0.5901639300725612,0.5901639300725612,0.4571428518857143,0.5999999956,354.0
mechshift_delprob0.15_4faac5f103,5,centralized,global_graph,true_dag,20,5000,5,0.5,0.2,2,mild,True,0.15,0.05,0.5,42,1633942782,"[1955441869, 24941458, 2349371565, 3546263466, 2312520381]",24.0,0.6666666614814816,0.6666666664814814,0.6666666664814814,33,0.5151515149954086,0.47222222209104936,0.49275361805503043,0.0,48.87895107269287,48.87895107269287,0.0,1,,,,,,,
mechshift_delprob0.15_4faac5f103,5,local,mean_local_graph,true_dag,20,5000,5,0.5,0.2,2,mild,True,0.15,0.05,0.5,42,1633942782,"[1955441869, 24941458, 2349371565, 3546263466, 2312520381]",20.4,0.6621468876222133,0.8198840576345363,0.5555555554012346,0,0.0,0.0,0.46714352930648395,450.0,15.248436689376831,3.265685796737671,0.005366325378417969,5,,,,,,,
mechshift_delprob0.15_4faac5f103,5,naive,global_graph,true_dag,20,5000,5,0.5,0.2,2,mild,True,0.15,0.05,0.5,42,1633942782,"[1955441869, 24941458, 2349371565, 3546263466, 2312520381]",14.0,0.758620684684899,0.9999999995454545,0.6111111109413581,0,0.0,0.0,0.0,450.0,15.243394374847412,3.260643482208252,0.00032401084899902344,5,"[0.2, 0.2, 0.2, 0.2, 0.2]","n_oriented=0 / Dir_F1=0 BY CONSTRUCTION (no Sepsets passed to orientation) -- definitional, not independent evidence of a weighting effect; see factorial ablation for that comparison.",0.758620684684899,0.758620684684899,0.5405405354273194,0.758620684684899,
mechshift_delprob0.15_4faac5f103,5,fedpc_consensus,global_graph,true_dag,20,5000,5,0.5,0.2,2,mild,True,0.15,0.05,0.5,42,1633942782,"[1955441869, 24941458, 2349371565, 3546263466, 2312520381]",14.0,0.758620684684899,0.9999999995454545,0.6111111109413581,16,0.8124999994921874,0.36111111101080245,0.4999999955473373,450.0,15.248093128204346,3.2653422355651855,0.005022764205932617,5,"[0.22250514981705125, 0.22189777159313748, 0.17730260281677032, 0.18447557277365728, 0.19381890299938387]",,0.758620684684899,0.758620684684899,0.5405405354273194,0.758620684684899,346.0
mechshift_delprob0.15_4faac5f103,5,fedpc_oracle,global_graph,true_dag,20,5000,5,0.5,0.2,2,mild,True,0.15,0.05,0.5,42,1633942782,"[1955441869, 24941458, 2349371565, 3546263466, 2312520381]",14.0,0.758620684684899,0.9999999995454545,0.6111111109413581,14,0.8571428565306122,0.3333333332407407,0.47999999577599994,450.0,15.24888563156128,3.266134738922119,0.005815267562866211,5,"[0.19490006513398134, 0.20145087294789416, 0.15786905249972316, 0.1880246727826745, 0.25775533663572686]","ablation only -- requires ground truth, not deployable",0.758620684684899,0.758620684684899,0.5405405354273194,0.758620684684899,350.0
mechshift_delprob0.15_4faac5f103,6,centralized,global_graph,true_dag,20,5000,5,0.5,0.2,2,mild,True,0.15,0.05,0.5,42,3557497960,"[574020672, 2111944437, 3922801788, 1893165994, 1198634850]",33.0,0.5714285662809918,0.5789473682686981,0.5641025639579224,37,0.40540540529583635,0.3846153845167653,0.3947368370048477,0.0,82.22171759605408,82.22171759605408,0.0,1,,,,,,,
mechshift_delprob0.15_4faac5f103,6,local,mean_local_graph,true_dag,20,5000,5,0.5,0.2,2,mild,True,0.15,0.05,0.5,42,3557497960,"[574020672, 2111944437, 3922801788, 1893165994, 1198634850]",25.0,0.5920010360318885,0.8112554108924822,0.46666666654700856,0,0.0,0.0,0.325998621121072,630.625,26.76346492767334,6.535403251647949,0.00422978401184082,5,,,,,,,
mechshift_delprob0.15_4faac5f103,6,naive,global_graph,true_dag,20,5000,5,0.5,0.2,2,mild,True,0.15,0.05,0.5,42,3557497960,"[574020672, 2111944437, 3922801788, 1893165994, 1198634850]",21.0,0.6557377000913733,0.9090909086776859,0.5128205126890204,0,0.0,0.0,0.0,630.625,26.759601593017578,6.5315399169921875,0.00036644935607910156,5,"[0.2, 0.2, 0.2, 0.2, 0.2]","n_oriented=0 / Dir_F1=0 BY CONSTRUCTION (no Sepsets passed to orientation) -- definitional, not independent evidence of a weighting effect; see factorial ablation for that comparison.",0.6557377000913733,0.6557377000913733,0.5454545402066117,0.6666666618,
mechshift_delprob0.15_4faac5f103,6,fedpc_consensus,global_graph,true_dag,20,5000,5,0.5,0.2,2,mild,True,0.15,0.05,0.5,42,3557497960,"[574020672, 2111944437, 3922801788, 1893165994, 1198634850]",21.0,0.6557377000913733,0.9090909086776859,0.5128205126890204,14,0.8571428565306122,0.3076923076134122,0.45283018462086155,630.625,26.76240086555481,6.534339189529419,0.003165721893310547,5,"[0.20860744398137437, 0.19745289696142013, 0.16626614892725267, 0.2189987136769916, 0.2086747964529613]",,0.6557377000913733,0.6557377000913733,0.5454545402066117,0.6666666618,356.0
mechshift_delprob0.15_4faac5f103,6,fedpc_oracle,global_graph,true_dag,20,5000,5,0.5,0.2,2,mild,True,0.15,0.05,0.5,42,3557497960,"[574020672, 2111944437, 3922801788, 1893165994, 1198634850]",21.0,0.6557377000913733,0.9090909086776859,0.5128205126890204,14,0.8571428565306122,0.3076923076134122,0.45283018462086155,630.625,26.76242232322693,6.534360647201538,0.0031871795654296875,5,"[0.2515878713682151, 0.2037861755945329, 0.1415181770669316, 0.20594834791077118, 0.19715942805954934]","ablation only -- requires ground truth, not deployable",0.6557377000913733,0.6557377000913733,0.5454545402066117,0.6666666618,356.0
mechshift_delprob0.15_4faac5f103,7,centralized,global_graph,true_dag,20,5000,5,0.5,0.2,2,mild,True,0.15,0.05,0.5,42,2079841472,"[2903597826, 2080221967, 1308955721, 2269104035, 211441429]",13.0,0.82191780303997,0.7499999998125,0.909090908815427,38,0.657894736668975,0.7575757573461891,0.7042253469390994,0.0,40.781877279281616,40.781877279281616,0.0,1,,,,,,,
mechshift_delprob0.15_4faac5f103,7,local,mean_local_graph,true_dag,20,5000,5,0.5,0.2,2,mild,True,0.15,0.05,0.5,42,2079841472,"[2903597826, 2080221967, 1308955721, 2269104035, 211441429]",10.6,0.8201127101153496,0.9317053313455743,0.7333333331111109,0,0.0,0.0,0.6927412821587156,383.75,9.925785779953003,2.125844955444336,0.005684852600097656,5,,,,,,,
mechshift_delprob0.15_4faac5f103,7,naive,global_graph,true_dag,20,5000,5,0.5,0.2,2,mild,True,0.15,0.05,0.5,42,2079841472,"[2903597826, 2080221967, 1308955721, 2269104035, 211441429]",6.0,0.8999999947499999,0.9999999996296296,0.8181818179338842,0,0.0,0.0,0.0,383.75,9.920470237731934,2.1205294132232666,0.0003693103790283203,5,"[0.2, 0.2, 0.2, 0.2, 0.2]","n_oriented=0 / Dir_F1=0 BY CONSTRUCTION (no Sepsets passed to orientation) -- definitional, not independent evidence of a weighting effect; see factorial ablation for that comparison.",0.8999999947499999,0.8999999947499999,0.6363636313326446,0.9152542320137892,
mechshift_delprob0.15_4faac5f103,7,fedpc_consensus,global_graph,true_dag,20,5000,5,0.5,0.2,2,mild,True,0.15,0.05,0.5,42,2079841472,"[2903597826, 2080221967, 1308955721, 2269104035, 211441429]",6.0,0.8999999947499999,0.9999999996296296,0.8181818179338842,25,0.959999999616,0.7272727270523416,0.827586201706302,383.75,10.01104211807251,2.2111012935638428,0.09094119071960449,5,"[0.18381566410162087, 0.1917703980794841, 0.20073480098096344, 0.21597594190979855, 0.20770319492813305]",,0.8999999947499999,0.8999999947499999,0.6363636313326446,0.9152542320137892,338.0
mechshift_delprob0.15_4faac5f103,7,fedpc_oracle,global_graph,true_dag,20,5000,5,0.5,0.2,2,mild,True,0.15,0.05,0.5,42,2079841472,"[2903597826, 2080221967, 1308955721, 2269104035, 211441429]",6.0,0.8999999947499999,0.9999999996296296,0.8181818179338842,25,0.959999999616,0.7272727270523416,0.827586201706302,383.75,9.92298436164856,2.1230435371398926,0.002883434295654297,5,"[0.19656510419615816, 0.22070490814090843, 0.1769634639891096, 0.20623647517537388, 0.19953004849845002]","ablation only -- requires ground truth, not deployable",0.8999999947499999,0.8999999947499999,0.6363636313326446,0.9152542320137892,338.0
mechshift_delprob0.15_4faac5f103,8,centralized,global_graph,true_dag,20,5000,5,0.5,0.2,2,mild,True,0.15,0.05,0.5,42,2145402204,"[2311575564, 2047521330, 341093290, 935965799, 1728553096]",20.0,0.696969691758494,0.696969696758494,0.696969696758494,31,0.5483870965972945,0.5151515149954086,0.5312499948388673,0.0,55.68773412704468,55.68773412704468,0.0,1,,,,,,,
mechshift_delprob0.15_4faac5f103,8,local,mean_local_graph,true_dag,20,5000,5,0.5,0.2,2,mild,True,0.15,0.05,0.5,42,2145402204,"[2311575564, 2047521330, 341093290, 935965799, 1728553096]",19.2,0.6512146309322231,0.8129880794362275,0.5454545452892562,0,0.0,0.0,0.4161997086644907,330.625,10.55932354927063,2.517364978790283,0.006086826324462891,5,,,,,,,
mechshift_delprob0.15_4faac5f103,8,naive,global_graph,true_dag,20,5000,5,0.5,0.2,2,mild,True,0.15,0.05,0.5,42,2145402204,"[2311575564, 2047521330, 341093290, 935965799, 1728553096]",18.0,0.6785714234885204,0.8260869561625709,0.5757575755831037,0,0.0,0.0,0.0,330.625,10.553771734237671,2.511813163757324,0.0005350112915039062,5,"[0.2, 0.2, 0.2, 0.2, 0.2]","n_oriented=0 / Dir_F1=0 BY CONSTRUCTION (no Sepsets passed to orientation) -- definitional, not independent evidence of a weighting effect; see factorial ablation for that comparison.",0.6785714234885204,0.6785714234885204,0.4878048728851875,0.6909090857917356,
mechshift_delprob0.15_4faac5f103,8,fedpc_consensus,global_graph,true_dag,20,5000,5,0.5,0.2,2,mild,True,0.15,0.05,0.5,42,2145402204,"[2311575564, 2047521330, 341093290, 935965799, 1728553096]",18.0,0.6785714234885204,0.8260869561625709,0.5757575755831037,17,0.5882352937716263,0.30303030293847566,0.39999999535200004,330.625,10.557703256607056,2.515744686126709,0.004466533660888672,5,"[0.1974652289577055, 0.16514226830956724, 0.16796750679639322, 0.214204163217492, 0.25522083271884205]",,0.6785714234885204,0.6785714234885204,0.4878048728851875,0.6909090857917356,352.0
mechshift_delprob0.15_4faac5f103,8,fedpc_oracle,global_graph,true_dag,20,5000,5,0.5,0.2,2,mild,True,0.15,0.05,0.5,42,2145402204,"[2311575564, 2047521330, 341093290, 935965799, 1728553096]",18.0,0.6785714234885204,0.8260869561625709,0.5757575755831037,17,0.5882352937716263,0.30303030293847566,0.39999999535200004,330.625,10.557694435119629,2.5157358646392822,0.004457712173461914,5,"[0.2481246498673261, 0.17765137619218976, 0.1647357067118053, 0.21562110453263875, 0.19386716269603999]","ablation only -- requires ground truth, not deployable",0.6785714234885204,0.6785714234885204,0.4878048728851875,0.6909090857917356,352.0
mechshift_delprob0.15_4faac5f103,9,centralized,global_graph,true_dag,20,5000,5,0.5,0.2,2,mild,True,0.15,0.05,0.5,42,1414768942,"[1190142511, 3575098081, 4265418137, 4073802, 1321275074]",13.0,0.8059701440142572,0.7941176468252595,0.8181818179338842,31,0.7096774191259105,0.6666666664646465,0.6874999947900392,0.0,61.64030575752258,61.64030575752258,0.0,1,,,,,,,
mechshift_delprob0.15_4faac5f103,9,local,mean_local_graph,true_dag,20,5000,5,0.5,0.2,2,mild,True,0.15,0.05,0.5,42,1414768942,"[1190142511, 3575098081, 4265418137, 4073802, 1321275074]",12.2,0.7762577927915755,0.9759999995475799,0.648484848288338,0,0.0,0.0,0.5979520788248535,471.25,12.716690063476562,3.453559398651123,0.003915309906005859,5,,,,,,,
mechshift_delprob0.15_4faac5f103,9,naive,global_graph,true_dag,20,5000,5,0.5,0.2,2,mild,True,0.15,0.05,0.5,42,1414768942,"[1190142511, 3575098081, 4265418137, 4073802, 1321275074]",10.0,0.8214285662946428,0.9999999995652173,0.696969696758494,0,0.0,0.0,0.0,471.25,12.713109254837036,3.4499785900115967,0.0003345012664794922,5,"[0.2, 0.2, 0.2, 0.2, 0.2]","n_oriented=0 / Dir_F1=0 BY CONSTRUCTION (no Sepsets passed to orientation) -- definitional, not independent evidence of a weighting effect; see factorial ablation for that comparison.",0.8214285662946428,0.8214285662946428,0.5365853606662702,0.8214285662946428,
mechshift_delprob0.15_4faac5f103,9,fedpc_consensus,global_graph,true_dag,20,5000,5,0.5,0.2,2,mild,True,0.15,0.05,0.5,42,1414768942,"[1190142511, 3575098081, 4265418137, 4073802, 1321275074]",10.0,0.8214285662946428,0.9999999995652173,0.696969696758494,17,0.941176470034602,0.48484848470156106,0.639999995256,471.25,12.715625762939453,3.4524950981140137,0.0028510093688964844,5,"[0.2140574839518224, 0.2108600349603102, 0.20895914995981718, 0.1569106658095435, 0.20921266531850666]",,0.8214285662946428,0.8214285662946428,0.5365853606662702,0.8214285662946428,350.0
mechshift_delprob0.15_4faac5f103,9,fedpc_oracle,global_graph,true_dag,20,5000,5,0.5,0.2,2,mild,True,0.15,0.05,0.5,42,1414768942,"[1190142511, 3575098081, 4265418137, 4073802, 1321275074]",10.0,0.8214285662946428,0.9999999995652173,0.696969696758494,17,0.941176470034602,0.48484848470156106,0.639999995256,471.25,12.716418743133545,3.4532880783081055,0.0036439895629882812,5,"[0.2117957227573486, 0.18849743917375275, 0.16489286357382127, 0.2081598121684194, 0.22665416232665805]","ablation only -- requires ground truth, not deployable",0.8214285662946428,0.8214285662946428,0.5365853606662702,0.8214285662946428,350.0
mechshift_delprob0.15_4faac5f103,10,centralized,global_graph,true_dag,20,5000,5,0.5,0.2,2,mild,True,0.15,0.05,0.5,42,3812718172,"[879389325, 422745548, 812865379, 4219642250, 856153197]",23.0,0.684931501670107,0.657894736668975,0.7142857140816327,34,0.529411764550173,0.5142857141387756,0.5217391252846042,0.0,59.893211126327515,59.893211126327515,0.0,1,,,,,,,
mechshift_delprob0.15_4faac5f103,10,local,mean_local_graph,true_dag,20,5000,5,0.5,0.2,2,mild,True,0.15,0.05,0.5,42,3812718172,"[879389325, 422745548, 812865379, 4219642250, 856153197]",15.0,0.7469717088186211,0.9148024274641425,0.6342857141044898,0,0.0,0.0,0.4041208872402139,451.875,11.767370462417603,2.766887903213501,0.004608631134033203,5,,,,,,,
mechshift_delprob0.15_4faac5f103,10,naive,global_graph,true_dag,20,5000,5,0.5,0.2,2,mild,True,0.15,0.05,0.5,42,3812718172,"[879389325, 422745548, 812865379, 4219642250, 856153197]",11.0,0.8196721259876378,0.9615384611686391,0.7142857140816327,0,0.0,0.0,0.0,451.875,11.763060569763184,2.762578010559082,0.0002987384796142578,5,"[0.2, 0.2, 0.2, 0.2, 0.2]","n_oriented=0 / Dir_F1=0 BY CONSTRUCTION (no Sepsets passed to orientation) -- definitional, not independent evidence of a weighting effect; see factorial ablation for that comparison.",0.8196721259876378,0.8196721259876378,0.5365853609518144,0.8196721259876378,
mechshift_delprob0.15_4faac5f103,10,fedpc_consensus,global_graph,true_dag,20,5000,5,0.5,0.2,2,mild,True,0.15,0.05,0.5,42,3812718172,"[879389325, 422745548, 812865379, 4219642250, 856153197]",11.0,0.8196721259876378,0.9615384611686391,0.7142857140816327,15,0.8666666660888889,0.371428571322449,0.519999995592,451.875,11.765679836273193,2.765197277069092,0.0029180049896240234,5,"[0.17747006202069002, 0.22995556735734562, 0.21332091386943167, 0.22035843654497753, 0.15889502020755508]",,0.8196721259876378,0.8196721259876378,0.5365853609518144,0.8196721259876378,344.0
mechshift_delprob0.15_4faac5f103,10,fedpc_oracle,global_graph,true_dag,20,5000,5,0.5,0.2,2,mild,True,0.15,0.05,0.5,42,3812718172,"[879389325, 422745548, 812865379, 4219642250, 856153197]",11.0,0.8196721259876378,0.9615384611686391,0.7142857140816327,15,0.8666666660888889,0.371428571322449,0.519999995592,451.875,11.765144348144531,2.7646617889404297,0.002382516860961914,5,"[0.1800348219574947, 0.2032780721517106, 0.24016785487082679, 0.18744641273593404, 0.18907283828403393]","ablation only -- requires ground truth, not deployable",0.8196721259876378,0.8196721259876378,0.5365853609518144,0.8196721259876378,344.0
mechshift_delprob0.15_4faac5f103,11,centralized,global_graph,true_dag,20,5000,5,0.5,0.2,2,mild,True,0.15,0.05,0.5,42,768852238,"[3302335885, 2893145210, 4264933151, 590428212, 603166391]",14.0,0.7941176418425605,0.7499999997916666,0.8437499997363281,32,0.6874999997851562,0.6874999997851562,0.6874999947851562,0.0,24.130226612091064,24.130226612091064,0.0,1,,,,,,,
mechshift_delprob0.15_4faac5f103,11,local,mean_local_graph,true_dag,20,5000,5,0.5,0.2,2,mild,True,0.15,0.05,0.5,42,768852238,"[3302335885, 2893145210, 4264933151, 590428212, 603166391]",11.6,0.7899711348134882,0.9405467716622965,0.6812499997871093,0,0.0,0.0,0.6240481374854581,330.625,8.72233533859253,2.2036850452423096,0.006398200988769531,5,,,,,,,
mechshift_delprob0.15_4faac5f103,11,naive,global_graph,true_dag,20,5000,5,0.5,0.2,2,mild,True,0.15,0.05,0.5,42,768852238,"[3302335885, 2893145210, 4264933151, 590428212, 603166391]",9.0,0.8363636311933884,0.9999999995652173,0.7187499997753906,0,0.0,0.0,0.0,330.625,8.716388940811157,2.1977386474609375,0.00045180320739746094,5,"[0.2, 0.2, 0.2, 0.2, 0.2]","n_oriented=0 / Dir_F1=0 BY CONSTRUCTION (no Sepsets passed to orientation) -- definitional, not independent evidence of a weighting effect; see factorial ablation for that comparison.",0.8363636311933884,0.8363636311933884,0.5789473633379502,0.8363636311933884,
mechshift_delprob0.15_4faac5f103,11,fedpc_consensus,global_graph,true_dag,20,5000,5,0.5,0.2,2,mild,True,0.15,0.05,0.5,42,768852238,"[3302335885, 2893145210, 4264933151, 590428212, 603166391]",9.0,0.8363636311933884,0.9999999995652173,0.7187499997753906,20,0.9499999995249999,0.5937499998144531,0.7307692257544379,330.625,8.71828293800354,2.1996326446533203,0.0023458003997802734,5,"[0.17064366281811685, 0.20187866485153433, 0.2435689057891259, 0.17810833490813877, 0.20580043163308412]",,0.8363636311933884,0.8363636311933884,0.5789473633379502,0.8363636311933884,342.0
mechshift_delprob0.15_4faac5f103,11,fedpc_oracle,global_graph,true_dag,20,5000,5,0.5,0.2,2,mild,True,0.15,0.05,0.5,42,768852238,"[3302335885, 2893145210, 4264933151, 590428212, 603166391]",9.0,0.8363636311933884,0.9999999995652173,0.7187499997753906,20,0.9499999995249999,0.5937499998144531,0.7307692257544379,330.625,8.71923041343689,2.20058012008667,0.003293275833129883,5,"[0.20484658426682842, 0.19759595574869745, 0.22389223788113358, 0.1800409430443004, 0.19362427905904014]","ablation only -- requires ground truth, not deployable",0.8363636311933884,0.8363636311933884,0.5789473633379502,0.8363636311933884,342.0
mechshift_delprob0.15_4faac5f103,12,centralized,global_graph,true_dag,20,5000,5,0.5,0.2,2,mild,True,0.15,0.05,0.5,42,1457339577,"[2907047140, 2497304442, 3840010593, 2477905568, 2720414072]",27.0,0.5846153794366864,0.5937499998144531,0.5757575755831037,30,0.4999999998333333,0.4545454544077135,0.4761904710506425,0.0,50.92000722885132,50.92000722885132,0.0,1,,,,,,,
mechshift_delprob0.15_4faac5f103,12,local,mean_local_graph,true_dag,20,5000,5,0.5,0.2,2,mild,True,0.15,0.05,0.5,42,1457339577,"[2907047140, 2497304442, 3840010593, 2477905568, 2720414072]",20.4,0.622644050743409,0.8063005335528143,0.5090909089366391,0,0.0,0.0,0.42264406964135076,474.375,13.394605875015259,3.037579298019409,0.0048487186431884766,5,,,,,,,
mechshift_delprob0.15_4faac5f103,12,naive,global_graph,true_dag,20,5000,5,0.5,0.2,2,mild,True,0.15,0.05,0.5,42,1457339577,"[2907047140, 2497304442, 3840010593, 2477905568, 2720414072]",19.0,0.6274509755786236,0.8888888883950616,0.48484848470156106,0,0.0,0.0,0.0,474.375,13.390175104141235,3.0331485271453857,0.00041794776916503906,5,"[0.2, 0.2, 0.2, 0.2, 0.2]","n_oriented=0 / Dir_F1=0 BY CONSTRUCTION (no Sepsets passed to orientation) -- definitional, not independent evidence of a weighting effect; see factorial ablation for that comparison.",0.6274509755786236,0.6274509755786236,0.44444443919753085,0.6274509755786236,
mechshift_delprob0.15_4faac5f103,12,fedpc_consensus,global_graph,true_dag,20,5000,5,0.5,0.2,2,mild,True,0.15,0.05,0.5,42,1457339577,"[2907047140, 2497304442, 3840010593, 2477905568, 2720414072]",19.0,0.6274509755786236,0.8888888883950616,0.48484848470156106,14,0.7857142851530612,0.3333333332323232,0.4680851020009055,474.375,13.393621444702148,3.036594867706299,0.003864288330078125,5,"[0.1805796254192356, 0.22490476417114058, 0.1446962195646841, 0.24484772197526156, 0.20497166886967821]",,0.6274509755786236,0.6274509755786236,0.44444443919753085,0.6274509755786236,356.0
mechshift_delprob0.15_4faac5f103,12,fedpc_oracle,global_graph,true_dag,20,5000,5,0.5,0.2,2,mild,True,0.15,0.05,0.5,42,1457339577,"[2907047140, 2497304442, 3840010593, 2477905568, 2720414072]",19.0,0.6274509755786236,0.8888888883950616,0.48484848470156106,14,0.7857142851530612,0.3333333332323232,0.4680851020009055,474.375,13.39375901222229,3.0367324352264404,0.0040018558502197266,5,"[0.2509945724573801, 0.18579853089536166, 0.21789396696072616, 0.21789396696072616, 0.12741896272580594]","ablation only -- requires ground truth, not deployable",0.6274509755786236,0.6274509755786236,0.44444443919753085,0.6274509755786236,362.0
mechshift_delprob0.15_4faac5f103,13,centralized,global_graph,true_dag,20,5000,5,0.5,0.2,2,mild,True,0.15,0.05,0.5,42,3706027083,"[2472507425, 207740285, 54589523, 3972140889, 1158474581]",22.0,0.6857142805836735,0.7741935481373569,0.6153846152268244,30,0.5666666664777777,0.4358974357856673,0.49275361813064483,0.0,54.79801273345947,54.79801273345947,0.0,1,,,,,,,
mechshift_delprob0.15_4faac5f103,13,local,mean_local_graph,true_dag,20,5000,5,0.5,0.2,2,mild,True,0.15,0.05,0.5,42,3706027083,"[2472507425, 207740285, 54589523, 3972140889, 1158474581]",23.6,0.6345867505849709,0.800930486821659,0.528205128069691,0,0.0,0.0,0.44937572061317316,458.75,14.104105710983276,3.789731979370117,0.005044221878051758,5,,,,,,,
mechshift_delprob0.15_4faac5f103,13,naive,global_graph,true_dag,20,5000,5,0.5,0.2,2,mild,True,0.15,0.05,0.5,42,3706027083,"[2472507425, 207740285, 54589523, 3972140889, 1158474581]",22.0,0.6562499950341798,0.839999999664,0.5384615383234714,0,0.0,0.0,0.0,458.75,14.099602222442627,3.7852284908294678,0.0005407333374023438,5,"[0.2, 0.2, 0.2, 0.2, 0.2]","n_oriented=0 / Dir_F1=0 BY CONSTRUCTION (no Sepsets passed to orientation) -- definitional, not independent evidence of a weighting effect; see factorial ablation for that comparison.",0.6562499950341798,0.6562499950341798,0.4090909039979339,0.6562499950341798,
mechshift_delprob0.15_4faac5f103,13,fedpc_consensus,global_graph,true_dag,20,5000,5,0.5,0.2,2,mild,True,0.15,0.05,0.5,42,3706027083,"[2472507425, 207740285, 54589523, 3972140889, 1158474581]",22.0,0.6562499950341798,0.839999999664,0.5384615383234714,19,0.6842105259556787,0.33333333324786324,0.448275857508918,458.75,14.101800203323364,3.787426471710205,0.0027387142181396484,5,"[0.17114815422196078, 0.2087528869780997, 0.2113400072301334, 0.24542491990768825, 0.1633340316621178]",,0.6562499950341798,0.6562499950341798,0.4090909039979339,0.6562499950341798,352.0
mechshift_delprob0.15_4faac5f103,13,fedpc_oracle,global_graph,true_dag,20,5000,5,0.5,0.2,2,mild,True,0.15,0.05,0.5,42,3706027083,"[2472507425, 207740285, 54589523, 3972140889, 1158474581]",22.0,0.6562499950341798,0.839999999664,0.5384615383234714,17,0.6470588231487889,0.2820512819789612,0.3928571384885204,458.75,14.101755142211914,3.787381410598755,0.002693653106689453,5,"[0.15831750894228366, 0.26077636022841993, 0.20642445302795007, 0.19875245362465832, 0.17572922417668801]","ablation only -- requires ground truth, not deployable",0.6562499950341798,0.6562499950341798,0.4090909039979339,0.6562499950341798,356.0
mechshift_delprob0.15_4faac5f103,14,centralized,global_graph,true_dag,20,5000,5,0.5,0.2,2,mild,True,0.15,0.05,0.5,42,41230783,"[3738879739, 3481031619, 685941444, 1469252581, 3221227916]",34.0,0.6046511577474312,0.702702702512783,0.530612244789671,34,0.529411764550173,0.3673469387005414,0.4337349348178255,0.0,65.85052013397217,65.85052013397217,0.0,1,,,,,,,
mechshift_delprob0.15_4faac5f103,14,local,mean_local_graph,true_dag,20,5000,5,0.5,0.2,2,mild,True,0.15,0.05,0.5,42,41230783,"[3738879739, 3481031619, 685941444, 1469252581, 3221227916]",31.4,0.5766121536060755,0.8419047615713401,0.4408163264406498,0,0.0,0.0,0.3959757709269975,595.0,23.808651447296143,5.784727096557617,0.0054547786712646484,5,,,,,,,
mechshift_delprob0.15_4faac5f103,14,naive,global_graph,true_dag,20,5000,5,0.5,0.2,2,mild,True,0.15,0.05,0.5,42,41230783,"[3738879739, 3481031619, 685941444, 1469252581, 3221227916]",29.0,0.5915492913310851,0.9545454541115702,0.428571428483965,0,0.0,0.0,0.0,595.0,23.80355477333069,5.779630422592163,0.0003581047058105469,5,"[0.2, 0.2, 0.2, 0.2, 0.2]","n_oriented=0 / Dir_F1=0 BY CONSTRUCTION (no Sepsets passed to orientation) -- definitional, not independent evidence of a weighting effect; see factorial ablation for that comparison.",0.5915492913310851,0.5915492913310851,0.5454545402066117,0.5915492913310851,
mechshift_delprob0.15_4faac5f103,14,fedpc_consensus,global_graph,true_dag,20,5000,5,0.5,0.2,2,mild,True,0.15,0.05,0.5,42,41230783,"[3738879739, 3481031619, 685941444, 1469252581, 3221227916]",29.0,0.5915492913310851,0.9545454541115702,0.428571428483965,11,0.7272727266115702,0.16326530608912954,0.26666666358333335,595.0,23.806488037109375,5.78256368637085,0.0032913684844970703,5,"[0.1542866424407768, 0.19724914324313345, 0.17425763146028272, 0.2486099652888382, 0.22559661756696892]",,0.5915492913310851,0.5915492913310851,0.5454545402066117,0.5915492913310851,356.0
mechshift_delprob0.15_4faac5f103,14,fedpc_oracle,global_graph,true_dag,20,5000,5,0.5,0.2,2,mild,True,0.15,0.05,0.5,42,41230783,"[3738879739, 3481031619, 685941444, 1469252581, 3221227916]",29.0,0.5915492913310851,0.9545454541115702,0.428571428483965,12,0.749999999375,0.1836734693502707,0.2950819639559258,595.0,23.808302879333496,5.784378528594971,0.005106210708618164,5,"[0.15688046392011537, 0.29804498332818713, 0.17330715243681485, 0.19367958512276753, 0.17808781519211503]","ablation only -- requires ground truth, not deployable",0.5915492913310851,0.5915492913310851,0.5454545402066117,0.5915492913310851,360.0
mechshift_delprob0.25_312e4892c2,0,centralized,global_graph,true_dag,20,5000,5,0.5,0.2,2,mild,True,0.25,0.05,0.5,42,3418248737,"[911849076, 1863754994, 3306440639, 4268272978, 163392572]",18.0,0.7631578895394738,0.7837837835719503,0.7435897433990796,30,0.5666666664777777,0.4358974357856673,0.49275361813064483,0.0,62.66019535064697,62.66019535064697,0.0,1,,,,,,,
mechshift_delprob0.25_312e4892c2,0,local,mean_local_graph,true_dag,20,5000,5,0.5,0.2,2,mild,True,0.25,0.05,0.5,42,3418248737,"[911849076, 1863754994, 3306440639, 4268272978, 163392572]",18.0,0.7173355627030429,0.9263444566796176,0.5897435895923734,0,0.0,0.0,0.5164627606470231,455.0,13.730855226516724,3.0919439792633057,0.0066754817962646484,5,,,,,,,
mechshift_delprob0.25_312e4892c2,0,naive,global_graph,true_dag,20,5000,5,0.5,0.2,2,mild,True,0.25,0.05,0.5,42,3418248737,"[911849076, 1863754994, 3306440639, 4268272978, 163392572]",14.0,0.7812499949951173,0.9999999996,0.6410256408612754,0,0.0,0.0,0.0,455.0,13.724578857421875,3.085667610168457,0.0003991127014160156,5,"[0.2, 0.2, 0.2, 0.2, 0.2]","n_oriented=0 / Dir_F1=0 BY CONSTRUCTION (no Sepsets passed to orientation) -- definitional, not independent evidence of a weighting effect; see factorial ablation for that comparison.",0.7812499949951173,0.7812499949951173,0.594594589890431,0.8474576219477163,
mechshift_delprob0.25_312e4892c2,0,fedpc_consensus,global_graph,true_dag,20,5000,5,0.5,0.2,2,mild,True,0.25,0.05,0.5,42,3418248737,"[911849076, 1863754994, 3306440639, 4268272978, 163392572]",14.0,0.7812499949951173,0.9999999996,0.6410256408612754,22,0.8181818178099173,0.46153846142011834,0.5901639296210696,455.0,13.728193998336792,3.089282751083374,0.004014253616333008,5,"[0.20241662551021808, 0.1906830259527251, 0.1835175997239307, 0.21526082009470912, 0.20812192871841695]",,0.7812499949951173,0.7812499949951173,0.594594589890431,0.8474576219477163,348.0
mechshift_delprob0.25_312e4892c2,0,fedpc_oracle,global_graph,true_dag,20,5000,5,0.5,0.2,2,mild,True,0.25,0.05,0.5,42,3418248737,"[911849076, 1863754994, 3306440639, 4268272978, 163392572]",14.0,0.7812499949951173,0.9999999996,0.6410256408612754,22,0.8181818178099173,0.46153846142011834,0.5901639296210696,455.0,13.728069543838501,3.089158296585083,0.003889799118041992,5,"[0.1883237667593656, 0.1723037866283217, 0.19525371876756428, 0.23071125411105592, 0.21340747373369248]","ablation only -- requires ground truth, not deployable",0.7812499949951173,0.7812499949951173,0.594594589890431,0.8474576219477163,348.0
mechshift_delprob0.25_312e4892c2,1,centralized,global_graph,true_dag,20,5000,5,0.5,0.2,2,mild,True,0.25,0.05,0.5,42,1405245430,"[1402706546, 4083621176, 4005218444, 3486129756, 616871624]",27.0,0.6896551672611969,0.6666666665185185,0.7142857141156462,44,0.4999999998863636,0.5238095236848073,0.5116279018604651,0.0,94.00920605659485,94.00920605659485,0.0,1,,,,,,,
mechshift_delprob0.25_312e4892c2,1,local,mean_local_graph,true_dag,20,5000,5,0.5,0.2,2,mild,True,0.25,0.05,0.5,42,1405245430,"[1402706546, 4083621176, 4005218444, 3486129756, 616871624]",22.0,0.670527039056902,0.9032564098918574,0.5333333332063492,0,0.0,0.0,0.5332135305123106,466.25,13.425889492034912,3.387354612350464,0.005130290985107422,5,,,,,,,
mechshift_delprob0.25_312e4892c2,1,naive,global_graph,true_dag,20,5000,5,0.5,0.2,2,mild,True,0.25,0.05,0.5,42,1405245430,"[1402706546, 4083621176, 4005218444, 3486129756, 616871624]",17.0,0.7462686518155491,0.9999999996,0.5952380950963718,0,0.0,0.0,0.0,466.25,13.421170949935913,3.382636070251465,0.00041174888610839844,5,"[0.2, 0.2, 0.2, 0.2, 0.2]","n_oriented=0 / Dir_F1=0 BY CONSTRUCTION (no Sepsets passed to orientation) -- definitional, not independent evidence of a weighting effect; see factorial ablation for that comparison.",0.7462686518155491,0.7462686518155491,0.5789473636149586,0.7812499949951173,
mechshift_delprob0.25_312e4892c2,1,fedpc_consensus,global_graph,true_dag,20,5000,5,0.5,0.2,2,mild,True,0.25,0.05,0.5,42,1405245430,"[1402706546, 4083621176, 4005218444, 3486129756, 616871624]",17.0,0.7462686518155491,0.9999999996,0.5952380950963718,24,0.7916666663368055,0.4523809522732426,0.5757575709550046,466.25,13.423940658569336,3.3854057788848877,0.00318145751953125,5,"[0.16720749198655377, 0.2177515975226968, 0.18717184515815125, 0.22965225466206698, 0.19821681067053118]",,0.7462686518155491,0.7462686518155491,0.5789473636149586,0.7812499949951173,352.0
mechshift_delprob0.25_312e4892c2,1,fedpc_oracle,global_graph,true_dag,20,5000,5,0.5,0.2,2,mild,True,0.25,0.05,0.5,42,1405245430,"[1402706546, 4083621176, 4005218444, 3486129756, 616871624]",17.0,0.7462686518155491,0.9999999996,0.5952380950963718,24,0.7916666663368055,0.4523809522732426,0.5757575709550046,466.25,13.424209594726562,3.3856747150421143,0.0034503936767578125,5,"[0.18000047280236417, 0.20952169292350795, 0.19755153944205092, 0.203404601908569, 0.20952169292350795]","ablation only -- requires ground truth, not deployable",0.7462686518155491,0.7462686518155491,0.5789473636149586,0.7812499949951173,352.0
mechshift_delprob0.25_312e4892c2,2,centralized,global_graph,true_dag,20,5000,5,0.5,0.2,2,mild,True,0.25,0.05,0.5,42,900887695,"[149232262, 536042979, 3367826029, 3829445878, 3015415612]",15.0,0.788732389152946,0.7567567565522278,0.8235294115224914,35,0.5714285712653061,0.5882352939446367,0.5797101397605545,0.0,35.41654419898987,35.41654419898987,0.0,1,,,,,,,
mechshift_delprob0.25_312e4892c2,2,local,mean_local_graph,true_dag,20,5000,5,0.5,0.2,2,mild,True,0.25,0.05,0.5,42,900887695,"[149232262, 536042979, 3367826029, 3829445878, 3015415612]",12.4,0.7870651152975405,0.9422207353990177,0.6764705880363322,0,0.0,0.0,0.5874061076431121,299.375,6.658474683761597,1.6015400886535645,0.0052490234375,5,,,,,,,
mechshift_delprob0.25_312e4892c2,2,naive,global_graph,true_dag,20,5000,5,0.5,0.2,2,mild,True,0.25,0.05,0.5,42,900887695,"[149232262, 536042979, 3367826029, 3829445878, 3015415612]",8.0,0.8666666614666667,0.9999999996153845,0.7647058821280277,0,0.0,0.0,0.0,299.375,6.653658866882324,1.596724271774292,0.00043320655822753906,5,"[0.2, 0.2, 0.2, 0.2, 0.2]","n_oriented=0 / Dir_F1=0 BY CONSTRUCTION (no Sepsets passed to orientation) -- definitional, not independent evidence of a weighting effect; see factorial ablation for that comparison.",0.8666666614666667,0.8666666614666667,0.4571428530612246,0.9122806964727608,
mechshift_delprob0.25_312e4892c2,2,fedpc_consensus,global_graph,true_dag,20,5000,5,0.5,0.2,2,mild,True,0.25,0.05,0.5,42,900887695,"[149232262, 536042979, 3367826029, 3829445878, 3015415612]",8.0,0.8666666614666667,0.9999999996153845,0.7647058821280277,22,0.9090909086776859,0.5882352939446367,0.7142857092602041,299.375,6.6574413776397705,1.6005067825317383,0.004215717315673828,5,"[0.2372630156273836, 0.18779851797628816, 0.19939429452971585, 0.1881717422794035, 0.18737242958720882]",,0.8666666614666667,0.8666666614666667,0.4571428530612246,0.9122806964727608,346.0
mechshift_delprob0.25_312e4892c2,2,fedpc_oracle,global_graph,true_dag,20,5000,5,0.5,0.2,2,mild,True,0.25,0.05,0.5,42,900887695,"[149232262, 536042979, 3367826029, 3829445878, 3015415612]",8.0,0.8666666614666667,0.9999999996153845,0.7647058821280277,22,0.9090909086776859,0.5882352939446367,0.7142857092602041,299.375,6.656518936157227,1.5995843410491943,0.003293275833129883,5,"[0.20955333491537614, 0.15845242687363784, 0.19558712575387563, 0.2234426805232008, 0.21296443193390965]","ablation only -- requires ground truth, not deployable",0.8666666614666667,0.8666666614666667,0.4571428530612246,0.9122806964727608,346.0
mechshift_delprob0.25_312e4892c2,3,centralized,global_graph,true_dag,20,5000,5,0.5,0.2,2,mild,True,0.25,0.05,0.5,42,1873391540,"[4183070156, 722143945, 4066068790, 14179749, 4035893129]",35.0,0.5977011442885455,0.6046511626500811,0.5909090907747934,40,0.34999999991249997,0.31818181810950413,0.3333333282653062,0.0,77.6849889755249,77.6849889755249,0.0,1,,,,,,,
mechshift_delprob0.25_312e4892c2,3,local,mean_local_graph,true_dag,20,5000,5,0.5,0.2,2,mild,True,0.25,0.05,0.5,42,1873391540,"[4183070156, 722143945, 4066068790, 14179749, 4035893129]",23.6,0.6541387218853175,0.9183975151491897,0.5090909089752066,0,0.0,0.0,0.4728989341531295,422.5,12.852368116378784,3.398526906967163,0.0069429874420166016,5,,,,,,,
mechshift_delprob0.25_312e4892c2,3,naive,global_graph,true_dag,20,5000,5,0.5,0.2,2,mild,True,0.25,0.05,0.5,42,1873391540,"[4183070156, 722143945, 4066068790, 14179749, 4035893129]",21.0,0.6865671594653598,0.9999999995652173,0.5227272726084711,0,0.0,0.0,0.0,422.5,12.845818042755127,3.391976833343506,0.000392913818359375,5,"[0.2, 0.2, 0.2, 0.2, 0.2]","n_oriented=0 / Dir_F1=0 BY CONSTRUCTION (no Sepsets passed to orientation) -- definitional, not independent evidence of a weighting effect; see factorial ablation for that comparison.",0.6865671594653598,0.6865671594653598,0.3636363591919192,0.7301587252910052,
mechshift_delprob0.25_312e4892c2,3,fedpc_consensus,global_graph,true_dag,20,5000,5,0.5,0.2,2,mild,True,0.25,0.05,0.5,42,1873391540,"[4183070156, 722143945, 4066068790, 14179749, 4035893129]",21.0,0.6865671594653598,0.9999999995652173,0.5227272726084711,12,0.8333333326388889,0.2272727272210744,0.3571428536479593,422.5,12.848442077636719,3.3946008682250977,0.003016948699951172,5,"[0.22119388256722664, 0.21398275362313837, 0.21431082518233513, 0.16662216568065208, 0.18389037294664773]",,0.6865671594653598,0.6865671594653598,0.3636363591919192,0.7301587252910052,364.0
mechshift_delprob0.25_312e4892c2,3,fedpc_oracle,global_graph,true_dag,20,5000,5,0.5,0.2,2,mild,True,0.25,0.05,0.5,42,1873391540,"[4183070156, 722143945, 4066068790, 14179749, 4035893129]",21.0,0.6865671594653598,0.9999999995652173,0.5227272726084711,12,0.8333333326388889,0.2272727272210744,0.3571428536479593,422.5,12.848498582839966,3.3946573734283447,0.003073453903198242,5,"[0.2192018180498777, 0.16574806625180907, 0.22426066698268626, 0.16574806625180907, 0.2250413824638178]","ablation only -- requires ground truth, not deployable",0.6865671594653598,0.6865671594653598,0.3636363591919192,0.7301587252910052,364.0
mechshift_delprob0.25_312e4892c2,4,centralized,global_graph,true_dag,20,5000,5,0.5,0.2,2,mild,True,0.25,0.05,0.5,42,3245911811,"[3424352172, 1023375206, 358744952, 4046573427, 2012365566]",27.0,0.6823529360166091,0.6904761903117914,0.6744186044943212,40,0.47499999988124997,0.44186046501352083,0.45783132019741624,0.0,95.81315541267395,95.81315541267395,0.0,1,,,,,,,
mechshift_delprob0.25_312e4892c2,4,local,mean_local_graph,true_dag,20,5000,5,0.5,0.2,2,mild,True,0.25,0.05,0.5,42,3245911811,"[3424352172, 1023375206, 358744952, 4046573427, 2012365566]",23.4,0.6582989167756571,0.8828800760990017,0.525581395226609,0,0.0,0.0,0.4563129706018435,518.125,17.44156289100647,4.881016731262207,0.006522178649902344,5,,,,,,,
mechshift_delprob0.25_312e4892c2,4,naive,global_graph,true_dag,20,5000,5,0.5,0.2,2,mild,True,0.25,0.05,0.5,42,3245911811,"[3424352172, 1023375206, 358744952, 4046573427, 2012365566]",19.0,0.7164179056359992,0.9999999995833333,0.558139534753921,0,0.0,0.0,0.0,518.125,17.435593605041504,4.875047445297241,0.0005528926849365234,5,"[0.2, 0.2, 0.2, 0.2, 0.2]","n_oriented=0 / Dir_F1=0 BY CONSTRUCTION (no Sepsets passed to orientation) -- definitional, not independent evidence of a weighting effect; see factorial ablation for that comparison.",0.7164179056359992,0.7164179056359992,0.5142857096816328,0.7384615335763314,
mechshift_delprob0.25_312e4892c2,4,fedpc_consensus,global_graph,true_dag,20,5000,5,0.5,0.2,2,mild,True,0.25,0.05,0.5,42,3245911811,"[3424352172, 1023375206, 358744952, 4046573427, 2012365566]",19.0,0.7164179056359992,0.9999999995833333,0.558139534753921,14,0.9285714279081632,0.30232558132504056,0.45614034701138817,518.125,17.439258575439453,4.87871241569519,0.004217863082885742,5,"[0.1523081679469376, 0.240402690124954, 0.1919509599206523, 0.23903186863782488, 0.17630631336963118]",,0.7164179056359992,0.7164179056359992,0.5142857096816328,0.7384615335763314,350.0
mechshift_delprob0.25_312e4892c2,4,fedpc_oracle,global_graph,true_dag,20,5000,5,0.5,0.2,2,mild,True,0.25,0.05,0.5,42,3245911811,"[3424352172, 1023375206, 358744952, 4046573427, 2012365566]",19.0,0.7164179056359992,0.9999999995833333,0.558139534753921,14,0.9285714279081632,0.30232558132504056,0.45614034701138817,518.125,17.43945622444153,4.878910064697266,0.0044155120849609375,5,"[0.2046788742718666, 0.21048507919026815, 0.16915609428364425, 0.22286395396938902, 0.19281599828483198]","ablation only -- requires ground truth, not deployable",0.7164179056359992,0.7164179056359992,0.5142857096816328,0.7384615335763314,350.0
mechshift_delprob0.25_312e4892c2,5,centralized,global_graph,true_dag,20,5000,5,0.5,0.2,2,mild,True,0.25,0.05,0.5,42,1633942782,"[1955441869, 24941458, 2349371565, 3546263466, 2312520381]",22.0,0.7027026975164354,0.6842105261357341,0.7222222220216049,37,0.48648648635500363,0.4999999998611111,0.4931506797973354,0.0,64.37249875068665,64.37249875068665,0.0,1,,,,,,,
mechshift_delprob0.25_312e4892c2,5,local,mean_local_graph,true_dag,20,5000,5,0.5,0.2,2,mild,True,0.25,0.05,0.5,42,1633942782,"[1955441869, 24941458, 2349371565, 3546263466, 2312520381]",17.8,0.6982039795472368,0.8966356103748083,0.5722222220632716,0,0.0,0.0,0.5351082598511416,400.0,11.340331554412842,3.2665913105010986,0.004708766937255859,5,,,,,,,
mechshift_delprob0.25_312e4892c2,5,naive,global_graph,true_dag,20,5000,5,0.5,0.2,2,mild,True,0.25,0.05,0.5,42,1633942782,"[1955441869, 24941458, 2349371565, 3546263466, 2312520381]",15.0,0.7457627068543523,0.9565217387145557,0.6111111109413581,0,0.0,0.0,0.0,400.0,11.335931539535522,3.2621912956237793,0.00030875205993652344,5,"[0.2, 0.2, 0.2, 0.2, 0.2]","n_oriented=0 / Dir_F1=0 BY CONSTRUCTION (no Sepsets passed to orientation) -- definitional, not independent evidence of a weighting effect; see factorial ablation for that comparison.",0.7457627068543523,0.7457627068543523,0.27586206549346015,0.7457627068543523,
mechshift_delprob0.25_312e4892c2,5,fedpc_consensus,global_graph,true_dag,20,5000,5,0.5,0.2,2,mild,True,0.25,0.05,0.5,42,1633942782,"[1955441869, 24941458, 2349371565, 3546263466, 2312520381]",15.0,0.7457627068543523,0.9565217387145557,0.6111111109413581,18,0.777777777345679,0.3888888887808642,0.5185185138820302,400.0,11.339146852493286,3.265406608581543,0.0035240650177001953,5,"[0.2061045878582284, 0.2608989765050629, 0.19686235852704412, 0.16440407317543804, 0.17173000393422652]",,0.7457627068543523,0.7457627068543523,0.27586206549346015,0.7457627068543523,356.0
mechshift_delprob0.25_312e4892c2,5,fedpc_oracle,global_graph,true_dag,20,5000,5,0.5,0.2,2,mild,True,0.25,0.05,0.5,42,1633942782,"[1955441869, 24941458, 2349371565, 3546263466, 2312520381]",15.0,0.7457627068543523,0.9565217387145557,0.6111111109413581,20,0.749999999625,0.41666666655092593,0.5357142809311225,400.0,11.338719129562378,3.2649788856506348,0.003096342086791992,5,"[0.24027650839135667, 0.2013114239105031, 0.2071537058022782, 0.18168355987905843, 0.1695748020168036]","ablation only -- requires ground truth, not deployable",0.7457627068543523,0.7457627068543523,0.27586206549346015,0.7457627068543523,356.0
mechshift_delprob0.25_312e4892c2,6,centralized,global_graph,true_dag,20,5000,5,0.5,0.2,2,mild,True,0.25,0.05,0.5,42,3557497960,"[574020672, 2111944437, 3922801788, 1893165994, 1198634850]",37.0,0.5066666615395558,0.5277777776311728,0.48717948705456937,31,0.41935483857440164,0.33333333324786324,0.3714285663877551,0.0,105.73808884620667,105.73808884620667,0.0,1,,,,,,,
mechshift_delprob0.25_312e4892c2,6,local,mean_local_graph,true_dag,20,5000,5,0.5,0.2,2,mild,True,0.25,0.05,0.5,42,3557497960,"[574020672, 2111944437, 3922801788, 1893165994, 1198634850]",22.0,0.6467291759397955,0.8617707506197908,0.5179487178159106,0,0.0,0.0,0.45176198336256246,501.875,13.931081771850586,3.283308982849121,0.00410914421081543,5,,,,,,,
mechshift_delprob0.25_312e4892c2,6,naive,global_graph,true_dag,20,5000,5,0.5,0.2,2,mild,True,0.25,0.05,0.5,42,3557497960,"[574020672, 2111944437, 3922801788, 1893165994, 1198634850]",18.0,0.6999999952166667,0.9999999995238095,0.5384615383234714,0,0.0,0.0,0.0,501.875,13.927387952804565,3.2796151638031006,0.0004153251647949219,5,"[0.2, 0.2, 0.2, 0.2, 0.2]","n_oriented=0 / Dir_F1=0 BY CONSTRUCTION (no Sepsets passed to orientation) -- definitional, not independent evidence of a weighting effect; see factorial ablation for that comparison.",0.6999999952166667,0.6999999952166667,0.5624999951367187,0.749999995044643,
mechshift_delprob0.25_312e4892c2,6,fedpc_consensus,global_graph,true_dag,20,5000,5,0.5,0.2,2,mild,True,0.25,0.05,0.5,42,3557497960,"[574020672, 2111944437, 3922801788, 1893165994, 1198634850]",18.0,0.6999999952166667,0.9999999995238095,0.5384615383234714,15,0.5999999996,0.23076923071005917,0.3333333291975309,501.875,13.931292295455933,3.2835195064544678,0.004319667816162109,5,"[0.222697617985866, 0.21064379793824692, 0.18395103930176135, 0.19602581948302114, 0.1866817252911047]",,0.6999999952166667,0.6999999952166667,0.5624999951367187,0.749999995044643,356.0
mechshift_delprob0.25_312e4892c2,6,fedpc_oracle,global_graph,true_dag,20,5000,5,0.5,0.2,2,mild,True,0.25,0.05,0.5,42,3557497960,"[574020672, 2111944437, 3922801788, 1893165994, 1198634850]",18.0,0.6999999952166667,0.9999999995238095,0.5384615383234714,16,0.6874999995703125,0.2820512819789612,0.39999999572892564,501.875,13.931394815444946,3.2836220264434814,0.004422187805175781,5,"[0.2232035749960026, 0.2741303482369828, 0.18325813567815982, 0.14201368443511622, 0.17739425665373856]","ablation only -- requires ground truth, not deployable",0.6999999952166667,0.6999999952166667,0.5624999951367187,0.749999995044643,360.0
mechshift_delprob0.25_312e4892c2,7,centralized,global_graph,true_dag,20,5000,5,0.5,0.2,2,mild,True,0.25,0.05,0.5,42,2079841472,"[2903597826, 2080221967, 1308955721, 2269104035, 211441429]",22.0,0.724999994971875,0.6170212764644636,0.8787878785215794,46,0.5217391303213611,0.7272727270523416,0.6075949316904343,0.0,58.2452187538147,58.2452187538147,0.0,1,,,,,,,
mechshift_delprob0.25_312e4892c2,7,local,mean_local_graph,true_dag,20,5000,5,0.5,0.2,2,mild,True,0.25,0.05,0.5,42,2079841472,"[2903597826, 2080221967, 1308955721, 2269104035, 211441429]",12.0,0.7819151779761688,0.973818181376919,0.6545454543471074,0,0.0,0.0,0.6595617679849576,331.875,7.286375045776367,1.7100870609283447,0.0044040679931640625,5,,,,,,,
mechshift_delprob0.25_312e4892c2,7,naive,global_graph,true_dag,20,5000,5,0.5,0.2,2,mild,True,0.25,0.05,0.5,42,2079841472,"[2903597826, 2080221967, 1308955721, 2269104035, 211441429]",7.0,0.8813559269750071,0.9999999996153845,0.7878787876400367,0,0.0,0.0,0.0,331.875,7.282533645629883,1.7062456607818604,0.0005626678466796875,5,"[0.2, 0.2, 0.2, 0.2, 0.2]","n_oriented=0 / Dir_F1=0 BY CONSTRUCTION (no Sepsets passed to orientation) -- definitional, not independent evidence of a weighting effect; see factorial ablation for that comparison.",0.8813559269750071,0.8813559269750071,0.42424242064279155,0.9285714232653062,
mechshift_delprob0.25_312e4892c2,7,fedpc_consensus,global_graph,true_dag,20,5000,5,0.5,0.2,2,mild,True,0.25,0.05,0.5,42,2079841472,"[2903597826, 2080221967, 1308955721, 2269104035, 211441429]",7.0,0.8813559269750071,0.9999999996153845,0.7878787876400367,20,0.9999999995,0.6060606058769513,0.7547169761480954,331.875,7.284798622131348,1.7085106372833252,0.0028276443481445312,5,"[0.196436748881676, 0.1944584697233518, 0.24951742024776022, 0.1756315036598733, 0.1839558574873388]",,0.8813559269750071,0.8813559269750071,0.42424242064279155,0.9285714232653062,348.0
mechshift_delprob0.25_312e4892c2,7,fedpc_oracle,global_graph,true_dag,20,5000,5,0.5,0.2,2,mild,True,0.25,0.05,0.5,42,2079841472,"[2903597826, 2080221967, 1308955721, 2269104035, 211441429]",7.0,0.8813559269750071,0.9999999996153845,0.7878787876400367,20,0.9999999995,0.6060606058769513,0.7547169761480954,331.875,7.285268545150757,1.7089805603027344,0.003297567367553711,5,"[0.19052037216327514, 0.22376631366133667, 0.19052037216327514, 0.18609575339597342, 0.2090971886161397]","ablation only -- requires ground truth, not deployable",0.8813559269750071,0.8813559269750071,0.42424242064279155,0.9285714232653062,348.0
mechshift_delprob0.25_312e4892c2,8,centralized,global_graph,true_dag,20,5000,5,0.5,0.2,2,mild,True,0.25,0.05,0.5,42,2145402204,"[2311575564, 2047521330, 341093290, 935965799, 1728553096]",19.0,0.7076923024757397,0.7187499997753906,0.696969696758494,30,0.5999999998,0.5454545452892562,0.5714285662585035,0.0,60.24100351333618,60.24100351333618,0.0,1,,,,,,,
mechshift_delprob0.25_312e4892c2,8,local,mean_local_graph,true_dag,20,5000,5,0.5,0.2,2,mild,True,0.25,0.05,0.5,42,2145402204,"[2311575564, 2047521330, 341093290, 935965799, 1728553096]",17.2,0.6717649038222319,0.8963852809284265,0.5393939392304866,0,0.0,0.0,0.4687695548708157,335.0,10.059302806854248,2.3491897583007812,0.005026340484619141,5,,,,,,,
mechshift_delprob0.25_312e4892c2,8,naive,global_graph,true_dag,20,5000,5,0.5,0.2,2,mild,True,0.25,0.05,0.5,42,2145402204,"[2311575564, 2047521330, 341093290, 935965799, 1728553096]",17.0,0.6530612198250729,0.999999999375,0.48484848470156106,0,0.0,0.0,0.0,335.0,10.054712057113647,2.3445990085601807,0.0004355907440185547,5,"[0.2, 0.2, 0.2, 0.2, 0.2]","n_oriented=0 / Dir_F1=0 BY CONSTRUCTION (no Sepsets passed to orientation) -- definitional, not independent evidence of a weighting effect; see factorial ablation for that comparison.",0.6530612198250729,0.6530612198250729,0.5384615333136096,0.7111111062123457,
mechshift_delprob0.25_312e4892c2,8,fedpc_consensus,global_graph,true_dag,20,5000,5,0.5,0.2,2,mild,True,0.25,0.05,0.5,42,2145402204,"[2311575564, 2047521330, 341093290, 935965799, 1728553096]",16.0,0.6923076874038463,0.9473684205540166,0.5454545452892562,13,0.8461538455029586,0.3333333332323232,0.4782608653024575,335.0,10.057870149612427,2.34775710105896,0.0035936832427978516,5,"[0.14578108891687538, 0.2653004963112905, 0.14296839487952132, 0.2757547811597059, 0.17019523873260697]",,0.6923076874038463,0.6923076874038463,0.5517241330321047,0.7499999949045139,356.0
mechshift_delprob0.25_312e4892c2,8,fedpc_oracle,global_graph,true_dag,20,5000,5,0.5,0.2,2,mild,True,0.25,0.05,0.5,42,2145402204,"[2311575564, 2047521330, 341093290, 935965799, 1728553096]",17.0,0.6530612198250729,0.999999999375,0.48484848470156106,12,0.9166666659027777,0.3333333332323232,0.4888888847604938,335.0,10.056987524032593,2.346874475479126,0.002711057662963867,5,"[0.24050496555276774, 0.18038386099980286, 0.18038386099980286, 0.2556023169979686, 0.14312499544965804]","ablation only -- requires ground truth, not deployable",0.6530612198250729,0.6530612198250729,0.5384615333136096,0.7111111062123457,356.0
mechshift_delprob0.25_312e4892c2,9,centralized,global_graph,true_dag,20,5000,5,0.5,0.2,2,mild,True,0.25,0.05,0.5,42,1414768942,"[1190142511, 3575098081, 4265418137, 4073802, 1321275074]",16.0,0.7777777725964506,0.7179487177646285,0.8484848482277318,36,0.6111111109413581,0.6666666664646465,0.6376811542449067,0.0,58.811530113220215,58.811530113220215,0.0,1,,,,,,,
mechshift_delprob0.25_312e4892c2,9,local,mean_local_graph,true_dag,20,5000,5,0.5,0.2,2,mild,True,0.25,0.05,0.5,42,1414768942,"[1190142511, 3575098081, 4265418137, 4073802, 1321275074]",13.0,0.7594631244261048,0.9718614714010693,0.6242424240532598,0,0.0,0.0,0.5008854192931047,412.5,10.032843589782715,3.2210443019866943,0.003132343292236328,5,,,,,,,
mechshift_delprob0.25_312e4892c2,9,naive,global_graph,true_dag,20,5000,5,0.5,0.2,2,mild,True,0.25,0.05,0.5,42,1414768942,"[1190142511, 3575098081, 4265418137, 4073802, 1321275074]",9.0,0.8421052579870729,0.9999999995833333,0.7272727270523416,0,0.0,0.0,0.0,412.5,10.030084133148193,3.218284845352173,0.00037288665771484375,5,"[0.2, 0.2, 0.2, 0.2, 0.2]","n_oriented=0 / Dir_F1=0 BY CONSTRUCTION (no Sepsets passed to orientation) -- definitional, not independent evidence of a weighting effect; see factorial ablation for that comparison.",0.8421052579870729,0.8421052579870729,0.45161289943808536,0.8888888836213993,
mechshift_delprob0.25_312e4892c2,9,fedpc_consensus,global_graph,true_dag,20,5000,5,0.5,0.2,2,mild,True,0.25,0.05,0.5,42,1414768942,"[1190142511, 3575098081, 4265418137, 4073802, 1321275074]",9.0,0.8421052579870729,0.9999999995833333,0.7272727270523416,15,0.9333333327111111,0.4242424241138659,0.5833333287934027,412.5,10.033025026321411,3.2212257385253906,0.003313779830932617,5,"[0.24078505454505092, 0.21457623823785082, 0.1932770882776214, 0.20923378982425617, 0.14212782911522057]",,0.8421052579870729,0.8421052579870729,0.45161289943808536,0.8888888836213993,354.0
mechshift_delprob0.25_312e4892c2,9,fedpc_oracle,global_graph,true_dag,20,5000,5,0.5,0.2,2,mild,True,0.25,0.05,0.5,42,1414768942,"[1190142511, 3575098081, 4265418137, 4073802, 1321275074]",9.0,0.8421052579870729,0.9999999995833333,0.7272727270523416,15,0.9333333327111111,0.4242424241138659,0.5833333287934027,412.5,10.033194541931152,3.221395254135132,0.003483295440673828,5,"[0.20163595188595884, 0.2091730983058328, 0.1712278648327809, 0.23331055012120216, 0.1846525348542252]","ablation only -- requires ground truth, not deployable",0.8421052579870729,0.8421052579870729,0.45161289943808536,0.8888888836213993,354.0
mechshift_delprob0.25_312e4892c2,10,centralized,global_graph,true_dag,20,5000,5,0.5,0.2,2,mild,True,0.25,0.05,0.5,42,3812718172,"[879389325, 422745548, 812865379, 4219642250, 856153197]",21.0,0.7272727221251476,0.6666666665079365,0.7999999997714285,39,0.5128205126890204,0.5714285712653061,0.5405405354090578,0.0,59.08633232116699,59.08633232116699,0.0,1,,,,,,,
mechshift_delprob0.25_312e4892c2,10,local,mean_local_graph,true_dag,20,5000,5,0.5,0.2,2,mild,True,0.25,0.05,0.5,42,3812718172,"[879389325, 422745548, 812865379, 4219642250, 856153197]",16.4,0.7210556017371703,0.8926543018422567,0.6057142855412245,0,0.0,0.0,0.4634714284964064,401.25,10.60584306716919,2.525604248046875,0.004990339279174805,5,,,,,,,
mechshift_delprob0.25_312e4892c2,10,naive,global_graph,true_dag,20,5000,5,0.5,0.2,2,mild,True,0.25,0.05,0.5,42,3812718172,"[879389325, 422745548, 812865379, 4219642250, 856153197]",11.0,0.8135593169319161,0.9999999995833333,0.6857142855183673,0,0.0,0.0,0.0,401.25,10.60144305229187,2.5212042331695557,0.0005903244018554688,5,"[0.2, 0.2, 0.2, 0.2, 0.2]","n_oriented=0 / Dir_F1=0 BY CONSTRUCTION (no Sepsets passed to orientation) -- definitional, not independent evidence of a weighting effect; see factorial ablation for that comparison.",0.8135593169319161,0.8135593169319161,0.4571428525714286,0.8421052579870729,
mechshift_delprob0.25_312e4892c2,10,fedpc_consensus,global_graph,true_dag,20,5000,5,0.5,0.2,2,mild,True,0.25,0.05,0.5,42,3812718172,"[879389325, 422745548, 812865379, 4219642250, 856153197]",11.0,0.8135593169319161,0.9999999995833333,0.6857142855183673,17,0.8823529406574394,0.4285714284489796,0.5769230723002959,401.25,10.60526180267334,2.5250229835510254,0.004409074783325195,5,"[0.16422754172348572, 0.209250458595381, 0.20361327069046714, 0.19980391942849754, 0.2231048095621686]",,0.8135593169319161,0.8135593169319161,0.4571428525714286,0.8421052579870729,354.0
mechshift_delprob0.25_312e4892c2,10,fedpc_oracle,global_graph,true_dag,20,5000,5,0.5,0.2,2,mild,True,0.25,0.05,0.5,42,3812718172,"[879389325, 422745548, 812865379, 4219642250, 856153197]",11.0,0.8135593169319161,0.9999999995833333,0.6857142855183673,17,0.8823529406574394,0.4285714284489796,0.5769230723002959,401.25,10.604562282562256,2.5243234634399414,0.003709554672241211,5,"[0.2012611738950002, 0.18901126075505903, 0.17058266265412467, 0.2182596232769776, 0.22088527941883856]","ablation only -- requires ground truth, not deployable",0.8135593169319161,0.8135593169319161,0.4571428525714286,0.8421052579870729,354.0
mechshift_delprob0.25_312e4892c2,11,centralized,global_graph,true_dag,20,5000,5,0.5,0.2,2,mild,True,0.25,0.05,0.5,42,768852238,"[3302335885, 2893145210, 4264933151, 590428212, 603166391]",13.0,0.8169014032691927,0.7435897433990796,0.9062499997167969,38,0.6315789472022161,0.749999999765625,0.6857142805551021,0.0,35.21423149108887,35.21423149108887,0.0,1,,,,,,,
mechshift_delprob0.25_312e4892c2,11,local,mean_local_graph,true_dag,20,5000,5,0.5,0.2,2,mild,True,0.25,0.05,0.5,42,768852238,"[3302335885, 2893145210, 4264933151, 590428212, 603166391]",10.6,0.8033457057669192,0.9813043473823833,0.6812499997871093,0,0.0,0.0,0.6826805252710456,285.625,6.567694425582886,1.4986507892608643,0.004063844680786133,5,,,,,,,
mechshift_delprob0.25_312e4892c2,11,naive,global_graph,true_dag,20,5000,5,0.5,0.2,2,mild,True,0.25,0.05,0.5,42,768852238,"[3302335885, 2893145210, 4264933151, 590428212, 603166391]",5.0,0.9152542320137892,0.9999999996296296,0.8437499997363281,0,0.0,0.0,0.0,285.625,6.564056873321533,1.4950132369995117,0.00042629241943359375,5,"[0.2, 0.2, 0.2, 0.2, 0.2]","n_oriented=0 / Dir_F1=0 BY CONSTRUCTION (no Sepsets passed to orientation) -- definitional, not independent evidence of a weighting effect; see factorial ablation for that comparison.",0.9152542320137892,0.9152542320137892,0.24999999720703123,0.9310344774613556,
mechshift_delprob0.25_312e4892c2,11,fedpc_consensus,global_graph,true_dag,20,5000,5,0.5,0.2,2,mild,True,0.25,0.05,0.5,42,768852238,"[3302335885, 2893145210, 4264933151, 590428212, 603166391]",5.0,0.9152542320137892,0.9999999996296296,0.8437499997363281,21,0.9047619043310657,0.5937499998144531,0.7169811270202919,285.625,6.567015886306763,1.4979722499847412,0.003385305404663086,5,"[0.20300772189752622, 0.23824992697383623, 0.15575229911560312, 0.16448908052556643, 0.2385009714874681]",,0.9152542320137892,0.9152542320137892,0.24999999720703123,0.9310344774613556,346.0
mechshift_delprob0.25_312e4892c2,11,fedpc_oracle,global_graph,true_dag,20,5000,5,0.5,0.2,2,mild,True,0.25,0.05,0.5,42,768852238,"[3302335885, 2893145210, 4264933151, 590428212, 603166391]",5.0,0.9152542320137892,0.9999999996296296,0.8437499997363281,21,0.9047619043310657,0.5937499998144531,0.7169811270202919,285.625,6.56609582901001,1.4970521926879883,0.0024652481079101562,5,"[0.197762614697362, 0.2161496347732207, 0.19404884542314094, 0.16501549520696127, 0.22702340989931516]","ablation only -- requires ground truth, not deployable",0.9152542320137892,0.9152542320137892,0.24999999720703123,0.9310344774613556,346.0
mechshift_delprob0.25_312e4892c2,12,centralized,global_graph,true_dag,20,5000,5,0.5,0.2,2,mild,True,0.25,0.05,0.5,42,1457339577,"[2907047140, 2497304442, 3840010593, 2477905568, 2720414072]",28.0,0.6216216165120526,0.5609756096192743,0.696969696758494,36,0.47222222209104936,0.5151515149954086,0.49275361805503043,0.0,62.6363251209259,62.6363251209259,0.0,1,,,,,,,
mechshift_delprob0.25_312e4892c2,12,local,mean_local_graph,true_dag,20,5000,5,0.5,0.2,2,mild,True,0.25,0.05,0.5,42,1457339577,"[2907047140, 2497304442, 3840010593, 2477905568, 2720414072]",17.0,0.6834217075167283,0.8870634916323485,0.5575757574067952,0,0.0,0.0,0.4891495898269181,369.375,8.144573450088501,2.7182228565216064,0.0031452178955078125,5,,,,,,,
mechshift_delprob0.25_312e4892c2,12,naive,global_graph,true_dag,20,5000,5,0.5,0.2,2,mild,True,0.25,0.05,0.5,42,1457339577,"[2907047140, 2497304442, 3840010593, 2477905568, 2720414072]",12.0,0.7857142805931123,0.9565217387145557,0.6666666664646465,0,0.0,0.0,0.0,369.375,8.14175033569336,2.715399742126465,0.00032210350036621094,5,"[0.2, 0.2, 0.2, 0.2, 0.2]","n_oriented=0 / Dir_F1=0 BY CONSTRUCTION (no Sepsets passed to orientation) -- definitional, not independent evidence of a weighting effect; see factorial ablation for that comparison.",0.7857142805931123,0.7857142805931123,0.34482758268727703,0.814814809622771,
mechshift_delprob0.25_312e4892c2,12,fedpc_consensus,global_graph,true_dag,20,5000,5,0.5,0.2,2,mild,True,0.25,0.05,0.5,42,1457339577,"[2907047140, 2497304442, 3840010593, 2477905568, 2720414072]",12.0,0.7857142805931123,0.9565217387145557,0.6666666664646465,17,0.8823529406574394,0.4545454544077135,0.599999995272,369.375,8.143963813781738,2.7176132202148438,0.002535581588745117,5,"[0.20450835265396705, 0.19346720456656, 0.18935471643960555, 0.17338874677347094, 0.23928097956639663]",,0.7857142805931123,0.7857142805931123,0.34482758268727703,0.814814809622771,352.0
mechshift_delprob0.25_312e4892c2,12,fedpc_oracle,global_graph,true_dag,20,5000,5,0.5,0.2,2,mild,True,0.25,0.05,0.5,42,1457339577,"[2907047140, 2497304442, 3840010593, 2477905568, 2720414072]",12.0,0.7857142805931123,0.9565217387145557,0.6666666664646465,17,0.8823529406574394,0.4545454544077135,0.599999995272,369.375,8.143834352493286,2.7174837589263916,0.0024061203002929688,5,"[0.17513510878250027, 0.1891405307989532, 0.21073991262977412, 0.16754316914805903, 0.2574412786407134]","ablation only -- requires ground truth, not deployable",0.7857142805931123,0.7857142805931123,0.34482758268727703,0.814814809622771,356.0
mechshift_delprob0.25_312e4892c2,13,centralized,global_graph,true_dag,20,5000,5,0.5,0.2,2,mild,True,0.25,0.05,0.5,42,3706027083,"[2472507425, 207740285, 54589523, 3972140889, 1158474581]",26.0,0.6578947316724376,0.6756756754930606,0.6410256408612754,35,0.5428571427020408,0.48717948705456937,0.5135135083893353,0.0,57.1042275428772,57.1042275428772,0.0,1,,,,,,,
mechshift_delprob0.25_312e4892c2,13,local,mean_local_graph,true_dag,20,5000,5,0.5,0.2,2,mild,True,0.25,0.05,0.5,42,3706027083,"[2472507425, 207740285, 54589523, 3972140889, 1158474581]",21.6,0.6576280614542356,0.860989417630589,0.5333333331965812,0,0.0,0.0,0.5021697975539651,471.875,13.14916729927063,2.87056827545166,0.006133079528808594,5,,,,,,,
mechshift_delprob0.25_312e4892c2,13,naive,global_graph,true_dag,20,5000,5,0.5,0.2,2,mild,True,0.25,0.05,0.5,42,3706027083,"[2472507425, 207740285, 54589523, 3972140889, 1158474581]",18.0,0.7096774144588971,0.9565217387145557,0.5641025639579224,0,0.0,0.0,0.0,471.875,13.143559455871582,2.8649604320526123,0.0005252361297607422,5,"[0.2, 0.2, 0.2, 0.2, 0.2]","n_oriented=0 / Dir_F1=0 BY CONSTRUCTION (no Sepsets passed to orientation) -- definitional, not independent evidence of a weighting effect; see factorial ablation for that comparison.",0.7096774144588971,0.7096774144588971,0.47058823064013844,0.7333333283611111,
mechshift_delprob0.25_312e4892c2,13,fedpc_consensus,global_graph,true_dag,20,5000,5,0.5,0.2,2,mild,True,0.25,0.05,0.5,42,3706027083,"[2472507425, 207740285, 54589523, 3972140889, 1158474581]",18.0,0.7096774144588971,0.9565217387145557,0.5641025639579224,14,0.8571428565306122,0.3076923076134122,0.45283018462086155,471.875,13.146920204162598,2.868321180343628,0.003885984420776367,5,"[0.1987515930063404, 0.13827746520052508, 0.21860788061897454, 0.21334206925694138, 0.23102099191721867]",,0.7096774144588971,0.7096774144588971,0.47058823064013844,0.7333333283611111,350.0
mechshift_delprob0.25_312e4892c2,13,fedpc_oracle,global_graph,true_dag,20,5000,5,0.5,0.2,2,mild,True,0.25,0.05,0.5,42,3706027083,"[2472507425, 207740285, 54589523, 3972140889, 1158474581]",18.0,0.7096774144588971,0.9565217387145557,0.5641025639579224,14,0.8571428565306122,0.3076923076134122,0.45283018462086155,471.875,13.147008419036865,2.8684093952178955,0.003974199295043945,5,"[0.18619104929159971, 0.1852612578238596, 0.2052756319892177, 0.22436117635416636, 0.19891088454115663]","ablation only -- requires ground truth, not deployable",0.7096774144588971,0.7096774144588971,0.47058823064013844,0.7333333283611111,350.0
mechshift_delprob0.25_312e4892c2,14,centralized,global_graph,true_dag,20,5000,5,0.5,0.2,2,mild,True,0.25,0.05,0.5,42,41230783,"[3738879739, 3481031619, 685941444, 1469252581, 3221227916]",33.0,0.6373626322521435,0.6904761903117914,0.5918367345730945,38,0.605263157735457,0.4693877550062474,0.5287356271422909,0.0,86.92214846611023,86.92214846611023,0.0,1,,,,,,,
mechshift_delprob0.25_312e4892c2,14,local,mean_local_graph,true_dag,20,5000,5,0.5,0.2,2,mild,True,0.25,0.05,0.5,42,41230783,"[3738879739, 3481031619, 685941444, 1469252581, 3221227916]",29.8,0.6072151543774077,0.8524248594450686,0.4734693876584757,0,0.0,0.0,0.47846463698065067,513.125,20.299179077148438,4.41893196105957,0.007375478744506836,5,,,,,,,
mechshift_delprob0.25_312e4892c2,14,naive,global_graph,true_dag,20,5000,5,0.5,0.2,2,mild,True,0.25,0.05,0.5,42,41230783,"[3738879739, 3481031619, 685941444, 1469252581, 3221227916]",26.0,0.6388888843634261,0.9999999995652173,0.4693877550062474,0,0.0,0.0,0.0,513.125,20.292229890823364,4.411982774734497,0.00042629241943359375,5,"[0.2, 0.2, 0.2, 0.2, 0.2]","n_oriented=0 / Dir_F1=0 BY CONSTRUCTION (no Sepsets passed to orientation) -- definitional, not independent evidence of a weighting effect; see factorial ablation for that comparison.",0.6388888843634261,0.6388888843634261,0.44444443958333335,0.6567164132056138,
mechshift_delprob0.25_312e4892c2,14,fedpc_consensus,global_graph,true_dag,20,5000,5,0.5,0.2,2,mild,True,0.25,0.05,0.5,42,41230783,"[3738879739, 3481031619, 685941444, 1469252581, 3221227916]",26.0,0.6388888843634261,0.9999999995652173,0.4693877550062474,15,0.9999999993333333,0.3061224489171179,0.46874999626464847,513.125,20.294463396072388,4.4142162799835205,0.0026597976684570312,5,"[0.17016034351242312, 0.2486698136670508, 0.18564839496013166, 0.18458721522365035, 0.2109342326367442]",,0.6388888843634261,0.6388888843634261,0.44444443958333335,0.6567164132056138,356.0
mechshift_delprob0.25_312e4892c2,14,fedpc_oracle,global_graph,true_dag,20,5000,5,0.5,0.2,2,mild,True,0.25,0.05,0.5,42,41230783,"[3738879739, 3481031619, 685941444, 1469252581, 3221227916]",26.0,0.6388888843634261,0.9999999995652173,0.4693877550062474,15,0.9999999993333333,0.3061224489171179,0.46874999626464847,513.125,20.295565366744995,4.415318250656128,0.003761768341064453,5,"[0.2394625790585591, 0.2271845180104525, 0.15007984522576384, 0.1805919308855722, 0.2026811268196523]","ablation only -- requires ground truth, not deployable",0.6388888843634261,0.6388888843634261,0.44444443958333335,0.6567164132056138,356.0
