scenario,rep,method,SHD,F1,Precision,Recall,n_oriented,Dir_Prec,Dir_Rec,Dir_F1,Comm,Runtime
p20_K2,0,centralized,27.0,0.6823529360166091,0.6904761903117914,0.6744186044943212,9,0.8888888879012344,0.18604651158464033,0.30769230471153847,0,39.42788529396057
p20_K2,0,fedpc_consensus,36.0,0.6170212715006792,0.5686274508688965,0.6744186044943212,12,0.4999999995833333,0.13953488368848024,0.21818181469090914,3200,0.0013926029205322266
p20_K2,0,fedpc_oracle,28.0,0.666666661510771,0.6829268291017252,0.6511627905462412,12,0.5833333328472222,0.1627906976365603,0.25454545104132237,3200,0.0012843608856201172
p20_K2,0,naive,36.0,0.6170212715006792,0.5686274508688965,0.6744186044943212,0,0.0,0.0,0.0,3200,0.0004932880401611328
p20_K2,0,local,31.0,0.6356589095804261,0.6437889958759031,0.6279069765981611,0,0.0,0.0,0.1984451695606445,3200,6.785266399383545
p20_K2,1,centralized,22.0,0.7441860413628989,0.6956521737618148,0.7999999998,11,0.9090909082644627,0.2499999999375,0.392156859207997,0,28.40029501914978
p20_K2,1,fedpc_consensus,25.0,0.7191011184850399,0.6530612243565181,0.7999999998,11,0.8181818174380164,0.22499999994375,0.35294117294886584,3200,0.0018668174743652344
p20_K2,1,fedpc_oracle,20.0,0.7435897384023668,0.763157894536011,0.72499999981875,20,0.549999999725,0.27499999993125,0.36666666210000004,3200,0.0024607181549072266
p20_K2,1,naive,25.0,0.7191011184850399,0.6530612243565181,0.7999999998,0,0.0,0.0,0.0,3200,0.0005922317504882812
p20_K2,1,local,22.0,0.7289377237646755,0.722488038099617,0.737499999815625,0,0.0,0.0,0.3822222185554788,3200,3.0498697757720947
p20_K2,2,centralized,39.0,0.5517241329951117,0.6857142855183673,0.4615384614497041,14,0.5714285710204081,0.15384615381656805,0.24242423900826446,0,42.409788846969604
p20_K2,2,fedpc_consensus,41.0,0.5393258377174599,0.6486486484733381,0.4615384614497041,22,0.45454545433884297,0.19230769227071007,0.270270266018992,3200,0.0024538040161132812
p20_K2,2,fedpc_oracle,37.0,0.5647058774698962,0.7272727270523416,0.4615384614497041,19,0.5263157891966759,0.19230769227071007,0.28169013684586397,3200,0.002310037612915039
p20_K2,2,naive,41.0,0.5393258377174599,0.6486486484733381,0.4615384614497041,0,0.0,0.0,0.0,3200,0.00038123130798339844
p20_K2,2,local,38.5,0.5442576982190751,0.7073863634187489,0.4423076922226331,0,0.0,0.0,0.2049837450256498,3200,4.513167381286621
p20_K2,3,centralized,14.0,0.7666666614111112,0.7666666664111111,0.7666666664111111,18,0.7222222218209876,0.4333333331888889,0.5416666617534723,0,9.069633722305298
p20_K2,3,fedpc_consensus,16.0,0.7419354786368366,0.7187499997753906,0.7666666664111111,19,0.3157894735180055,0.19999999993333334,0.2448979543356935,3200,0.0014562606811523438
p20_K2,3,fedpc_oracle,14.0,0.7586206843995245,0.7857142854336735,0.7333333330888888,20,0.449999999775,0.2999999999,0.35999999505600006,3200,0.0016980171203613281
p20_K2,3,naive,16.0,0.7419354786368366,0.7187499997753906,0.7666666664111111,0,0.0,0.0,0.0,3200,0.000377655029296875
p20_K2,3,local,15.0,0.7502780815181805,0.752232142604532,0.74999999975,0,0.0,0.0,0.5115646210356303,3200,1.7406790256500244
p20_K2,4,centralized,29.0,0.6588235242574394,0.6511627905462412,0.6666666665079365,15,0.5333333329777777,0.190476190430839,0.28070175040935674,0,30.547207832336426
p20_K2,4,fedpc_consensus,35.0,0.6153846102789519,0.5714285713119533,0.6666666665079365,9,0.3333333329629629,0.07142857141156463,0.11764705587081899,3200,0.0012242794036865234
p20_K2,4,fedpc_oracle,29.0,0.6588235242574394,0.6511627905462412,0.6666666665079365,11,0.2727272724793388,0.07142857141156463,0.11320754383766475,3200,0.001173257827758789
p20_K2,4,naive,35.0,0.6153846102789519,0.5714285713119533,0.6666666665079365,0,0.0,0.0,0.0,3200,0.0005099773406982422
p20_K2,4,local,33.5,0.6084815270070323,0.5983086679384098,0.6190476189002267,0,0.0,0.0,0.1818796448937503,3200,3.067329168319702
p20_K2,5,centralized,21.0,0.6865671589841835,0.657142856955102,0.7187499997753906,20,0.5999999997,0.3749999998828125,0.46153845662721893,0,20.627991437911987
p20_K2,5,fedpc_consensus,23.0,0.666666661499685,0.6216216214536158,0.7187499997753906,19,0.631578947036011,0.3749999998828125,0.47058823043444836,3200,0.001538991928100586
p20_K2,5,fedpc_oracle,23.0,0.666666661499685,0.6216216214536158,0.7187499997753906,19,0.631578947036011,0.3749999998828125,0.47058823043444836,3200,0.0014874935150146484
p20_K2,5,naive,23.0,0.666666661499685,0.6216216214536158,0.7187499997753906,0,0.0,0.0,0.0,3200,0.00039887428283691406
p20_K2,5,local,20.0,0.6969696917630854,0.6764705880363322,0.7187499997753906,0,0.0,0.0,0.43725574874435713,3200,3.177211046218872
p20_K2,6,centralized,31.0,0.6666666615285004,0.6458333331987847,0.6888888887358025,5,0.1999999996,0.02222222221728395,0.03999999818400008,0,34.40776872634888
p20_K2,6,fedpc_consensus,30.0,0.6808510586939793,0.6530612243565181,0.7111111109530864,9,0.5555555549382716,0.11111111108641974,0.1851851823388203,3200,0.0015285015106201172
p20_K2,6,fedpc_oracle,25.0,0.7058823477923876,0.7499999998125,0.6666666665185185,18,0.4444444441975308,0.1777777777382716,0.2539682498059965,3200,0.001725912094116211
p20_K2,6,naive,30.0,0.6808510586939793,0.6530612243565181,0.7111111109530864,0,0.0,0.0,0.0,3200,0.0005879402160644531
p20_K2,6,local,26.0,0.7012557780598095,0.7272727270989152,0.6777777776271605,0,0.0,0.0,0.18019480206381241,3200,3.8108224868774414
p20_K2,7,centralized,44.0,0.5416666616319444,0.6190476189002267,0.4814814813923182,10,0.3999999996,0.07407407406035665,0.1249999973242188,0,47.17850470542908
p20_K2,7,fedpc_consensus,49.0,0.5148514800705813,0.5531914892440019,0.4814814813923182,24,0.37499999984375,0.16666666663580246,0.2307692264497042,3200,0.00261688232421875
p20_K2,7,fedpc_oracle,41.0,0.549450544504287,0.6756756754930606,0.4629629628772291,21,0.38095238077097504,0.1481481481207133,0.2133333292444445,3200,0.0027730464935302734
p20_K2,7,naive,49.0,0.5148514800705813,0.5531914892440019,0.4814814813923182,0,0.0,0.0,0.0,3200,0.0007040500640869141
p20_K2,7,local,45.0,0.5112844095512532,0.6198891197254914,0.43518518510459536,0,0.0,0.0,0.20372208177361478,3200,4.550069570541382
p20_K2,8,centralized,27.0,0.6301369811521861,0.5897435895923734,0.6764705880363322,17,0.7058823525259516,0.352941176366782,0.47058823066512895,0,16.53778600692749
p20_K2,8,fedpc_consensus,29.0,0.6133333282133335,0.5609756096192743,0.6764705880363322,17,0.5294117643944637,0.2647058822750865,0.35294117188773555,3200,0.0019659996032714844
p20_K2,8,fedpc_oracle,25.0,0.6376811542365052,0.6285714283918368,0.6470588233391004,20,0.49999999975,0.29411764697231835,0.37037036556927305,3200,0.0018799304962158203
p20_K2,8,naive,29.0,0.6133333282133335,0.5609756096192743,0.6764705880363322,0,0.0,0.0,0.0,3200,0.00045752525329589844
p20_K2,8,local,26.5,0.6243961300966476,0.6037593983302674,0.6470588233391004,0,0.0,0.0,0.44448979143862394,3200,2.6769773960113525
p20_K2,9,centralized,51.0,0.4516128981338884,0.46666666656296296,0.4374999999088542,8,0.49999999937499995,0.08333333331597222,0.14285714035714286,0,48.60934567451477
p20_K2,9,fedpc_consensus,48.0,0.5199999949040001,0.49999999990384614,0.5416666665538195,11,0.5454545449586776,0.12499999997395833,0.20338982740591785,3200,0.002099752426147461
p20_K2,9,fedpc_oracle,48.0,0.4782608644706995,0.4999999998863636,0.4583333332378472,16,0.4999999996875,0.16666666663194443,0.24999999617187502,3200,0.0014405250549316406
p20_K2,9,naive,48.0,0.5199999949040001,0.49999999990384614,0.5416666665538195,0,0.0,0.0,0.0,3200,0.0005507469177246094
p20_K2,9,local,48.0,0.47246376302794235,0.499999999883658,0.4479166665733507,0,0.0,0.0,0.1412907242130016,3200,4.990457057952881
p20_K2,10,centralized,29.0,0.6419753035025149,0.6842105261357341,0.6046511626500811,10,0.6999999992999999,0.1627906976365603,0.26415094023495905,0,51.79455780982971
p20_K2,10,fedpc_consensus,27.0,0.6666666615211096,0.710526315602493,0.6279069765981612,14,0.21428571413265304,0.06976744184424012,0.1052631541520469,3200,0.0017867088317871094
p20_K2,10,fedpc_oracle,26.0,0.6578947317555401,0.7575757573461891,0.581395348702001,15,0.19999999986666667,0.06976744184424012,0.10344827199167672,3200,0.0013725757598876953
p20_K2,10,naive,27.0,0.6666666615211096,0.710526315602493,0.6279069765981612,0,0.0,0.0,0.0,3200,0.00042438507080078125
p20_K2,10,local,27.5,0.640635675019278,0.7317290550398765,0.569767441727961,0,0.0,0.0,0.18954248064356777,3200,4.932208776473999
p20_K2,11,centralized,21.0,0.7199999948302223,0.67499999983125,0.7714285712081632,17,0.7058823525259516,0.34285714275918366,0.46153845696005924,0,11.306933879852295
p20_K2,11,fedpc_consensus,21.0,0.7199999948302223,0.67499999983125,0.7714285712081632,27,0.40740740725651575,0.3142857141959184,0.35483870464620193,3200,0.002125978469848633
p20_K2,11,fedpc_oracle,20.0,0.7297297245471146,0.6923076921301775,0.7714285712081632,27,0.40740740725651575,0.3142857141959184,0.35483870464620193,3200,0.0023419857025146484
p20_K2,11,naive,21.0,0.7199999948302223,0.67499999983125,0.7714285712081632,0,0.0,0.0,0.0,3200,0.00037789344787597656
p20_K2,11,local,21.5,0.7028930286929185,0.6794871793058295,0.7285714283632653,0,0.0,0.0,0.37499999589409727,3200,1.6196537017822266
p20_K2,12,centralized,20.0,0.655172408567182,0.6551724135671819,0.6551724135671819,14,0.5714285710204081,0.2758620688703924,0.37209301869118444,0,18.36400294303894
p20_K2,12,fedpc_consensus,24.0,0.6129032206295526,0.5757575755831037,0.6551724135671819,19,0.4736842102770083,0.31034482747919145,0.37499999506076387,3200,0.0016450881958007812
p20_K2,12,fedpc_oracle,21.0,0.6440677913932779,0.6333333331222222,0.6551724135671819,16,0.5624999996484374,0.31034482747919145,0.3999999952395062,3200,0.0015289783477783203
p20_K2,12,naive,24.0,0.6129032206295526,0.5757575755831037,0.6551724135671819,0,0.0,0.0,0.0,3200,0.00033593177795410156
p20_K2,12,local,22.0,0.6129429840073828,0.6243589741350756,0.6034482756539834,0,0.0,0.0,0.37289972446154185,3200,3.103698492050171
p20_K2,13,centralized,22.0,0.7317073118947056,0.7317073168947055,0.7317073168947055,7,0.8571428559183674,0.1463414633789411,0.24999999740451392,0,19.187233686447144
p20_K2,13,fedpc_consensus,22.0,0.7317073118947056,0.7317073168947055,0.7317073168947055,21,0.2857142855782313,0.1463414633789411,0.1935483825546307,3200,0.0014204978942871094
p20_K2,13,fedpc_oracle,22.0,0.724999994821875,0.7435897433990796,0.7073170729982153,20,0.249999999875,0.12195121948245093,0.16393442176834197,3200,0.0016162395477294922
p20_K2,13,naive,22.0,0.7317073118947056,0.7317073168947055,0.7317073168947055,0,0.0,0.0,0.0,3200,0.0005128383636474609
p20_K2,13,local,22.0,0.7214743537998265,0.7501732499756537,0.6951219510499702,0,0.0,0.0,0.2570643610714702,3200,3.0665903091430664
p20_K2,14,centralized,23.0,0.6760563328466574,0.6486486484733381,0.705882352733564,9,0.5555555549382716,0.14705882348615917,0.23255813611681994,0,23.32795548439026
p20_K2,14,fedpc_consensus,27.0,0.6493506442502952,0.581395348702001,0.7352941174307959,18,0.16666666657407406,0.0882352940916955,0.11538461081360965,3200,0.001346588134765625
p20_K2,14,fedpc_oracle,21.0,0.6769230717254439,0.7096774191259105,0.6470588233391004,13,0.3846153843195266,0.14705882348615917,0.21276595335445908,3200,0.0017240047454833984
p20_K2,14,naive,27.0,0.6493506442502952,0.581395348702001,0.7352941174307959,0,0.0,0.0,0.0,3200,0.0006592273712158203
p20_K2,14,local,22.5,0.6717948666111788,0.6706281831640633,0.6764705880363322,0,0.0,0.0,0.18881505762204617,3200,3.2447235584259033
p20_K2,15,centralized,24.0,0.6923076871334649,0.710526315602493,0.67499999983125,8,0.7499999990624999,0.1499999999625,0.24999999711805557,0,14.038080930709839
p20_K2,15,fedpc_consensus,28.0,0.6585365802082096,0.6428571427040817,0.67499999983125,21,0.5238095235600907,0.27499999993125,0.36065573307175497,3200,0.002824068069458008
p20_K2,15,fedpc_oracle,23.0,0.6933333281706667,0.742857142644898,0.6499999998375,25,0.639999999744,0.3999999999,0.4923076874224853,3200,0.002838611602783203
p20_K2,15,naive,28.0,0.6585365802082096,0.6428571427040817,0.67499999983125,0,0.0,0.0,0.0,3200,0.0007145404815673828
p20_K2,15,local,24.0,0.6843289991637614,0.7227799225788405,0.6499999998375,0,0.0,0.0,0.377201724137743,3200,2.9884631633758545
p20_K2,16,centralized,22.0,0.72499999481875,0.72499999981875,0.72499999981875,11,0.7272727266115702,0.19999999995,0.3137254866897347,0,15.498554468154907
p20_K2,16,fedpc_consensus,22.0,0.72499999481875,0.72499999981875,0.72499999981875,16,0.3124999998046875,0.12499999996875,0.1785714244260205,3200,0.002084970474243164
p20_K2,16,fedpc_oracle,20.0,0.7435897384023668,0.763157894536011,0.72499999981875,17,0.3529411762629758,0.1499999999625,0.2105263115297015,3200,0.0020952224731445312
p20_K2,16,naive,22.0,0.72499999481875,0.72499999981875,0.72499999981875,0,0.0,0.0,0.0,3200,0.0007777214050292969
p20_K2,16,local,21.5,0.7184615332865167,0.7530075185904546,0.687499999828125,0,0.0,0.0,0.3047895463300971,3200,2.1346957683563232
p20_K2,17,centralized,17.0,0.7848101213843935,0.77499999980625,0.7948717946679815,18,0.8333333328703704,0.3846153845167653,0.5263157849676824,0,18.858579635620117
p20_K2,17,fedpc_consensus,22.0,0.7380952329450114,0.6888888887358025,0.7948717946679815,26,0.6538461535946746,0.4358974357856673,0.5230769181159765,3200,0.0021626949310302734
p20_K2,17,fedpc_oracle,21.0,0.734177210004807,0.72499999981875,0.7435897433990796,29,0.5862068963495838,0.4358974357856673,0.4999999949610728,3200,0.002646923065185547
p20_K2,17,naive,22.0,0.7380952329450114,0.6888888887358025,0.7948717946679815,0,0.0,0.0,0.0,3200,0.0004799365997314453
p20_K2,17,local,23.0,0.7047509400774583,0.704605262977242,0.705128204947403,0,0.0,0.0,0.4617844535979246,3200,2.635528087615967
p20_K2,18,centralized,23.0,0.7415730285923495,0.6734693876176593,0.8249999997937499,13,0.8461538455029586,0.27499999993125,0.4150943357636171,0,18.645031213760376
p20_K2,18,fedpc_consensus,21.0,0.7640449386996592,0.6938775508788005,0.8499999997875,17,0.7058823525259516,0.299999999925,0.4210526272453063,3200,0.001538991928100586
p20_K2,18,fedpc_oracle,19.0,0.7710843321701264,0.7441860463385613,0.7999999998,16,0.5624999996484374,0.22499999994375,0.3214285672321429,3200,0.0011861324310302734
p20_K2,18,naive,21.0,0.7640449386996592,0.6938775508788005,0.8499999997875,0,0.0,0.0,0.0,3200,0.0004513263702392578
p20_K2,18,local,20.0,0.7526307710874667,0.7438878948688205,0.762499999809375,0,0.0,0.0,0.39962893885064976,3200,4.297959327697754
p20_K2,19,centralized,16.0,0.7714285662244899,0.7297297295325055,0.8181818179338842,14,0.9285714279081632,0.39393939382001836,0.5531914849434133,0,12.489338159561157
p20_K2,19,fedpc_consensus,18.0,0.7499999948263889,0.6923076921301775,0.8181818179338842,16,0.5624999996484374,0.2727272726446281,0.3673469342274052,3200,0.0010952949523925781
p20_K2,19,fedpc_oracle,16.0,0.7714285662244899,0.7297297295325055,0.8181818179338842,18,0.4999999997222222,0.2727272726446281,0.35294117176470585,3200,0.0014867782592773438
p20_K2,19,naive,18.0,0.7499999948263889,0.6923076921301775,0.8181818179338842,0,0.0,0.0,0.0,3200,0.00036835670471191406
p20_K2,19,local,16.5,0.7625258747106487,0.7259759757770552,0.8030303027869605,0,0.0,0.0,0.46640315794565024,3200,3.3773884773254395
p20_K5,0,centralized,18.0,0.7692307641157133,0.6818181816632232,0.882352940916955,12,0.666666666111111,0.23529411757785468,0.34782608294896034,0,13.500799655914307
p20_K5,0,fedpc_consensus,17.0,0.7384615332449705,0.7741935481373569,0.705882352733564,15,0.46666666635555554,0.20588235288062284,0.28571428134943777,8000,0.002518177032470703
p20_K5,0,fedpc_oracle,17.0,0.7384615332449705,0.7741935481373569,0.705882352733564,15,0.46666666635555554,0.20588235288062284,0.28571428134943777,8000,0.0020542144775390625
p20_K5,0,naive,17.0,0.7384615332449705,0.7741935481373569,0.705882352733564,0,0.0,0.0,0.0,8000,0.0005064010620117188
p20_K5,0,local,17.4,0.7322511260101533,0.7685641996247417,0.6999999997941176,0,0.0,0.0,0.4673500164811921,8000,3.4870615005493164
p20_K5,1,centralized,43.0,0.4941176419764706,0.4565217390311909,0.5384615383234714,8,0.6249999992187499,0.1282051281722551,0.21276595453146224,0,31.405911922454834
p20_K5,1,fedpc_consensus,32.0,0.5428571377673471,0.6129032256087409,0.48717948705456937,15,0.46666666635555554,0.17948717944115714,0.25925925515089165,8000,0.0022530555725097656
p20_K5,1,fedpc_oracle,32.0,0.5428571377673471,0.6129032256087409,0.48717948705456937,15,0.46666666635555554,0.17948717944115714,0.25925925515089165,8000,0.002341747283935547
p20_K5,1,naive,32.0,0.5428571377673471,0.6129032256087409,0.48717948705456937,0,0.0,0.0,0.0,8000,0.0003662109375
p20_K5,1,local,34.2,0.5344006055971852,0.572979368652233,0.50256410243524,0,0.0,0.0,0.19744112713621303,8000,6.111202001571655
p20_K5,2,centralized,22.0,0.6857142805346939,0.6486486484733381,0.7272727270523416,17,0.5294117643944637,0.2727272726446281,0.35999999536800004,0,18.77916646003723
p20_K5,2,fedpc_consensus,18.0,0.7096774141467221,0.7586206893935791,0.6666666664646465,24,0.3333333331944444,0.24242424235078053,0.2807017494121269,8000,0.0026662349700927734
p20_K5,2,fedpc_oracle,18.0,0.7096774141467221,0.7586206893935791,0.6666666664646465,24,0.3333333331944444,0.24242424235078053,0.2807017494121269,8000,0.001965761184692383
p20_K5,2,naive,18.0,0.7096774141467221,0.7586206893935791,0.6666666664646465,0,0.0,0.0,0.0,8000,0.0004630088806152344
p20_K5,2,local,19.4,0.6978329145577952,0.7188074710331815,0.6787878785821855,0,0.0,0.0,0.3434719885389702,8000,3.9334559440612793
p20_K5,3,centralized,27.0,0.6966292083423811,0.7380952379195012,0.6595744679447714,19,0.631578947036011,0.255319148881847,0.36363635942607897,0,32.15449237823486
p20_K5,3,fedpc_consensus,27.0,0.666666661630849,0.7941176468252595,0.5744680849841557,16,0.5624999996484374,0.19148936166138525,0.28571428183421516,8000,0.0021467208862304688
p20_K5,3,fedpc_oracle,27.0,0.666666661630849,0.7941176468252595,0.5744680849841557,16,0.5624999996484374,0.19148936166138525,0.28571428183421516,8000,0.002046346664428711
p20_K5,3,naive,27.0,0.666666661630849,0.7941176468252595,0.5744680849841557,0,0.0,0.0,0.0,8000,0.00035119056701660156
p20_K5,3,local,27.6,0.6617494498654449,0.7807045240079933,0.5744680849841557,0,0.0,0.0,0.2929803815428041,8000,8.092818260192871
p20_K5,4,centralized,36.0,0.5813953437128179,0.6097560974122546,0.5555555554320988,12,0.749999999375,0.19999999995555556,0.31578947024930754,0,38.507580280303955
p20_K5,4,fedpc_consensus,38.0,0.48648648158875096,0.6206896549583829,0.3999999999111111,17,0.470588235017301,0.1777777777382716,0.2580645120655568,8000,0.0023708343505859375
p20_K5,4,fedpc_oracle,38.0,0.48648648158875096,0.6206896549583829,0.3999999999111111,17,0.470588235017301,0.1777777777382716,0.2580645120655568,8000,0.0024230480194091797
p20_K5,4,naive,38.0,0.48648648158875096,0.6206896549583829,0.3999999999111111,0,0.0,0.0,0.0,8000,0.0004961490631103516
p20_K5,4,local,37.8,0.5000122526691391,0.6169658117632394,0.42222222212839505,0,0.0,0.0,0.26071947235637816,8000,7.942892074584961
p20_K5,5,centralized,5.0,0.9206349153539934,0.9666666663444444,0.8787878785215794,19,0.9473684205540166,0.5454545452892562,0.6923076874038463,0,5.844970464706421
p20_K5,5,fedpc_consensus,5.0,0.9180327816178449,0.9999999996428571,0.8484848482277318,21,0.6666666663492063,0.4242424241138659,0.5185185135733883,8000,0.0035240650177001953
p20_K5,5,fedpc_oracle,5.0,0.9180327816178449,0.9999999996428571,0.8484848482277318,21,0.6666666663492063,0.4242424241138659,0.5185185135733883,8000,0.003061532974243164
p20_K5,5,naive,5.0,0.9180327816178449,0.9999999996428571,0.8484848482277318,0,0.0,0.0,0.0,8000,0.00036263465881347656
p20_K5,5,local,5.4,0.9119936488833504,0.9862068962040812,0.8484848482277318,0,0.0,0.0,0.5894706041861356,8000,3.6917500495910645
p20_K5,6,centralized,6.0,0.8999999947222223,0.8437499997363281,0.9642857139413265,20,0.8499999995749999,0.6071428569260204,0.7083333281770833,0,3.6913928985595703
p20_K5,6,fedpc_consensus,5.0,0.9090909037619836,0.9259259255829904,0.8928571425382653,24,0.49999999979166665,0.4285714284183673,0.4615384563905326,8000,0.00220489501953125
p20_K5,6,fedpc_oracle,5.0,0.9090909037619836,0.9259259255829904,0.8928571425382653,24,0.49999999979166665,0.4285714284183673,0.4615384563905326,8000,0.0026445388793945312
p20_K5,6,naive,5.0,0.9090909037619836,0.9259259255829904,0.8928571425382653,0,0.0,0.0,0.0,8000,0.0003249645233154297
p20_K5,6,local,8.2,0.8554580843719893,0.848690318003437,0.8642857139770408,0,0.0,0.0,0.6211576944324944,8000,2.804112195968628
p20_K5,7,centralized,32.0,0.6444444393037039,0.6304347824716446,0.6590909089411157,20,0.5999999997,0.27272727266528923,0.37499999558593744,0,16.285115718841553
p20_K5,7,fedpc_consensus,25.0,0.6666666616391111,0.8064516126430801,0.568181818052686,15,0.7333333328444444,0.2499999999431818,0.37288135201378914,8000,0.002600431442260742
p20_K5,7,fedpc_oracle,25.0,0.6666666616391111,0.8064516126430801,0.568181818052686,15,0.7333333328444444,0.2499999999431818,0.37288135201378914,8000,0.002195596694946289
p20_K5,7,naive,25.0,0.6666666616391111,0.8064516126430801,0.568181818052686,0,0.0,0.0,0.0,8000,0.000370025634765625
p20_K5,7,local,26.6,0.6554029196223302,0.7612935004851017,0.5772727271415289,0,0.0,0.0,0.40235196673647894,8000,4.650924921035767
p20_K5,8,centralized,19.0,0.7532467481194131,0.6744186044943212,0.8529411762197232,14,0.6428571423979591,0.2647058822750865,0.3749999957118056,0,19.3326256275177
p20_K5,8,fedpc_consensus,19.0,0.7164179052350189,0.7272727270523416,0.705882352733564,19,0.4210526313573407,0.23529411757785468,0.30188678773940913,8000,0.0027680397033691406
p20_K5,8,fedpc_oracle,19.0,0.7164179052350189,0.7272727270523416,0.705882352733564,19,0.4210526313573407,0.23529411757785468,0.30188678773940913,8000,0.002700328826904297
p20_K5,8,naive,19.0,0.7164179052350189,0.7272727270523416,0.705882352733564,0,0.0,0.0,0.0,8000,0.0006892681121826172
p20_K5,8,local,19.4,0.7104556217936822,0.7216125538935358,0.6999999997941176,0,0.0,0.0,0.33424188106355696,8000,5.148343086242676
p20_K5,9,centralized,16.0,0.7777777725964506,0.7179487177646285,0.8484848482277318,25,0.679999999728,0.5151515149954086,0.5862068914447088,0,17.734195709228516
p20_K5,9,fedpc_consensus,18.0,0.7187499947802735,0.7419354836316336,0.696969696758494,17,0.5294117643944637,0.2727272726446281,0.35999999536800004,8000,0.002486705780029297
p20_K5,9,fedpc_oracle,18.0,0.7187499947802735,0.7419354836316336,0.696969696758494,17,0.5294117643944637,0.2727272726446281,0.35999999536800004,8000,0.0020439624786376953
p20_K5,9,naive,18.0,0.7187499947802735,0.7419354836316336,0.696969696758494,0,0.0,0.0,0.0,8000,0.0003173351287841797
p20_K5,9,local,16.8,0.7353247282887151,0.7643536586974944,0.7090909088760331,0,0.0,0.0,0.4059700793795672,8000,4.907754421234131
p20_K5,10,centralized,29.0,0.632911387252043,0.6097560974122546,0.657894736668975,10,0.6999999992999999,0.18421052626731302,0.29166666324652774,0,16.289419174194336
p20_K5,10,fedpc_consensus,22.0,0.6666666615794307,0.7857142854336735,0.5789473682686981,16,0.3124999998046875,0.13157894733379502,0.1851851809465022,8000,0.0027914047241210938
p20_K5,10,fedpc_oracle,22.0,0.6666666615794307,0.7857142854336735,0.5789473682686981,16,0.3124999998046875,0.13157894733379502,0.1851851809465022,8000,0.0020825862884521484
p20_K5,10,naive,22.0,0.6666666615794307,0.7857142854336735,0.5789473682686981,0,0.0,0.0,0.0,8000,0.0005183219909667969
p20_K5,10,local,23.4,0.6611229515069135,0.7366448829652384,0.5999999998421053,0,0.0,0.0,0.22555082410559768,8000,4.203478813171387
p20_K5,11,centralized,20.0,0.7297297246639882,0.6279069765981612,0.8709677416545265,19,0.5789473681163435,0.35483870956295527,0.439999995112,0,8.081628561019897
p20_K5,11,fedpc_consensus,14.0,0.7812499947607421,0.7575757573461891,0.8064516126430801,20,0.449999999775,0.29032258055150884,0.3529411715647829,8000,0.0025670528411865234
p20_K5,11,fedpc_oracle,14.0,0.7812499947607421,0.7575757573461891,0.8064516126430801,20,0.449999999775,0.29032258055150884,0.3529411715647829,8000,0.002048969268798828
p20_K5,11,naive,14.0,0.7812499947607421,0.7575757573461891,0.8064516126430801,0,0.0,0.0,0.0,8000,0.00040531158447265625
p20_K5,11,local,15.6,0.7589717174981894,0.7277021260895415,0.7935483868407908,0,0.0,0.0,0.5034160710465531,8000,2.9172329902648926
p20_K5,12,centralized,25.0,0.6987951755610393,0.6744186044943212,0.72499999981875,16,0.8124999994921874,0.32499999991875,0.4642857100382654,0,12.070061206817627
p20_K5,12,fedpc_consensus,21.0,0.712328761974104,0.7878787876400367,0.6499999998375,17,0.5882352937716263,0.2499999999375,0.35087718867343803,8000,0.002023458480834961
p20_K5,12,fedpc_oracle,21.0,0.712328761974104,0.7878787876400367,0.6499999998375,17,0.5882352937716263,0.2499999999375,0.35087718867343803,8000,0.0017321109771728516
p20_K5,12,naive,21.0,0.712328761974104,0.7878787876400367,0.6499999998375,0,0.0,0.0,0.0,8000,0.0003190040588378906
p20_K5,12,local,22.8,0.6905405353928964,0.7574054619586492,0.63499999984125,0,0.0,0.0,0.39350211480858793,8000,3.698112964630127
p20_K5,13,centralized,13.0,0.8311688260212514,0.7441860463385613,0.9411764703114187,14,0.7857142851530612,0.3235294116695502,0.4583333290104167,0,14.792639017105103
p20_K5,13,fedpc_consensus,18.0,0.7428571376489795,0.7222222220216049,0.7647058821280277,26,0.5384615382544379,0.4117647057612457,0.4666666616000001,8000,0.004348039627075195
p20_K5,13,fedpc_oracle,18.0,0.7428571376489795,0.7222222220216049,0.7647058821280277,26,0.5384615382544379,0.4117647057612457,0.4666666616000001,8000,0.0045320987701416016
p20_K5,13,naive,18.0,0.7428571376489795,0.7222222220216049,0.7647058821280277,0,0.0,0.0,0.0,8000,0.0007154941558837891
p20_K5,13,local,18.6,0.7337323863018853,0.715939357998935,0.7529411762491349,0,0.0,0.0,0.45531449280202185,8000,4.1243579387664795
p20_K5,14,centralized,15.0,0.7945205428035279,0.7073170729982153,0.9062499997167969,26,0.7692307689349113,0.6249999998046875,0.6896551672294887,0,11.552673578262329
p20_K5,14,fedpc_consensus,17.0,0.738461533235503,0.7272727270523416,0.749999999765625,29,0.41379310330558855,0.3749999998828125,0.39344261783391565,8000,0.003335237503051758
p20_K5,14,fedpc_oracle,17.0,0.738461533235503,0.7272727270523416,0.749999999765625,29,0.41379310330558855,0.3749999998828125,0.39344261783391565,8000,0.0025682449340820312
p20_K5,14,naive,17.0,0.738461533235503,0.7272727270523416,0.749999999765625,0,0.0,0.0,0.0,8000,0.0003464221954345703
p20_K5,14,local,18.0,0.7324226747773117,0.7015767570371408,0.7687499997597655,0,0.0,0.0,0.4570482904179681,8000,3.3004350662231445
p20_K5,15,centralized,30.0,0.6428571377069162,0.658536585205235,0.6279069765981612,11,0.5454545449586776,0.13953488368848024,0.22222221889574761,0,33.30134463310242
p20_K5,15,fedpc_consensus,26.0,0.6666666615483235,0.742857142644898,0.6046511626500811,18,0.4999999997222222,0.20930232553272038,0.2950819629561946,8000,0.0022058486938476562
p20_K5,15,fedpc_oracle,26.0,0.6666666615483235,0.742857142644898,0.6046511626500811,18,0.4999999997222222,0.20930232553272038,0.2950819629561946,8000,0.002294778823852539
p20_K5,15,naive,26.0,0.6666666615483235,0.742857142644898,0.6046511626500811,0,0.0,0.0,0.0,8000,0.0003409385681152344
p20_K5,15,local,27.8,0.6448862793389072,0.7187456685397015,0.586046511491617,0,0.0,0.0,0.24930998597698845,8000,7.88068699836731
p20_K5,16,centralized,20.0,0.7297297245361578,0.710526315602493,0.7499999997916666,13,0.7692307686390532,0.2777777777006173,0.4081632612411496,0,8.909118890762329
p20_K5,16,fedpc_consensus,20.0,0.705882347750865,0.749999999765625,0.6666666664814814,21,0.38095238077097504,0.2222222221604938,0.28070174963373346,8000,0.002767324447631836
p20_K5,16,fedpc_oracle,20.0,0.705882347750865,0.749999999765625,0.6666666664814814,21,0.38095238077097504,0.2222222221604938,0.28070174963373346,8000,0.0026748180389404297
p20_K5,16,naive,20.0,0.705882347750865,0.749999999765625,0.6666666664814814,0,0.0,0.0,0.0,8000,0.00032639503479003906
p20_K5,16,local,20.0,0.7055003767850623,0.7503676468234902,0.6666666664814814,0,0.0,0.0,0.37388102068236023,8000,3.133711099624634
p20_K5,17,centralized,22.0,0.7105263106163435,0.7499999997916666,0.67499999983125,11,0.9090909082644627,0.2499999999375,0.392156859207997,0,17.052263736724854
p20_K5,17,fedpc_consensus,25.0,0.6268656666429049,0.7777777774897119,0.52499999986875,7,0.14285714265306124,0.02499999999375,0.04255318893617037,8000,0.001667022705078125
p20_K5,17,fedpc_oracle,25.0,0.6268656666429049,0.7777777774897119,0.52499999986875,7,0.14285714265306124,0.02499999999375,0.04255318893617037,8000,0.001550912857055664
p20_K5,17,naive,25.0,0.6268656666429049,0.7777777774897119,0.52499999986875,0,0.0,0.0,0.0,8000,0.0002944469451904297
p20_K5,17,local,24.6,0.6398759367517675,0.7760968975105722,0.54499999986375,0,0.0,0.0,0.22139307573310107,8000,5.042306661605835
p20_K5,18,centralized,27.0,0.6493506441828302,0.6410256408612754,0.657894736668975,13,0.7692307686390532,0.26315789466759004,0.392156858792772,0,19.148653268814087
p20_K5,18,fedpc_consensus,26.0,0.5937499949902344,0.7307692304881657,0.49999999986842103,21,0.6190476187528344,0.34210526306786704,0.4406779613674232,8000,0.002582073211669922
p20_K5,18,fedpc_oracle,26.0,0.5937499949902344,0.7307692304881657,0.49999999986842103,21,0.6190476187528344,0.34210526306786704,0.4406779613674232,8000,0.0022683143615722656
p20_K5,18,naive,26.0,0.5937499949902344,0.7307692304881657,0.49999999986842103,0,0.0,0.0,0.0,8000,0.0003733634948730469
p20_K5,18,local,26.4,0.6048140200352992,0.7039396549255328,0.5315789472285318,0,0.0,0.0,0.27864047655806823,8000,5.148446321487427
p20_K5,19,centralized,22.0,0.6857142805183674,0.6857142855183673,0.6857142855183673,11,0.8181818174380164,0.2571428570693878,0.39130434401701325,0,18.838404893875122
p20_K5,19,fedpc_consensus,22.0,0.6451612851977108,0.7407407404663923,0.5714285712653061,6,0.6666666655555555,0.11428571425306122,0.19512194862581797,8000,0.002695798873901367
p20_K5,19,fedpc_oracle,22.0,0.6451612851977108,0.7407407404663923,0.5714285712653061,6,0.6666666655555555,0.11428571425306122,0.19512194862581797,8000,0.0025157928466796875
p20_K5,19,naive,22.0,0.6451612851977108,0.7407407404663923,0.5714285712653061,0,0.0,0.0,0.0,8000,0.0005319118499755859
p20_K5,19,local,23.0,0.6394604026736562,0.7104178067208048,0.5828571426906122,0,0.0,0.0,0.28674810994806804,8000,6.325744867324829
p20_K10,0,centralized,18.0,0.7567567516837108,0.6511627905462412,0.9032258061602497,25,0.719999999712,0.5806451611030177,0.6428571376849491,0,16.056761264801025
p20_K10,0,fedpc_consensus,12.0,0.7777777725994515,0.9130434778638941,0.6774193546201873,11,0.9090909082644627,0.32258064505723205,0.4761904720975057,16000,0.003163576126098633
p20_K10,0,fedpc_oracle,10.0,0.821428566192602,0.919999999632,0.7419354836316336,12,0.9999999991666666,0.38709677406867843,0.5581395306003245,16000,0.0027265548706054688
p20_K10,0,naive,11.0,0.8070175386149584,0.8846153842751479,0.7419354836316336,0,0.0,0.0,0.0,16000,0.00033664703369140625
p20_K10,0,local,13.3,0.7680245159255816,0.8343944096214001,0.7129032255764828,0,0.0,0.0,0.5120922472874551,16000,8.31178593635559
p20_K10,1,centralized,26.0,0.6976744134424013,0.6976744184424013,0.6976744184424013,9,0.7777777769135802,0.1627906976365603,0.26923076626479286,0,19.97511601448059
p20_K10,1,fedpc_consensus,19.0,0.739726022353162,0.8999999997,0.6279069765981612,21,0.6190476187528344,0.30232558132504056,0.40624999546386725,16000,0.0034151077270507812
p20_K10,1,fedpc_oracle,17.0,0.7733333282346666,0.9062499997167969,0.6744186044943212,23,0.6521739127599243,0.34883720922120065,0.4545454498668504,16000,0.0042607784271240234
p20_K10,1,naive,16.0,0.7894736790893352,0.909090908815427,0.6976744184424013,0,0.0,0.0,0.0,16000,0.00040340423583984375
p20_K10,1,local,20.9,0.7244257880125415,0.8368599177687177,0.6395348835722012,0,0.0,0.0,0.27687289909610946,16000,6.793070554733276
p20_K10,2,centralized,17.0,0.7462686515838718,0.657894736668975,0.8620689652199762,17,0.8235294112802768,0.4827586205231867,0.6086956472495275,0,7.687188625335693
p20_K10,2,fedpc_consensus,16.0,0.72413792578478,0.72413793078478,0.72413793078478,12,0.41666666631944443,0.17241379304399523,0.24390243476502083,16000,0.004202604293823242
p20_K10,2,fedpc_oracle,16.0,0.72413792578478,0.72413793078478,0.72413793078478,12,0.41666666631944443,0.17241379304399523,0.24390243476502083,16000,0.0036666393280029297
p20_K10,2,naive,16.0,0.72413792578478,0.72413793078478,0.72413793078478,0,0.0,0.0,0.0,16000,0.00043511390686035156
p20_K10,2,local,16.5,0.7191106110547099,0.7124839330738905,0.7275862066456599,0,0.0,0.0,0.4427410800191378,16000,5.085867166519165
p20_K10,3,centralized,28.0,0.6744185994943213,0.6744186044943212,0.6744186044943212,8,0.6249999992187499,0.11627906974040021,0.19607842865051903,0,19.994441747665405
p20_K10,3,fedpc_consensus,29.0,0.6133333282773333,0.7187499997753906,0.534883720805841,24,0.3333333331944444,0.18604651158464033,0.23880596548006244,16000,0.004003047943115234
p20_K10,3,fedpc_oracle,29.0,0.6133333282773333,0.7187499997753906,0.534883720805841,24,0.3333333331944444,0.18604651158464033,0.23880596548006244,16000,0.003095388412475586
p20_K10,3,naive,30.0,0.6052631528220221,0.696969696758494,0.534883720805841,0,0.0,0.0,0.0,16000,0.00037360191345214844
p20_K10,3,local,30.8,0.5980641582942973,0.6835409817943896,0.532558139411033,0,0.0,0.0,0.22052912270149844,16000,7.2259886264801025
p20_K10,4,centralized,36.0,0.5714285663180272,0.6153846152268244,0.5333333332148148,16,0.74999999953125,0.2666666666074074,0.3934426189518947,0,37.76666498184204
p20_K10,4,fedpc_consensus,34.0,0.5405405356281957,0.6896551721759809,0.444444444345679,14,0.5714285710204081,0.1777777777382716,0.271186436966389,16000,0.002754688262939453
p20_K10,4,fedpc_oracle,35.0,0.533333328391111,0.6666666664444444,0.444444444345679,15,0.5333333329777777,0.1777777777382716,0.2666666628277778,16000,0.0033550262451171875
p20_K10,4,naive,36.0,0.5263157845048477,0.6451612901144641,0.444444444345679,0,0.0,0.0,0.0,16000,0.00031948089599609375
p20_K10,4,local,39.3,0.48856107971402407,0.5897953551845054,0.4177777776849383,0,0.0,0.0,0.2949663682613138,16000,10.982132911682129
p20_K10,5,centralized,22.0,0.6944444392669754,0.657894736668975,0.7352941174307959,9,0.7777777769135802,0.20588235288062284,0.3255813918875068,0,14.496469974517822
p20_K10,5,fedpc_consensus,14.0,0.7499999949617349,0.9545454541115702,0.6176470586418685,9,0.6666666659259258,0.176470588183391,0.2790697640021633,16000,0.0031893253326416016
p20_K10,5,fedpc_oracle,14.0,0.7499999949617349,0.9545454541115702,0.6176470586418685,9,0.6666666659259258,0.176470588183391,0.2790697640021633,16000,0.002939462661743164
p20_K10,5,naive,15.0,0.736842100190828,0.9130434778638941,0.6176470586418685,0,0.0,0.0,0.0,16000,0.00046539306640625
p20_K10,5,local,16.9,0.7076597121487535,0.8604850765978694,0.6029411762932526,0,0.0,0.0,0.2916188307311476,16000,7.453441619873047
p20_K10,6,centralized,8.0,0.8620689602259216,0.8333333330555556,0.8928571425382653,9,0.6666666659259258,0.21428571420918366,0.32432432046749454,0,17.13438868522644
p20_K10,6,fedpc_consensus,6.0,0.8846153793047338,0.9583333329340278,0.8214285711352041,20,0.49999999975,0.3571428570153061,0.4166666616319445,16000,0.004434347152709961
p20_K10,6,fedpc_oracle,6.0,0.8846153793047338,0.9583333329340278,0.8214285711352041,20,0.49999999975,0.3571428570153061,0.4166666616319445,16000,0.004219770431518555
p20_K10,6,naive,6.0,0.8846153793047338,0.9583333329340278,0.8214285711352041,0,0.0,0.0,0.0,16000,0.0003757476806640625
p20_K10,6,local,8.2,0.8493442472933698,0.8813550702938484,0.8214285711352041,0,0.0,0.0,0.34843113037254636,16000,6.694267749786377
p20_K10,7,centralized,24.0,0.6842105212222992,0.6046511626500811,0.7878787876400367,13,0.3846153843195266,0.15151515146923783,0.2173913001984877,0,24.779337167739868
p20_K10,7,fedpc_consensus,25.0,0.5901639292663263,0.642857142627551,0.5454545452892562,18,0.3888888886728395,0.21212121205693296,0.2745097992464437,16000,0.004481792449951172
p20_K10,7,fedpc_oracle,25.0,0.5901639292663263,0.642857142627551,0.5454545452892562,18,0.3888888886728395,0.21212121205693296,0.2745097992464437,16000,0.0027675628662109375
p20_K10,7,naive,25.0,0.5901639292663263,0.642857142627551,0.5454545452892562,0,0.0,0.0,0.0,16000,0.0004956722259521484
p20_K10,7,local,24.1,0.6129952177342733,0.6526296691891653,0.5787878786124885,0,0.0,0.0,0.290866514881294,16000,7.399030923843384
p20_K10,8,centralized,35.0,0.5882352889965399,0.5555555554320988,0.62499999984375,8,0.7499999990624999,0.1499999999625,0.24999999711805557,0,27.492008447647095
p20_K10,8,fedpc_consensus,25.0,0.6376811543625289,0.7586206893935791,0.5499999998625,12,0.5833333328472222,0.17499999995624999,0.26923076557692305,16000,0.005017995834350586
p20_K10,8,fedpc_oracle,25.0,0.6376811543625289,0.7586206893935791,0.5499999998625,12,0.5833333328472222,0.17499999995624999,0.26923076557692305,16000,0.003674030303955078
p20_K10,8,naive,26.0,0.6285714234938775,0.7333333330888888,0.5499999998625,0,0.0,0.0,0.0,16000,0.00045943260192871094
p20_K10,8,local,28.3,0.5996440713325226,0.6914357551104853,0.5299999998675,0,0.0,0.0,0.359351308251282,16000,9.738158702850342
p20_K10,9,centralized,12.0,0.8333333281172841,0.7894736840027701,0.882352940916955,23,0.9130434778638941,0.6176470586418685,0.736842100190828,0,8.10510540008545
p20_K10,9,fedpc_consensus,9.0,0.8656716365337491,0.8787878785215794,0.8529411762197232,22,0.6818181815082645,0.4411764704584775,0.5357142807525511,16000,0.0038590431213378906
p20_K10,9,fedpc_oracle,9.0,0.8656716365337491,0.8787878785215794,0.8529411762197232,22,0.6818181815082645,0.4411764704584775,0.5357142807525511,16000,0.0036950111389160156
p20_K10,9,naive,9.0,0.8656716365337491,0.8787878785215794,0.8529411762197232,0,0.0,0.0,0.0,16000,0.0005512237548828125
p20_K10,9,local,11.9,0.8153447627475412,0.8618749780878027,0.7764705880069205,0,0.0,0.0,0.4589642599854241,16000,6.385358810424805
p20_K10,10,centralized,25.0,0.6913580195275112,0.6666666665079365,0.7179487177646285,10,0.6999999992999999,0.17948717944115714,0.28571428234902124,0,14.30199146270752
p20_K10,10,fedpc_consensus,16.0,0.7714285662734695,0.8709677416545265,0.6923076921301775,22,0.6363636360743802,0.35897435888231427,0.45901638868046224,16000,0.0029075145721435547
p20_K10,10,fedpc_oracle,16.0,0.7714285662734695,0.8709677416545265,0.6923076921301775,22,0.6363636360743802,0.35897435888231427,0.45901638868046224,16000,0.0028078556060791016
p20_K10,10,naive,17.0,0.7605633751160485,0.8437499997363281,0.6923076921301775,0,0.0,0.0,0.0,16000,0.00043892860412597656
p20_K10,10,local,19.0,0.7354666974863301,0.8068356606832232,0.6769230767495069,0,0.0,0.0,0.30211153928624584,16000,6.462661504745483
p20_K10,11,centralized,19.0,0.6885245849502821,0.6562499997949218,0.72413793078478,10,0.6999999992999999,0.24137931026159334,0.3589743549769889,0,11.125187397003174
p20_K10,11,fedpc_consensus,18.0,0.666666661447188,0.719999999712,0.6206896549583829,15,0.46666666635555554,0.24137931026159334,0.3181818135433885,16000,0.004328012466430664
p20_K10,11,fedpc_oracle,18.0,0.666666661447188,0.719999999712,0.6206896549583829,15,0.46666666635555554,0.24137931026159334,0.3181818135433885,16000,0.0033233165740966797
p20_K10,11,naive,18.0,0.666666661447188,0.719999999712,0.6206896549583829,0,0.0,0.0,0.0,16000,0.00040268898010253906
p20_K10,11,local,19.4,0.6605304432846668,0.6705131711367034,0.651724137706302,0,0.0,0.0,0.2981392282795481,16000,4.954731225967407
p20_K10,12,centralized,26.0,0.6666666614957265,0.6666666664957265,0.6666666664957265,9,0.8888888879012344,0.20512820507560814,0.33333333014756944,0,31.926764249801636
p20_K10,12,fedpc_consensus,27.0,0.584615379635503,0.7307692304881657,0.48717948705456937,7,0.571428570612245,0.10256410253780407,0.17391304082230627,16000,0.003014802932739258
p20_K10,12,fedpc_oracle,27.0,0.584615379635503,0.7307692304881657,0.48717948705456937,7,0.571428570612245,0.10256410253780407,0.17391304082230627,16000,0.0023238658905029297
p20_K10,12,naive,27.0,0.584615379635503,0.7307692304881657,0.48717948705456937,0,0.0,0.0,0.0,16000,0.00028324127197265625
p20_K10,12,local,26.9,0.5864773046981814,0.7343175180846269,0.4897435896180145,0,0.0,0.0,0.27381428474729386,16000,10.978935241699219
p20_K10,13,centralized,19.0,0.7466666614684444,0.7368421050692521,0.7567567565522278,20,0.5999999997,0.32432432423666907,0.42105262687596184,0,16.50476360321045
p20_K10,13,fedpc_consensus,18.0,0.7187499948974609,0.8518518515363511,0.6216216214536158,20,0.29999999985,0.16216216211833454,0.2105263111603571,16000,0.0043218135833740234
p20_K10,13,fedpc_oracle,18.0,0.7187499948974609,0.8518518515363511,0.6216216214536158,20,0.29999999985,0.16216216211833454,0.2105263111603571,16000,0.004652738571166992
p20_K10,13,naive,17.0,0.7384615333301775,0.8571428568367346,0.6486486484733381,0,0.0,0.0,0.0,16000,0.00038170814514160156
p20_K10,13,local,19.6,0.7046971625328295,0.7964177125310355,0.6324324322615047,0,0.0,0.0,0.18521929745254828,16000,7.2368175983428955
p20_K10,14,centralized,33.0,0.6206896500303872,0.6279069765981612,0.6136363634969008,15,0.5333333329777777,0.1818181817768595,0.2711864367940247,0,23.545456409454346
p20_K10,14,fedpc_consensus,28.0,0.6216216166325786,0.7666666664111111,0.5227272726084711,22,0.5454545452066115,0.27272727266528923,0.36363635908172637,16000,0.00641179084777832
p20_K10,14,fedpc_oracle,28.0,0.6216216166325786,0.7666666664111111,0.5227272726084711,22,0.5454545452066115,0.27272727266528923,0.36363635908172637,16000,0.005988359451293945
p20_K10,14,naive,28.0,0.6216216166325786,0.7666666664111111,0.5227272726084711,0,0.0,0.0,0.0,16000,0.0013446807861328125
p20_K10,14,local,28.5,0.6266846030214064,0.7416523319024153,0.5431818180583677,0,0.0,0.0,0.2700141335983932,16000,7.799910306930542
p20_K10,15,centralized,10.0,0.8684210474065098,0.8461538459368836,0.89189189165084,21,0.809523809138322,0.4594594593352812,0.5862068917300832,0,6.980022430419922
p20_K10,15,fedpc_consensus,16.0,0.7499999948876954,0.8888888885596707,0.6486486484733381,23,0.6086956519092628,0.3783783782761139,0.4666666617833334,16000,0.004457712173461914
p20_K10,15,fedpc_oracle,16.0,0.7499999948876954,0.8888888885596707,0.6486486484733381,23,0.6086956519092628,0.3783783782761139,0.4666666617833334,16000,0.004303455352783203
p20_K10,15,naive,16.0,0.7499999948876954,0.8888888885596707,0.6486486484733381,0,0.0,0.0,0.0,16000,0.00030541419982910156
p20_K10,15,local,16.1,0.7510097490078748,0.8775055082226968,0.6567567565792548,0,0.0,0.0,0.502174395279032,16000,4.827192068099976
p20_K10,16,centralized,30.0,0.6052631527389197,0.6216216214536158,0.5897435895923734,13,0.6153846149112425,0.20512820507560814,0.30769230382396445,0,31.456032276153564
p20_K10,16,fedpc_consensus,27.0,0.584615379635503,0.7307692304881657,0.48717948705456937,18,0.4444444441975308,0.20512820507560814,0.28070174996614344,16000,0.004884243011474609
p20_K10,16,fedpc_oracle,27.0,0.584615379635503,0.7307692304881657,0.48717948705456937,18,0.4444444441975308,0.20512820507560814,0.28070174996614344,16000,0.0037186145782470703
p20_K10,16,naive,28.0,0.5757575707483931,0.7037037034430726,0.48717948705456937,0,0.0,0.0,0.0,16000,0.0005698204040527344
p20_K10,16,local,28.4,0.5791026222012243,0.6900649967348313,0.49999999987179483,0,0.0,0.0,0.2856388556795729,16000,11.040785789489746
p20_K10,17,centralized,24.0,0.6842105211495846,0.6499999998375,0.7222222220216049,8,0.8749999989062499,0.1944444443904321,0.3181818150619835,0,20.73466420173645
p20_K10,17,fedpc_consensus,22.0,0.6333333283222223,0.7916666663368055,0.5277777776311728,17,0.4117647056401384,0.1944444443904321,0.2641509389391243,16000,0.0039174556732177734
p20_K10,17,fedpc_oracle,23.0,0.6229508146304757,0.759999999696,0.5277777776311728,18,0.3333333331481481,0.16666666662037036,0.2222222176954733,16000,0.003505706787109375
p20_K10,17,naive,23.0,0.6229508146304757,0.759999999696,0.5277777776311728,0,0.0,0.0,0.0,16000,0.0003502368927001953
p20_K10,17,local,24.3,0.6085672172710035,0.7332048121401751,0.5222222220771605,0,0.0,0.0,0.32940151037494325,16000,7.268294334411621
p20_K10,18,centralized,19.0,0.7594936656946002,0.7499999998125,0.7692307690335306,13,0.9230769223668639,0.3076923076134122,0.46153845761094675,0,17.217997074127197
p20_K10,18,fedpc_consensus,23.0,0.6666666615584962,0.7666666664111111,0.5897435895923734,17,0.29411764688581316,0.1282051281722551,0.17857142427933684,16000,0.003240346908569336
p20_K10,18,fedpc_oracle,20.0,0.6969696919237832,0.8518518515363511,0.5897435895923734,16,0.4374999997265625,0.17948717944115714,0.25454545032727277,16000,0.0037832260131835938
p20_K10,18,naive,23.0,0.6666666615584962,0.7666666664111111,0.5897435895923734,0,0.0,0.0,0.0,16000,0.00033164024353027344
p20_K10,18,local,22.6,0.6722846127557611,0.7738347830984801,0.5948717947192635,0,0.0,0.0,0.2864462591096669,16000,7.660845994949341
p20_K10,19,centralized,28.0,0.6499999948874999,0.5909090907747934,0.7222222220216049,4,0.7499999981250001,0.08333333331018518,0.14999999812499998,0,15.031046628952026
p20_K10,19,fedpc_consensus,28.0,0.5757575706244262,0.6333333331222222,0.5277777776311728,10,0.3999999996,0.1111111110802469,0.17391304000000007,16000,0.0033152103424072266
p20_K10,19,fedpc_oracle,27.0,0.5846153794934912,0.6551724135671819,0.5277777776311728,14,0.3571428568877551,0.13888888885030864,0.19999999588800008,16000,0.0024442672729492188
p20_K10,19,naive,28.0,0.5757575706244262,0.6333333331222222,0.5277777776311728,0,0.0,0.0,0.0,16000,0.0005202293395996094
p20_K10,19,local,26.3,0.6031425787012421,0.660431299108734,0.5555555554012347,0,0.0,0.0,0.23238948800139853,16000,6.305781602859497
p20_N100,0,centralized,26.0,0.518518513436214,0.6086956519092628,0.45161290308012486,11,0.18181818165289254,0.0645161290114464,0.09523809132653076,0,1.3282337188720703
p20_N100,0,fedpc_consensus,24.0,0.42857142450113384,0.8181818174380164,0.29032258055150884,0,0.0,0.0,0.0,8000,0.0021681785583496094
p20_N100,0,fedpc_oracle,24.0,0.42857142450113384,0.8181818174380164,0.29032258055150884,0,0.0,0.0,0.0,8000,0.0018656253814697266
p20_N100,0,naive,24.0,0.42857142450113384,0.8181818174380164,0.29032258055150884,0,0.0,0.0,0.0,8000,0.00026702880859375
p20_N100,0,local,26.2,0.3910802333931785,0.7052447546494143,0.2709677418480749,0,0.0,0.0,0.06800817461292201,8000,2.30678129196167
p20_N100,1,centralized,29.0,0.6027397213586039,0.879999999648,0.4583333332378472,12,0.4999999995833333,0.12499999997395833,0.19999999673333335,0,1.2501051425933838
p20_N100,1,fedpc_consensus,38.0,0.34482758323424495,0.9999999989999999,0.20833333328993056,2,0.999999995,0.04166666665798611,0.0799999992,8000,0.001476287841796875
p20_N100,1,fedpc_oracle,38.0,0.34482758323424495,0.9999999989999999,0.20833333328993056,2,0.999999995,0.04166666665798611,0.0799999992,8000,0.0016443729400634766
p20_N100,1,naive,38.0,0.34482758323424495,0.9999999989999999,0.20833333328993056,0,0.0,0.0,0.0,8000,0.0002772808074951172
p20_N100,1,local,38.2,0.36403522134484934,0.9023931616325085,0.2291666666189236,0,0.0,0.0,0.1542820901808114,8000,1.6415281295776367
p20_N100,2,centralized,23.0,0.6349206300025196,0.8333333329861111,0.5128205126890204,16,0.4999999996875,0.20512820507560814,0.29090908667768595,0,0.7883098125457764
p20_N100,2,fedpc_consensus,25.0,0.5283018827055892,0.9999999992857143,0.35897435888231427,9,0.5555555549382716,0.1282051281722551,0.2083333301996528,8000,0.002383708953857422
p20_N100,2,fedpc_oracle,25.0,0.5283018827055892,0.9999999992857143,0.35897435888231427,9,0.5555555549382716,0.1282051281722551,0.2083333301996528,8000,0.002191305160522461
p20_N100,2,naive,25.0,0.5283018827055892,0.9999999992857143,0.35897435888231427,0,0.0,0.0,0.0,8000,0.00042557716369628906
p20_N100,2,local,28.2,0.4548520224029057,0.9271794864378962,0.302564102486522,0,0.0,0.0,0.14046717773310488,8000,1.372718095779419
p20_N100,3,centralized,35.0,0.40677965677678823,0.7058823525259516,0.2857142856462585,10,0.7999999992,0.190476190430839,0.3076923044674556,0,1.0853259563446045
p20_N100,3,fedpc_consensus,36.0,0.33333332975308644,0.749999999375,0.21428571423469386,3,0.3333333322222222,0.023809523803854874,0.04444444318024695,8000,0.0018503665924072266
p20_N100,3,fedpc_oracle,36.0,0.33333332975308644,0.749999999375,0.21428571423469386,3,0.3333333322222222,0.023809523803854874,0.04444444318024695,8000,0.0015606880187988281
p20_N100,3,naive,36.0,0.33333332975308644,0.749999999375,0.21428571423469386,0,0.0,0.0,0.0,8000,0.00023603439331054688
p20_N100,3,local,34.6,0.3649488796016982,0.7967132860622557,0.23809523803854873,0,0.0,0.0,0.07458678724977305,8000,2.0133445262908936
p20_N100,4,centralized,34.0,0.5142857097265308,0.7826086953119092,0.3829787233227705,9,0.5555555549382716,0.10638297870076957,0.178571425809949,0,1.0982446670532227
p20_N100,4,fedpc_consensus,41.0,0.28070175139427517,0.7999999992,0.17021276592123133,2,0.4999999975,0.021276595740153916,0.040816325730945444,8000,0.0017364025115966797
p20_N100,4,fedpc_oracle,41.0,0.28070175139427517,0.7999999992,0.17021276592123133,2,0.4999999975,0.021276595740153916,0.040816325730945444,8000,0.0014040470123291016
p20_N100,4,naive,41.0,0.28070175139427517,0.7999999992,0.17021276592123133,0,0.0,0.0,0.0,8000,0.00026035308837890625
p20_N100,4,local,39.8,0.3251548768415125,0.8003496496786088,0.2042553191054776,0,0.0,0.0,0.10468782875528267,8000,1.3739078044891357
p20_N100,5,centralized,26.0,0.5806451565244537,0.8181818178099173,0.4499999998875,12,0.8333333326388889,0.2499999999375,0.38461538091715985,0,0.9470725059509277
p20_N100,5,fedpc_consensus,34.0,0.2916666637673611,0.8749999989062499,0.17499999995624999,2,0.4999999975,0.02499999999375,0.04761904668934241,8000,0.0014278888702392578
p20_N100,5,fedpc_oracle,34.0,0.2916666637673611,0.8749999989062499,0.17499999995624999,2,0.4999999975,0.02499999999375,0.04761904668934241,8000,0.0015375614166259766
p20_N100,5,naive,34.0,0.2916666637673611,0.8749999989062499,0.17499999995624999,0,0.0,0.0,0.0,8000,0.0002846717834472656
p20_N100,5,local,33.4,0.33453688831665684,0.8277777769552468,0.20999999994750002,0,0.0,0.0,0.11464361042888438,8000,1.3723936080932617
p20_N100,6,centralized,30.0,0.4642857095280613,0.649999999675,0.36111111101080245,10,0.29999999969999996,0.08333333331018518,0.13043477914933846,0,0.8247246742248535
p20_N100,6,fedpc_consensus,32.0,0.2727272696280992,0.7499999990624999,0.16666666662037036,2,0.0,0.0,0.0,8000,0.0015406608581542969
p20_N100,6,fedpc_oracle,32.0,0.2727272696280992,0.7499999990624999,0.16666666662037036,2,0.0,0.0,0.0,8000,0.0011577606201171875
p20_N100,6,naive,32.0,0.2727272696280992,0.7499999990624999,0.16666666662037036,0,0.0,0.0,0.0,8000,0.0002932548522949219
p20_N100,6,local,32.4,0.3132263018909168,0.6733766227431655,0.20555555549845678,0,0.0,0.0,0.06721100384713039,8000,1.575437307357788
p20_N100,7,centralized,31.0,0.4745762663487504,0.6363636360743802,0.3783783782761139,7,0.2857142853061225,0.05405405403944485,0.09090908819214882,0,1.0813660621643066
p20_N100,7,fedpc_consensus,32.0,0.272727269927686,0.8571428559183674,0.16216216211833454,0,0.0,0.0,0.0,8000,0.0013058185577392578
p20_N100,7,fedpc_oracle,31.0,0.31111110804938275,0.8749999989062499,0.18918918913805696,0,0.0,0.0,0.0,8000,0.0014514923095703125
p20_N100,7,naive,32.0,0.272727269927686,0.8571428559183674,0.16216216211833454,0,0.0,0.0,0.0,8000,0.00014257431030273438
p20_N100,7,local,32.0,0.3136146155754894,0.7611188802789094,0.19999999994594594,0,0.0,0.0,0.018393233648462032,8000,1.556713342666626
p20_N100,8,centralized,22.0,0.6451612851977108,0.7407407404663923,0.5714285712653061,14,0.5714285710204081,0.22857142850612244,0.3265306080299875,0,0.9153428077697754
p20_N100,8,fedpc_consensus,31.0,0.24390243640690065,0.8333333319444445,0.14285714281632653,0,0.0,0.0,0.0,8000,0.001836538314819336
p20_N100,8,fedpc_oracle,30.0,0.2857142828004536,0.8571428559183674,0.17142857137959183,0,0.0,0.0,0.0,8000,0.0016183853149414062
p20_N100,8,naive,31.0,0.24390243640690065,0.8333333319444445,0.14285714281632653,0,0.0,0.0,0.0,8000,0.0002372264862060547
p20_N100,8,local,31.6,0.29369230640394745,0.6870634913205784,0.188571428517551,0,0.0,0.0,0.03051281969162231,8000,1.2716426849365234
p20_N100,9,centralized,16.0,0.6666666615277779,0.7999999996,0.5714285712244898,11,0.7272727266115702,0.2857142856122449,0.41025640599605523,0,0.44921875
p20_N100,9,fedpc_consensus,18.0,0.5263157853185596,0.9999999989999999,0.3571428570153061,4,0.49999999875,0.07142857140306122,0.12499999773437502,8000,0.001699686050415039
p20_N100,9,fedpc_oracle,19.0,0.48648648254200155,0.9999999988888888,0.3214285713137755,2,0.4999999975,0.03571428570153061,0.0666666653777778,8000,0.0014019012451171875
p20_N100,9,naive,19.0,0.48648648254200155,0.9999999988888888,0.3214285713137755,0,0.0,0.0,0.0,8000,0.00016045570373535156
p20_N100,9,local,20.4,0.4846055056461543,0.8308158500909695,0.3428571427346939,0,0.0,0.0,0.1343345876799892,8000,0.8054840564727783
p20_N100,10,centralized,24.0,0.6249999950439454,0.79999999968,0.5128205126890204,15,0.6666666662222221,0.2564102563445102,0.3703703662208505,0,0.8180756568908691
p20_N100,10,fedpc_consensus,32.0,0.33333333014756944,0.8888888879012344,0.20512820507560814,0,0.0,0.0,0.0,8000,0.001920938491821289
p20_N100,10,fedpc_oracle,32.0,0.33333333014756944,0.8888888879012344,0.20512820507560814,0,0.0,0.0,0.0,8000,0.001329660415649414
p20_N100,10,naive,32.0,0.33333333014756944,0.8888888879012344,0.20512820507560814,0,0.0,0.0,0.0,8000,0.00026607513427734375
p20_N100,10,local,31.4,0.3902591643091313,0.8038095231199092,0.26153846147140036,0,0.0,0.0,0.07770295565745597,8000,1.0520081520080566
p20_N100,11,centralized,14.0,0.7083333281163195,0.809523809138322,0.6296296293964334,9,0.6666666659259258,0.22222222213991769,0.33333332939814814,0,0.48853564262390137
p20_N100,11,fedpc_consensus,16.0,0.5789473640027701,0.999999999090909,0.40740740725651575,0,0.0,0.0,0.0,8000,0.0015261173248291016
p20_N100,11,fedpc_oracle,16.0,0.5789473640027701,0.999999999090909,0.40740740725651575,0,0.0,0.0,0.0,8000,0.0011684894561767578
p20_N100,11,naive,16.0,0.5789473640027701,0.999999999090909,0.40740740725651575,0,0.0,0.0,0.0,8000,0.0003826618194580078
p20_N100,11,local,19.4,0.4906989444063125,0.8578144069937151,0.3481481480192044,0,0.0,0.0,0.14098762724053113,8000,0.9961211681365967
p20_N100,12,centralized,25.0,0.6031745982665659,0.7916666663368055,0.48717948705456937,16,0.374999999765625,0.1538461538067061,0.21818181397685954,0,0.702089786529541
p20_N100,12,fedpc_consensus,30.0,0.39999999640800005,0.9090909082644627,0.2564102563445102,4,0.49999999875,0.051282051268902035,0.09302325408328828,8000,0.0013604164123535156
p20_N100,12,fedpc_oracle,28.0,0.46153845761094675,0.9230769223668639,0.3076923076134122,2,0.4999999975,0.025641025634451017,0.04878048685306366,8000,0.0013813972473144531
p20_N100,12,naive,30.0,0.39999999640800005,0.9090909082644627,0.2564102563445102,0,0.0,0.0,0.0,8000,0.00021839141845703125
p20_N100,12,local,30.4,0.4083961532745294,0.8385173153354513,0.2717948717251808,0,0.0,0.0,0.10040575245686327,8000,1.2469396591186523
p20_N100,13,centralized,20.0,0.6874999950976562,0.9166666662847222,0.5499999998625,8,0.9999999987499999,0.19999999995,0.33333333041666674,0,0.8048238754272461
p20_N100,13,fedpc_consensus,30.0,0.39999999664,0.9999999989999999,0.2499999999375,4,0.7499999981250001,0.07499999998125,0.13636363464876033,8000,0.0012962818145751953
p20_N100,13,fedpc_oracle,28.0,0.4615384578106509,0.9999999991666666,0.299999999925,2,0.999999995,0.0499999999875,0.0952380942857143,8000,0.0013508796691894531
p20_N100,13,naive,30.0,0.39999999664,0.9999999989999999,0.2499999999375,0,0.0,0.0,0.0,8000,0.00018930435180664062
p20_N100,13,local,29.8,0.42730736001863223,0.915897435133218,0.27999999993,0,0.0,0.0,0.18398989690235906,8000,1.151200771331787
p20_N100,14,centralized,21.0,0.6315789424068945,0.8181818178099173,0.5142857141387756,12,0.749999999375,0.2571428570693878,0.3829787194386601,0,0.7135801315307617
p20_N100,14,fedpc_consensus,27.0,0.3720930200540833,0.9999999987499999,0.22857142850612244,0,0.0,0.0,0.0,8000,0.0012297630310058594
p20_N100,14,fedpc_oracle,27.0,0.3720930200540833,0.9999999987499999,0.22857142850612244,0,0.0,0.0,0.0,8000,0.0015914440155029297
p20_N100,14,naive,27.0,0.3720930200540833,0.9999999987499999,0.22857142850612244,0,0.0,0.0,0.0,8000,0.0002372264862060547
p20_N100,14,local,29.2,0.37426579936172744,0.7424242417865841,0.2514285713567347,0,0.0,0.0,0.12161756309243103,8000,1.1018157005310059
p20_N100,15,centralized,43.0,0.3768115897500525,0.5909090906404958,0.2765957446220009,13,0.30769230745562126,0.08510638296061566,0.13333332989444452,0,1.2976455688476562
p20_N100,15,fedpc_consensus,43.0,0.2950819635796829,0.6428571423979591,0.19148936166138525,4,0.249999999375,0.021276595740153916,0.03921568481353331,8000,0.0017464160919189453
p20_N100,15,fedpc_oracle,43.0,0.2950819635796829,0.6428571423979591,0.19148936166138525,4,0.249999999375,0.021276595740153916,0.03921568481353331,8000,0.001699686050415039
p20_N100,15,naive,43.0,0.2950819635796829,0.6428571423979591,0.19148936166138525,0,0.0,0.0,0.0,8000,0.0004191398620605469
p20_N100,15,local,44.8,0.2585242579857593,0.587106226661912,0.16595744677320057,0,0.0,0.0,0.08241430527831015,8000,2.144648313522339
p20_N100,16,centralized,29.0,0.5538461490177514,0.7499999996875,0.4390243901368233,9,0.7777777769135802,0.1707317072754313,0.27999999693600003,0,0.9674088954925537
p20_N100,16,fedpc_consensus,33.0,0.37735848692061236,0.8333333326388889,0.24390243896490185,3,0.6666666644444444,0.048780487792980366,0.09090908959710745,8000,0.0015835762023925781
p20_N100,16,fedpc_oracle,33.0,0.37735848692061236,0.8333333326388889,0.24390243896490185,3,0.6666666644444444,0.048780487792980366,0.09090908959710745,8000,0.0012712478637695312
p20_N100,16,naive,33.0,0.37735848692061236,0.8333333326388889,0.24390243896490185,0,0.0,0.0,0.0,8000,0.0002434253692626953
p20_N100,16,local,33.0,0.3900273985343803,0.8092307685962862,0.258536585302796,0,0.0,0.0,0.1115370479463813,8000,1.3136909008026123
p20_N100,17,centralized,31.0,0.5373134280775229,0.7499999996875,0.41860465106544076,12,0.4999999995833333,0.13953488368848024,0.21818181469090914,0,1.0726768970489502
p20_N100,17,fedpc_consensus,35.0,0.31372548742791234,0.9999999987499999,0.18604651158464033,4,0.49999999875,0.046511627896160083,0.08510638138524221,8000,0.0015704631805419922
p20_N100,17,fedpc_oracle,34.0,0.346153843158284,0.9999999988888888,0.20930232553272038,4,0.49999999875,0.046511627896160083,0.08510638138524221,8000,0.0013256072998046875
p20_N100,17,naive,35.0,0.31372548742791234,0.9999999987499999,0.18604651158464033,0,0.0,0.0,0.0,8000,0.0001621246337890625
p20_N100,17,local,33.4,0.391528465049387,0.8969963362409649,0.2511627906392645,0,0.0,0.0,0.10530339054121127,8000,1.4365050792694092
p20_N100,18,centralized,24.0,0.5999999949388889,0.719999999712,0.5142857141387756,13,0.3846153843195266,0.14285714281632653,0.20833332929687504,0,0.845609188079834
p20_N100,18,fedpc_consensus,27.0,0.3720930200540833,0.9999999987499999,0.22857142850612244,2,0.999999995,0.05714285712653061,0.10810810702702703,8000,0.001712799072265625
p20_N100,18,fedpc_oracle,27.0,0.3720930200540833,0.9999999987499999,0.22857142850612244,2,0.999999995,0.05714285712653061,0.10810810702702703,8000,0.0015599727630615234
p20_N100,18,naive,27.0,0.3720930200540833,0.9999999987499999,0.22857142850612244,0,0.0,0.0,0.0,8000,0.00024509429931640625
p20_N100,18,local,26.8,0.42085422257399985,0.8678071920107472,0.27999999992,0,0.0,0.0,0.138359520186326,8000,0.9693241119384766
p20_N100,19,centralized,30.0,0.5161290275130074,0.7272727269421487,0.3999999999,9,0.5555555549382716,0.12499999996875,0.2040816295710121,0,0.9548468589782715
p20_N100,19,fedpc_consensus,31.0,0.392156859207997,0.9090909082644627,0.2499999999375,0,0.0,0.0,0.0,8000,0.0020766258239746094
p20_N100,19,fedpc_oracle,31.0,0.392156859207997,0.9090909082644627,0.2499999999375,0,0.0,0.0,0.0,8000,0.0021140575408935547
p20_N100,19,naive,31.0,0.392156859207997,0.9090909082644627,0.2499999999375,0,0.0,0.0,0.0,8000,0.0002696514129638672
p20_N100,19,local,32.0,0.38439363301402407,0.8387412580291056,0.2499999999375,0,0.0,0.0,0.05355291852194242,8000,1.3427214622497559
p20_N3000,0,centralized,24.0,0.6363636311753903,0.6562499997949218,0.6176470586418685,9,0.5555555549382716,0.14705882348615917,0.23255813611681994,0,2.8117783069610596
p20_N3000,0,fedpc_consensus,24.0,0.5999999948888889,0.6923076920414201,0.529411764550173,19,0.4210526313573407,0.23529411757785468,0.30188678773940913,8000,0.0025174617767333984
p20_N3000,0,fedpc_oracle,24.0,0.5999999948888889,0.6923076920414201,0.529411764550173,19,0.4210526313573407,0.23529411757785468,0.30188678773940913,8000,0.0023736953735351562
p20_N3000,0,naive,24.0,0.5999999948888889,0.6923076920414201,0.529411764550173,0,0.0,0.0,0.0,8000,0.00036787986755371094
p20_N3000,0,local,25.4,0.5814739555696544,0.6653333330804345,0.5176470586712802,0,0.0,0.0,0.30212176518143574,8000,5.423578262329102
p20_N3000,1,centralized,28.0,0.6410256358612756,0.6410256408612754,0.6410256408612754,11,0.8181818174380164,0.23076923071005917,0.3599999964240001,0,4.1252946853637695
p20_N3000,1,fedpc_consensus,28.0,0.6111111059760803,0.6666666664646465,0.5641025639579224,14,0.7857142851530612,0.2820512819789612,0.41509433557849773,8000,0.060259103775024414
p20_N3000,1,fedpc_oracle,28.0,0.6111111059760803,0.6666666664646465,0.5641025639579224,14,0.7857142851530612,0.2820512819789612,0.41509433557849773,8000,0.0022950172424316406
p20_N3000,1,naive,28.0,0.6111111059760803,0.6666666664646465,0.5641025639579224,0,0.0,0.0,0.0,8000,0.00043487548828125
p20_N3000,1,local,29.2,0.6033467388593501,0.6421101772184087,0.5692307690848126,0,0.0,0.0,0.3551820109087737,8000,6.803054094314575
p20_N3000,2,centralized,28.0,0.6666666615079365,0.6666666665079365,0.6666666665079365,8,0.37499999953124996,0.07142857141156463,0.11999999726400006,0,6.422749042510986
p20_N3000,2,fedpc_consensus,23.0,0.6567164130363111,0.879999999648,0.5238095236848073,8,0.6249999992187499,0.11904761901927437,0.199999997232,8000,0.002593517303466797
p20_N3000,2,fedpc_oracle,23.0,0.6567164130363111,0.879999999648,0.5238095236848073,8,0.6249999992187499,0.11904761901927437,0.199999997232,8000,0.002200603485107422
p20_N3000,2,naive,23.0,0.6567164130363111,0.879999999648,0.5238095236848073,0,0.0,0.0,0.0,8000,0.0004534721374511719
p20_N3000,2,local,27.2,0.6162763921261949,0.7598408134544207,0.5190476189240363,0,0.0,0.0,0.14815119603202132,8000,8.674533367156982
p20_N3000,3,centralized,31.0,0.6075949315558404,0.59999999985,0.6153846152268244,12,0.749999999375,0.23076923071005917,0.352941172733564,0,4.597533702850342
p20_N3000,3,fedpc_consensus,31.0,0.5373134278102026,0.642857142627551,0.46153846142011834,16,0.5624999996484374,0.23076923071005917,0.3272727230280992,8000,0.003008604049682617
p20_N3000,3,fedpc_oracle,31.0,0.5373134278102026,0.642857142627551,0.46153846142011834,16,0.5624999996484374,0.23076923071005917,0.3272727230280992,8000,0.0021729469299316406
p20_N3000,3,naive,31.0,0.5373134278102026,0.642857142627551,0.46153846142011834,0,0.0,0.0,0.0,8000,0.0005216598510742188
p20_N3000,3,local,30.8,0.553898072590916,0.635522022217258,0.49230769218145953,0,0.0,0.0,0.3000698774889095,8000,6.667182445526123
p20_N3000,4,centralized,18.0,0.7352941125389274,0.6410256408612754,0.8620689652199762,19,0.7894736837950138,0.5172413791319858,0.6249999949565973,0,2.2738683223724365
p20_N3000,4,fedpc_consensus,20.0,0.6428571376339286,0.666666666419753,0.6206896549583829,16,0.24999999984375,0.1379310344351962,0.1777777731160495,8000,0.00292205810546875
p20_N3000,4,fedpc_oracle,20.0,0.6428571376339286,0.666666666419753,0.6206896549583829,16,0.24999999984375,0.1379310344351962,0.1777777731160495,8000,0.002073049545288086
p20_N3000,4,naive,20.0,0.6428571376339286,0.666666666419753,0.6206896549583829,0,0.0,0.0,0.0,8000,0.0004215240478515625
p20_N3000,4,local,22.2,0.6233158871338758,0.6134452901367153,0.6344827584019026,0,0.0,0.0,0.43945522490181227,8000,4.438784599304199
p20_N3000,5,centralized,21.0,0.6956521687208571,0.6666666664814814,0.7272727270523416,12,0.8333333326388889,0.30303030293847566,0.4444444403358025,0,2.1994035243988037
p20_N3000,5,fedpc_consensus,18.0,0.6999999948166667,0.7777777774897119,0.6363636361707988,21,0.47619047596371883,0.30303030293847566,0.3703703654801097,8000,0.0025708675384521484
p20_N3000,5,fedpc_oracle,18.0,0.6999999948166667,0.7777777774897119,0.6363636361707988,21,0.47619047596371883,0.30303030293847566,0.3703703654801097,8000,0.0022771358489990234
p20_N3000,5,naive,18.0,0.6999999948166667,0.7777777774897119,0.6363636361707988,0,0.0,0.0,0.0,8000,0.0003409385681152344
p20_N3000,5,local,19.6,0.6799647998513312,0.7394017091380198,0.6303030301120294,0,0.0,0.0,0.35742432529777646,8000,3.4799604415893555
p20_N3000,6,centralized,21.0,0.7042253469152947,0.7142857140816327,0.6944444442515432,12,0.749999999375,0.24999999993055555,0.37499999609375007,0,1.7350046634674072
p20_N3000,6,fedpc_consensus,18.0,0.7272727220936639,0.7999999997333334,0.6666666664814814,14,0.3571428568877551,0.13888888885030864,0.19999999588800008,8000,0.002285480499267578
p20_N3000,6,fedpc_oracle,18.0,0.7272727220936639,0.7999999997333334,0.6666666664814814,14,0.3571428568877551,0.13888888885030864,0.19999999588800008,8000,0.0022580623626708984
p20_N3000,6,naive,18.0,0.7272727220936639,0.7999999997333334,0.6666666664814814,0,0.0,0.0,0.0,8000,0.0003867149353027344
p20_N3000,6,local,19.6,0.7135000271145981,0.7542326488376015,0.6777777775895062,0,0.0,0.0,0.36424909498159896,8000,3.289994716644287
p20_N3000,7,centralized,33.0,0.5822784758852748,0.6216216214536158,0.5476190474886621,8,0.6249999992187499,0.11904761901927437,0.199999997232,0,2.868380069732666
p20_N3000,7,fedpc_consensus,30.0,0.5945945895252011,0.6874999997851562,0.5238095236848073,21,0.5238095235600907,0.26190476184240363,0.3492063446510456,8000,0.002740144729614258
p20_N3000,7,fedpc_oracle,30.0,0.5945945895252011,0.6874999997851562,0.5238095236848073,21,0.5238095235600907,0.26190476184240363,0.3492063446510456,8000,0.0022525787353515625
p20_N3000,7,naive,30.0,0.5945945895252011,0.6874999997851562,0.5238095236848073,0,0.0,0.0,0.0,8000,0.00049591064453125
p20_N3000,7,local,32.4,0.5525151186289138,0.6583866330792869,0.47619047607709747,0,0.0,0.0,0.280074287386813,8000,4.40093207359314
p20_N3000,8,centralized,38.0,0.5249999948718751,0.5121951218262939,0.5384615383234714,6,0.6666666655555555,0.10256410253780407,0.1777777753876543,0,3.4566550254821777
p20_N3000,8,fedpc_consensus,36.0,0.47058823026384083,0.5517241377407848,0.4102564101512163,9,0.3333333329629629,0.07692307690335305,0.12499999690104173,8000,0.0018305778503417969
p20_N3000,8,fedpc_oracle,36.0,0.47058823026384083,0.5517241377407848,0.4102564101512163,9,0.3333333329629629,0.07692307690335305,0.12499999690104173,8000,0.0015213489532470703
p20_N3000,8,naive,36.0,0.47058823026384083,0.5517241377407848,0.4102564101512163,0,0.0,0.0,0.0,8000,0.00028443336486816406
p20_N3000,8,local,34.6,0.486207752183636,0.577010230944662,0.4205128204049967,0,0.0,0.0,0.14366138392750352,8000,6.49668288230896
p20_N3000,9,centralized,30.0,0.5833333281751544,0.5675675674141709,0.5999999998285714,15,0.9333333327111111,0.3999999998857143,0.5599999955760001,0,2.312418222427368
p20_N3000,9,fedpc_consensus,21.0,0.6769230717443788,0.7333333330888888,0.6285714283918368,13,0.6153846149112425,0.22857142850612244,0.3333333292447917,8000,0.0019953250885009766
p20_N3000,9,fedpc_oracle,21.0,0.6769230717443788,0.7333333330888888,0.6285714283918368,13,0.6153846149112425,0.22857142850612244,0.3333333292447917,8000,0.0015769004821777344
p20_N3000,9,naive,21.0,0.6769230717443788,0.7333333330888888,0.6285714283918368,0,0.0,0.0,0.0,8000,0.0003979206085205078
p20_N3000,9,local,23.4,0.6443327557287806,0.6899492231913139,0.6057142855412245,0,0.0,0.0,0.4217687030708338,8000,3.2433433532714844
p20_N3000,10,centralized,12.0,0.8285714233387756,0.8055555553317901,0.8529411762197232,12,0.9166666659027777,0.3235294116695502,0.4782608655009453,0,1.6307899951934814
p20_N3000,10,fedpc_consensus,16.0,0.7575757523507807,0.7812499997558594,0.7352941174307959,24,0.24999999989583332,0.176470588183391,0.206896546801427,8000,0.002763509750366211
p20_N3000,10,fedpc_oracle,16.0,0.7575757523507807,0.7812499997558594,0.7352941174307959,24,0.24999999989583332,0.176470588183391,0.206896546801427,8000,0.002582550048828125
p20_N3000,10,naive,16.0,0.7575757523507807,0.7812499997558594,0.7352941174307959,0,0.0,0.0,0.0,8000,0.0003616809844970703
p20_N3000,10,local,15.0,0.7747950036838691,0.7920066411227619,0.7588235291885813,0,0.0,0.0,0.2907534525741463,8000,3.056764602661133
p20_N3000,11,centralized,21.0,0.6769230717159763,0.6666666664646465,0.6874999997851562,9,0.5555555549382716,0.15624999995117186,0.24390243547888166,0,2.061751127243042
p20_N3000,11,fedpc_consensus,22.0,0.6333333281444444,0.6785714283290816,0.5937499998144531,13,0.30769230745562126,0.1249999999609375,0.17777777359012356,8000,0.0025386810302734375
p20_N3000,11,fedpc_oracle,22.0,0.6333333281444444,0.6785714283290816,0.5937499998144531,13,0.30769230745562126,0.1249999999609375,0.17777777359012356,8000,0.0020170211791992188
p20_N3000,11,naive,22.0,0.6333333281444444,0.6785714283290816,0.5937499998144531,0,0.0,0.0,0.0,8000,0.0004811286926269531
p20_N3000,11,local,22.2,0.6361325525337255,0.6692775038740895,0.606249999810547,0,0.0,0.0,0.3766476921086762,8000,3.796466827392578
p20_N3000,12,centralized,38.0,0.5681818130552687,0.5555555554320988,0.581395348702001,6,0.49999999916666665,0.06976744184424012,0.12244897739275303,0,4.8921027183532715
p20_N3000,12,fedpc_consensus,37.0,0.5066666616391111,0.5937499998144531,0.44186046501352083,20,0.3999999998,0.18604651158464033,0.25396824955404385,8000,0.0021827220916748047
p20_N3000,12,fedpc_oracle,37.0,0.5066666616391111,0.5937499998144531,0.44186046501352083,20,0.3999999998,0.18604651158464033,0.25396824955404385,8000,0.0019881725311279297
p20_N3000,12,naive,37.0,0.5066666616391111,0.5937499998144531,0.44186046501352083,0,0.0,0.0,0.0,8000,0.00042748451232910156
p20_N3000,12,local,36.0,0.5265324944163787,0.607664565641138,0.46511627896160085,0,0.0,0.0,0.225069979345813,8000,7.147863149642944
p20_N3000,13,centralized,24.0,0.6923076871334649,0.710526315602493,0.67499999983125,9,0.5555555549382716,0.12499999996875,0.2040816295710121,0,2.9982926845550537
p20_N3000,13,fedpc_consensus,23.0,0.6666666616005041,0.7931034480023781,0.5749999998562499,16,0.4374999997265625,0.17499999995624999,0.24999999582908167,8000,0.0019948482513427734
p20_N3000,13,fedpc_oracle,23.0,0.6666666616005041,0.7931034480023781,0.5749999998562499,16,0.4374999997265625,0.17499999995624999,0.24999999582908167,8000,0.0020444393157958984
p20_N3000,13,naive,23.0,0.6666666616005041,0.7931034480023781,0.5749999998562499,0,0.0,0.0,0.0,8000,0.00031447410583496094
p20_N3000,13,local,25.6,0.636592885590486,0.7377604743582442,0.5599999998599999,0,0.0,0.0,0.27406220945394766,8000,5.07622766494751
p20_N3000,14,centralized,33.0,0.6206896500303872,0.6279069765981612,0.6136363634969008,10,0.8999999991,0.20454545449896694,0.3333333301920439,0,2.975071907043457
p20_N3000,14,fedpc_consensus,33.0,0.5599999950008889,0.6774193546201873,0.47727272716425617,12,0.4999999995833333,0.13636363633264462,0.21428571084183676,8000,0.0028619766235351562
p20_N3000,14,fedpc_oracle,33.0,0.5599999950008889,0.6774193546201873,0.47727272716425617,12,0.4999999995833333,0.13636363633264462,0.21428571084183676,8000,0.0020477771759033203
p20_N3000,14,naive,33.0,0.5599999950008889,0.6774193546201873,0.47727272716425617,0,0.0,0.0,0.0,8000,0.00035381317138671875
p20_N3000,14,local,32.6,0.578754573699136,0.6705882350933207,0.5090909089752065,0,0.0,0.0,0.2655676240851551,8000,5.82463812828064
p20_N3000,15,centralized,17.0,0.7213114702069336,0.6666666664646465,0.7857142854336735,13,0.7692307686390532,0.3571428570153061,0.48780487348007145,0,1.7815263271331787
p20_N3000,15,fedpc_consensus,11.0,0.7924528249056603,0.839999999664,0.7499999997321428,20,0.449999999775,0.3214285713137755,0.3749999949826389,8000,0.002320528030395508
p20_N3000,15,fedpc_oracle,11.0,0.7924528249056603,0.839999999664,0.7499999997321428,20,0.449999999775,0.3214285713137755,0.3749999949826389,8000,0.0024886131286621094
p20_N3000,15,naive,11.0,0.7924528249056603,0.839999999664,0.7499999997321428,0,0.0,0.0,0.0,8000,0.0002999305725097656
p20_N3000,15,local,13.0,0.7638383785635516,0.7786324783434623,0.7499999997321428,0,0.0,0.0,0.49943278039300687,8000,2.9448375701904297
p20_N3000,16,centralized,7.0,0.8727272674115703,0.8571428568367346,0.8888888885596707,14,0.8571428565306122,0.44444444427983537,0.5853658488756692,0,1.2777493000030518
p20_N3000,16,fedpc_consensus,10.0,0.8148148095130316,0.8148148145130315,0.8148148145130315,23,0.5652173910586011,0.481481481303155,0.5199999948240001,8000,0.003355741500854492
p20_N3000,16,fedpc_oracle,10.0,0.8148148095130316,0.8148148145130315,0.8148148145130315,23,0.5652173910586011,0.481481481303155,0.5199999948240001,8000,0.003536224365234375
p20_N3000,16,naive,10.0,0.8148148095130316,0.8148148145130315,0.8148148145130315,0,0.0,0.0,0.0,8000,0.0005590915679931641
p20_N3000,16,local,10.6,0.7977146810534188,0.8198498165288823,0.7777777774897119,0,0.0,0.0,0.5091753935355561,8000,2.3735408782958984
p20_N3000,17,centralized,31.0,0.6265060189519525,0.6499999998375,0.6046511626500811,12,0.666666666111111,0.18604651158464033,0.29090908739173554,0,4.222627878189087
p20_N3000,17,fedpc_consensus,27.0,0.6301369812872961,0.7666666664111111,0.534883720805841,21,0.5238095235600907,0.25581395342888047,0.34374999548339846,8000,0.0028281211853027344
p20_N3000,17,fedpc_oracle,27.0,0.6301369812872961,0.7666666664111111,0.534883720805841,21,0.5238095235600907,0.25581395342888047,0.34374999548339846,8000,0.0022754669189453125
p20_N3000,17,naive,27.0,0.6301369812872961,0.7666666664111111,0.534883720805841,0,0.0,0.0,0.0,8000,0.0004305839538574219
p20_N3000,17,local,28.2,0.6200091908308882,0.7405874249411986,0.5348837208058409,0,0.0,0.0,0.26826916855812416,8000,6.4399333000183105
p20_N3000,18,centralized,17.0,0.7301587249281934,0.7419354836316336,0.7187499997753906,11,0.7272727266115702,0.249999999921875,0.37209301927528393,0,2.292210102081299
p20_N3000,18,fedpc_consensus,23.0,0.6229508144799786,0.6551724135671819,0.5937499998144531,13,0.46153846118343195,0.18749999994140626,0.2666666624395062,8000,0.0024352073669433594
p20_N3000,18,fedpc_oracle,23.0,0.6229508144799786,0.6551724135671819,0.5937499998144531,13,0.46153846118343195,0.18749999994140626,0.2666666624395062,8000,0.0023365020751953125
p20_N3000,18,naive,23.0,0.6229508144799786,0.6551724135671819,0.5937499998144531,0,0.0,0.0,0.0,8000,0.0004911422729492188
p20_N3000,18,local,23.4,0.619171844757959,0.647276868257428,0.5937499998144531,0,0.0,0.0,0.33016249028586153,8000,3.8430490493774414
p20_N3000,19,centralized,22.0,0.72499999481875,0.72499999981875,0.72499999981875,13,0.7692307686390532,0.2499999999375,0.37735848672125316,0,3.2035226821899414
p20_N3000,19,fedpc_consensus,22.0,0.6666666616896236,0.8461538458284024,0.5499999998625,13,0.30769230745562126,0.099999999975,0.15094339246707023,8000,0.002027750015258789
p20_N3000,19,fedpc_oracle,22.0,0.6666666616896236,0.8461538458284024,0.5499999998625,13,0.30769230745562126,0.099999999975,0.15094339246707023,8000,0.0020551681518554688
p20_N3000,19,naive,22.0,0.6666666616896236,0.8461538458284024,0.5499999998625,0,0.0,0.0,0.0,8000,0.0002770423889160156
p20_N3000,19,local,23.2,0.6746439539197419,0.7720966252347576,0.5999999998499999,0,0.0,0.0,0.34499334908777185,8000,5.88007378578186
p20_N5000,0,centralized,31.0,0.563380276556239,0.5263157893351801,0.6060606058769513,10,0.49999999949999996,0.15151515146923783,0.23255813585722013,0,9.075069665908813
p20_N5000,0,fedpc_consensus,28.0,0.5483870916181062,0.5862068963495838,0.5151515149954086,9,0.4444444439506172,0.12121212117539026,0.19047618701814062,8000,0.0020155906677246094
p20_N5000,0,fedpc_oracle,28.0,0.5483870916181062,0.5862068963495838,0.5151515149954086,9,0.4444444439506172,0.12121212117539026,0.19047618701814062,8000,0.0024149417877197266
p20_N5000,0,naive,28.0,0.5483870916181062,0.5862068963495838,0.5151515149954086,0,0.0,0.0,0.0,8000,0.0003306865692138672
p20_N5000,0,local,27.4,0.5675665581399849,0.5925850750923333,0.5454545452892562,0,0.0,0.0,0.267718711953269,8000,3.858537435531616
p20_N5000,1,centralized,15.0,0.769230764052071,0.6944444442515432,0.8620689652199762,12,0.749999999375,0.31034482747919145,0.4390243858893516,0,10.52746033668518
p20_N5000,1,fedpc_consensus,11.0,0.7999999947239671,0.8461538458284024,0.7586206893935791,17,0.5294117643944637,0.31034482747919145,0.3913043429962193,8000,0.0029380321502685547
p20_N5000,1,fedpc_oracle,11.0,0.7999999947239671,0.8461538458284024,0.7586206893935791,17,0.5294117643944637,0.31034482747919145,0.3913043429962193,8000,0.002042055130004883
p20_N5000,1,naive,11.0,0.7999999947239671,0.8461538458284024,0.7586206893935791,0,0.0,0.0,0.0,8000,0.0004937648773193359
p20_N5000,1,local,12.4,0.7829098555872511,0.7939792005941229,0.7724137928370987,0,0.0,0.0,0.49016752192297186,8000,3.6046173572540283
p20_N5000,2,centralized,17.0,0.7301587249584279,0.7931034480023781,0.6764705880363322,16,0.874999999453125,0.4117647057612457,0.559999995424,0,14.983227252960205
p20_N5000,2,fedpc_consensus,19.0,0.6779660965814422,0.79999999968,0.5882352939446367,13,0.6153846149112425,0.23529411757785468,0.34042552776822094,8000,0.001959562301635742
p20_N5000,2,fedpc_oracle,19.0,0.6779660965814422,0.79999999968,0.5882352939446367,13,0.6153846149112425,0.23529411757785468,0.34042552776822094,8000,0.0018453598022460938
p20_N5000,2,naive,19.0,0.6779660965814422,0.79999999968,0.5882352939446367,0,0.0,0.0,0.0,8000,0.00036644935607910156
p20_N5000,2,local,19.2,0.6769233725134675,0.7903678926648086,0.5941176468840831,0,0.0,0.0,0.4660660408279752,8000,4.730633974075317
p20_N5000,3,centralized,27.0,0.6966292083322813,0.673913043331758,0.7209302323904814,17,0.7647058819031142,0.30232558132504056,0.43333332912777783,0,28.55381989479065
p20_N5000,3,fedpc_consensus,26.0,0.6578947317555401,0.7575757573461891,0.581395348702001,15,0.39999999973333333,0.13953488368848024,0.20689654781807376,8000,0.0019676685333251953
p20_N5000,3,fedpc_oracle,26.0,0.6578947317555401,0.7575757573461891,0.581395348702001,15,0.39999999973333333,0.13953488368848024,0.20689654781807376,8000,0.0019445419311523438
p20_N5000,3,naive,26.0,0.6578947317555401,0.7575757573461891,0.581395348702001,0,0.0,0.0,0.0,8000,0.0003285408020019531
p20_N5000,3,local,26.6,0.6582246764595554,0.7382631255490267,0.5953488370708492,0,0.0,0.0,0.34043175691051103,8000,6.004748106002808
p20_N5000,4,centralized,34.0,0.5641025589612099,0.5499999998625,0.5789473682686981,15,0.6666666662222221,0.26315789466759004,0.3773584863652546,0,26.802906274795532
p20_N5000,4,fedpc_consensus,27.0,0.630136981137174,0.657142856955102,0.605263157735457,23,0.5217391302079395,0.31578947360110804,0.3934426181241602,8000,0.002840757369995117
p20_N5000,4,fedpc_oracle,27.0,0.630136981137174,0.657142856955102,0.605263157735457,23,0.5217391302079395,0.31578947360110804,0.3934426181241602,8000,0.0031478404998779297
p20_N5000,4,naive,27.0,0.630136981137174,0.657142856955102,0.605263157735457,0,0.0,0.0,0.0,8000,0.0005581378936767578
p20_N5000,4,local,28.8,0.599928901625921,0.6358975283569624,0.5684210524819945,0,0.0,0.0,0.31596668013074064,8000,6.774484634399414
p20_N5000,5,centralized,22.0,0.7317073119066034,0.6976744184424013,0.7692307690335306,16,0.8124999994921874,0.33333333324786324,0.4727272684297521,0,20.11203646659851
p20_N5000,5,fedpc_consensus,21.0,0.7123287619515858,0.7647058821280277,0.6666666664957265,27,0.5185185183264746,0.35897435888231427,0.4242424192791552,8000,0.0033931732177734375
p20_N5000,5,fedpc_oracle,21.0,0.7123287619515858,0.7647058821280277,0.6666666664957265,27,0.5185185183264746,0.35897435888231427,0.4242424192791552,8000,0.003281116485595703
p20_N5000,5,naive,21.0,0.7123287619515858,0.7647058821280277,0.6666666664957265,0,0.0,0.0,0.0,8000,0.0004532337188720703
p20_N5000,5,local,20.6,0.7185617856783316,0.7671337406600122,0.6769230767495069,0,0.0,0.0,0.4308940149944548,8000,4.770580768585205
p20_N5000,6,centralized,28.0,0.6666666615192745,0.6363636362190083,0.6999999998249999,6,0.8333333319444445,0.12499999996875,0.21739130198487713,0,25.314329385757446
p20_N5000,6,fedpc_consensus,26.0,0.6285714234938775,0.7333333330888888,0.5499999998625,21,0.47619047596371883,0.2499999999375,0.32786884783660314,8000,0.0021202564239501953
p20_N5000,6,fedpc_oracle,26.0,0.6285714234938775,0.7333333330888888,0.5499999998625,21,0.47619047596371883,0.2499999999375,0.32786884783660314,8000,0.0022323131561279297
p20_N5000,6,naive,26.0,0.6285714234938775,0.7333333330888888,0.5499999998625,0,0.0,0.0,0.0,8000,0.000331878662109375
p20_N5000,6,local,27.4,0.6226070785467638,0.6944892470977656,0.56499999985875,0,0.0,0.0,0.2715316351376915,8000,6.7258076667785645
p20_N5000,7,centralized,30.0,0.6666666615209876,0.6521739129017013,0.6818181816632232,15,0.5333333329777777,0.1818181817768595,0.2711864367940247,0,33.25852990150452
p20_N5000,7,fedpc_consensus,28.0,0.6499999948874999,0.7222222220216049,0.5909090907747934,23,0.3913043476559546,0.20454545449896694,0.26865671182891515,8000,0.0022554397583007812
p20_N5000,7,fedpc_oracle,28.0,0.6499999948874999,0.7222222220216049,0.5909090907747934,23,0.3913043476559546,0.20454545449896694,0.26865671182891515,8000,0.002555370330810547
p20_N5000,7,naive,28.0,0.6499999948874999,0.7222222220216049,0.5909090907747934,0,0.0,0.0,0.0,8000,0.00038361549377441406
p20_N5000,7,local,30.2,0.634572537339572,0.6802532125921096,0.5954545453192148,0,0.0,0.0,0.3012696943177324,8000,6.577592134475708
p20_N5000,8,centralized,13.0,0.8311688259942656,0.761904761723356,0.9142857140244898,10,0.9999999989999999,0.28571428563265305,0.4444444407901235,0,13.714076280593872
p20_N5000,8,fedpc_consensus,15.0,0.7761193977634218,0.8124999997460938,0.742857142644898,19,0.5789473681163435,0.3142857141959184,0.4074074026954733,8000,0.0034089088439941406
p20_N5000,8,fedpc_oracle,15.0,0.7761193977634218,0.8124999997460938,0.742857142644898,19,0.5789473681163435,0.3142857141959184,0.4074074026954733,8000,0.003403186798095703
p20_N5000,8,naive,15.0,0.7761193977634218,0.8124999997460938,0.742857142644898,0,0.0,0.0,0.0,8000,0.0004830360412597656
p20_N5000,8,local,16.6,0.756261993654545,0.7770388622314011,0.7371428569322449,0,0.0,0.0,0.36156784854470725,8000,4.63340163230896
p20_N5000,9,centralized,24.0,0.7333333282320986,0.659999999868,0.8249999997937499,15,0.7333333328444444,0.27499999993125,0.3999999958876033,0,16.00920820236206
p20_N5000,9,fedpc_consensus,20.0,0.7499999948125,0.7499999998125,0.7499999998125,23,0.3913043476559546,0.22499999994375,0.2857142809876544,8000,0.002841472625732422
p20_N5000,9,fedpc_oracle,20.0,0.7499999948125,0.7499999998125,0.7499999998125,23,0.3913043476559546,0.22499999994375,0.2857142809876544,8000,0.0026586055755615234
p20_N5000,9,naive,20.0,0.7499999948125,0.7499999998125,0.7499999998125,0,0.0,0.0,0.0,8000,0.0007662773132324219
p20_N5000,9,local,22.4,0.7200561011487444,0.7204681495560319,0.71999999982,0,0.0,0.0,0.32915859044570267,8000,4.888876438140869
p20_N5000,10,centralized,25.0,0.705882347781315,0.7317073168947055,0.6818181816632232,9,0.7777777769135802,0.15909090905475207,0.26415094047703813,0,27.692240715026855
p20_N5000,10,fedpc_consensus,25.0,0.647887319047808,0.8518518515363511,0.5227272726084711,13,0.6153846149112425,0.1818181817768595,0.28070175076638965,8000,0.0027456283569335938
p20_N5000,10,fedpc_oracle,25.0,0.647887319047808,0.8518518515363511,0.5227272726084711,13,0.6153846149112425,0.1818181817768595,0.28070175076638965,8000,0.0026373863220214844
p20_N5000,10,naive,25.0,0.647887319047808,0.8518518515363511,0.5227272726084711,0,0.0,0.0,0.0,8000,0.0004398822784423828
p20_N5000,10,local,27.6,0.6386714644693662,0.7539556274720833,0.5545454544194215,0,0.0,0.0,0.24275936872889683,8000,5.92737603187561
p20_N5000,11,centralized,30.0,0.6249999948437501,0.62499999984375,0.62499999984375,13,0.8461538455029586,0.27499999993125,0.4150943357636171,0,16.356141567230225
p20_N5000,11,fedpc_consensus,31.0,0.5633802766117835,0.6451612901144641,0.499999999875,13,0.6153846149112425,0.19999999995,0.3018867886365255,8000,0.002633810043334961
p20_N5000,11,fedpc_oracle,31.0,0.5633802766117835,0.6451612901144641,0.499999999875,13,0.6153846149112425,0.19999999995,0.3018867886365255,8000,0.0019538402557373047
p20_N5000,11,naive,31.0,0.5633802766117835,0.6451612901144641,0.499999999875,0,0.0,0.0,0.0,8000,0.0005724430084228516
p20_N5000,11,local,30.6,0.5793122984265162,0.6487596551753722,0.52499999986875,0,0.0,0.0,0.2306732447713821,8000,5.452440977096558
p20_N5000,12,centralized,25.0,0.6835442986316296,0.710526315602493,0.658536585205235,9,0.6666666659259258,0.1463414633789411,0.239999996952,0,26.037555694580078
p20_N5000,12,fedpc_consensus,25.0,0.6268656667052798,0.8076923073816568,0.5121951218262939,16,0.4374999997265625,0.1707317072754313,0.24561403096337342,8000,0.0024085044860839844
p20_N5000,12,fedpc_oracle,25.0,0.6268656667052798,0.8076923073816568,0.5121951218262939,16,0.4374999997265625,0.1707317072754313,0.24561403096337342,8000,0.0019855499267578125
p20_N5000,12,naive,25.0,0.6268656667052798,0.8076923073816568,0.5121951218262939,0,0.0,0.0,0.0,8000,0.0004246234893798828
p20_N5000,12,local,26.0,0.63061872110807,0.7573577554850794,0.541463414502082,0,0.0,0.0,0.24585435184781007,8000,5.407564163208008
p20_N5000,13,centralized,26.0,0.6749999948343751,0.658536585205235,0.6923076921301775,15,0.7333333328444444,0.2820512819789612,0.4074074032441701,0,26.979909896850586
p20_N5000,13,fedpc_consensus,26.0,0.6285714234571429,0.7096774191259105,0.5641025639579224,17,0.7647058819031142,0.33333333324786324,0.4642857098915817,8000,0.002727031707763672
p20_N5000,13,fedpc_oracle,26.0,0.6285714234571429,0.7096774191259105,0.5641025639579224,17,0.7647058819031142,0.33333333324786324,0.4642857098915817,8000,0.0019845962524414062
p20_N5000,13,naive,26.0,0.6285714234571429,0.7096774191259105,0.5641025639579224,0,0.0,0.0,0.0,8000,0.00051116943359375
p20_N5000,13,local,27.4,0.6208930649973077,0.6768362773165835,0.5743589742117028,0,0.0,0.0,0.33436471735397955,8000,8.814319610595703
p20_N5000,14,centralized,20.0,0.7368421001558172,0.6511627905462412,0.8484848482277318,18,0.777777777345679,0.4242424241138659,0.5490196030603615,0,11.068764209747314
p20_N5000,14,fedpc_consensus,21.0,0.6769230717159763,0.6874999997851562,0.6666666664646465,22,0.36363636347107436,0.24242424235078053,0.2909090860033058,8000,0.0032787322998046875
p20_N5000,14,fedpc_oracle,21.0,0.6769230717159763,0.6874999997851562,0.6666666664646465,22,0.36363636347107436,0.24242424235078053,0.2909090860033058,8000,0.002651691436767578
p20_N5000,14,naive,21.0,0.6769230717159763,0.6874999997851562,0.6666666664646465,0,0.0,0.0,0.0,8000,0.0005464553833007812
p20_N5000,14,local,20.2,0.6886096479911201,0.6994109738482376,0.6787878785821854,0,0.0,0.0,0.46107325562687,8000,4.052644968032837
p20_N5000,15,centralized,16.0,0.7894736790062327,0.7692307690335306,0.8108108105916727,11,0.7272727266115702,0.2162162161577794,0.3333333296614583,0,17.537320852279663
p20_N5000,15,fedpc_consensus,14.0,0.7941176418641869,0.8709677416545265,0.7297297295325055,18,0.3888888886728395,0.18918918913805696,0.25454545004958684,8000,0.002671957015991211
p20_N5000,15,fedpc_oracle,14.0,0.7941176418641869,0.8709677416545265,0.7297297295325055,18,0.3888888886728395,0.18918918913805696,0.25454545004958684,8000,0.002460479736328125
p20_N5000,15,naive,14.0,0.7941176418641869,0.8709677416545265,0.7297297295325055,0,0.0,0.0,0.0,8000,0.00048732757568359375
p20_N5000,15,local,16.4,0.7630691961385642,0.8216967082072081,0.7135135133206719,0,0.0,0.0,0.33719948500174224,8000,4.9658362865448
p20_N5000,16,centralized,23.0,0.6760563328466574,0.6486486484733381,0.705882352733564,7,0.7142857132653061,0.14705882348615917,0.24390243607376563,0,19.205141305923462
p20_N5000,16,fedpc_consensus,28.0,0.5483870916441208,0.6071428569260204,0.4999999998529412,18,0.3333333331481481,0.176470588183391,0.23076922615384624,8000,0.0037097930908203125
p20_N5000,16,fedpc_oracle,28.0,0.5483870916441208,0.6071428569260204,0.4999999998529412,18,0.3333333331481481,0.176470588183391,0.23076922615384624,8000,0.00393986701965332
p20_N5000,16,naive,28.0,0.5483870916441208,0.6071428569260204,0.4999999998529412,0,0.0,0.0,0.0,8000,0.0005173683166503906
p20_N5000,16,local,27.8,0.5728770826906684,0.6030357140891149,0.5470588233685121,0,0.0,0.0,0.29984495739347206,8000,5.02398681640625
p20_N5000,17,centralized,33.0,0.6117647007557094,0.6499999998375,0.5777777776493827,17,0.6470588231487889,0.24444444439012344,0.35483870558272634,0,30.760324001312256
p20_N5000,17,fedpc_consensus,36.0,0.5263157845048477,0.6451612901144641,0.444444444345679,10,0.5999999993999999,0.1333333333037037,0.21818181512727278,8000,0.0021750926971435547
p20_N5000,17,fedpc_oracle,36.0,0.5263157845048477,0.6451612901144641,0.444444444345679,10,0.5999999993999999,0.1333333333037037,0.21818181512727278,8000,0.002260923385620117
p20_N5000,17,naive,36.0,0.5263157845048477,0.6451612901144641,0.444444444345679,0,0.0,0.0,0.0,8000,0.00040984153747558594
p20_N5000,17,local,35.4,0.5424450316388639,0.6486744373160105,0.4666666665629629,0,0.0,0.0,0.33492315566684894,8000,7.151570796966553
p20_N5000,18,centralized,15.0,0.7945205427509853,0.7435897433990796,0.8529411762197232,25,0.639999999744,0.47058823515570936,0.5423728762884229,0,5.335637092590332
p20_N5000,18,fedpc_consensus,13.0,0.799999994764497,0.8387096771488033,0.7647058821280277,25,0.559999999776,0.4117647057612457,0.4745762661419133,8000,0.003361940383911133
p20_N5000,18,fedpc_oracle,13.0,0.799999994764497,0.8387096771488033,0.7647058821280277,25,0.559999999776,0.4117647057612457,0.4745762661419133,8000,0.003055572509765625
p20_N5000,18,naive,13.0,0.799999994764497,0.8387096771488033,0.7647058821280277,0,0.0,0.0,0.0,8000,0.00048041343688964844
p20_N5000,18,local,14.8,0.7798849854021047,0.7901515149127856,0.7705882350674741,0,0.0,0.0,0.5634141471975767,8000,2.711651563644409
p20_N5000,19,centralized,11.0,0.8450704173060901,0.8108108105916727,0.882352940916955,23,0.8695652170132325,0.5882352939446367,0.701754380904894,0,8.676398515701294
p20_N5000,19,fedpc_consensus,11.0,0.8253968201662888,0.8965517238287752,0.7647058821280277,19,0.5263157891966759,0.29411764697231835,0.3773584858241367,8000,0.003247499465942383
p20_N5000,19,fedpc_oracle,11.0,0.8253968201662888,0.8965517238287752,0.7647058821280277,19,0.5263157891966759,0.29411764697231835,0.3773584858241367,8000,0.003824472427368164
p20_N5000,19,naive,11.0,0.8253968201662888,0.8965517238287752,0.7647058821280277,0,0.0,0.0,0.0,8000,0.0005524158477783203
p20_N5000,19,local,14.4,0.7756724866890454,0.822712132412048,0.7352941174307959,0,0.0,0.0,0.45352227406767404,8000,3.857212543487549
p20_phi0.1,0,centralized,8.0,0.8518518465980797,0.7666666664111111,0.9583333329340278,19,0.7894736837950138,0.6249999997395833,0.6976744133477556,0,3.1126959323883057
p20_phi0.1,0,fedpc_consensus,8.0,0.8461538408579883,0.7857142854336735,0.9166666662847222,11,0.5454545449586776,0.24999999989583332,0.3428571383510204,8000,0.0016338825225830078
p20_phi0.1,0,fedpc_oracle,8.0,0.8461538408579883,0.7857142854336735,0.9166666662847222,11,0.5454545449586776,0.24999999989583332,0.3428571383510204,8000,0.0015344619750976562
p20_phi0.1,0,naive,8.0,0.8461538408579883,0.7857142854336735,0.9166666662847222,0,0.0,0.0,0.0,8000,0.00039505958557128906
p20_phi0.1,0,local,9.8,0.8092185442483982,0.7597905488916193,0.8666666663055554,0,0.0,0.0,0.6629387677151488,8000,1.7527122497558594
p20_phi0.1,1,centralized,3.0,0.9142857088,0.8421052627146814,0.999999999375,12,0.9166666659027777,0.6874999995703125,0.785714280255102,0,0.9997172355651855
p20_phi0.1,1,fedpc_consensus,2.0,0.9411764650519031,0.8888888883950616,0.999999999375,12,0.5833333328472222,0.4374999997265625,0.4999999947448981,8000,0.0022776126861572266
p20_phi0.1,1,fedpc_oracle,2.0,0.9411764650519031,0.8888888883950616,0.999999999375,12,0.5833333328472222,0.4374999997265625,0.4999999947448981,8000,0.0020799636840820312
p20_phi0.1,1,naive,2.0,0.9411764650519031,0.8888888883950616,0.999999999375,0,0.0,0.0,0.0,8000,0.00031304359436035156
p20_phi0.1,1,local,4.4,0.8769551274921324,0.7984370011844428,0.9749999993906251,0,0.0,0.0,0.6591264314526676,8000,1.660806655883789
p20_phi0.1,2,centralized,5.0,0.8936170159167043,0.839999999664,0.9545454541115702,20,0.7999999996,0.7272727269421487,0.7619047565532882,0,2.2315938472747803
p20_phi0.1,2,fedpc_consensus,6.0,0.8636363582438017,0.8636363632438017,0.8636363632438017,20,0.5999999997,0.5454545452066115,0.5714285661678005,8000,0.002312898635864258
p20_phi0.1,2,fedpc_oracle,6.0,0.8636363582438017,0.8636363632438017,0.8636363632438017,20,0.5999999997,0.5454545452066115,0.5714285661678005,8000,0.0020923614501953125
p20_phi0.1,2,naive,6.0,0.8636363582438017,0.8636363632438017,0.8636363632438017,0,0.0,0.0,0.0,8000,0.00035881996154785156
p20_phi0.1,2,local,6.4,0.8582079807347014,0.8374891771261435,0.8818181814173552,0,0.0,0.0,0.5924374744181329,8000,1.6635515689849854
p20_phi0.1,3,centralized,2.0,0.9473684155678671,0.89999999955,0.9999999994444444,14,0.8571428565306122,0.6666666662962962,0.7499999946093749,0,1.0225331783294678
p20_phi0.1,3,fedpc_consensus,0.0,0.9999999944444444,0.9999999994444444,0.9999999994444444,4,0.249999999375,0.05555555552469135,0.09090908785123977,8000,0.002389669418334961
p20_phi0.1,3,fedpc_oracle,0.0,0.9999999944444444,0.9999999994444444,0.9999999994444444,4,0.249999999375,0.05555555552469135,0.09090908785123977,8000,0.0022728443145751953
p20_phi0.1,3,naive,0.0,0.9999999944444444,0.9999999994444444,0.9999999994444444,0,0.0,0.0,0.0,8000,0.0005052089691162109
p20_phi0.1,3,local,1.8,0.9532990425458555,0.9123308266035697,0.9999999994444444,0,0.0,0.0,0.6408614323946422,8000,1.448136568069458
p20_phi0.1,4,centralized,1.0,0.9714285658775511,0.944444443919753,0.9999999994117647,9,0.8888888879012344,0.470588235017301,0.6153846103846153,0,1.4397408962249756
p20_phi0.1,4,fedpc_consensus,0.0,0.9999999944117646,0.9999999994117647,0.9999999994117647,2,0.999999995,0.11764705875432525,0.21052631368421054,8000,0.0017786026000976562
p20_phi0.1,4,fedpc_oracle,0.0,0.9999999944117646,0.9999999994117647,0.9999999994117647,2,0.999999995,0.11764705875432525,0.21052631368421054,8000,0.0016622543334960938
p20_phi0.1,4,naive,0.0,0.9999999944117646,0.9999999994117647,0.9999999994117647,0,0.0,0.0,0.0,8000,0.0003075599670410156
p20_phi0.1,4,local,1.2,0.9660317404890779,0.9345029234626724,0.9999999994117645,0,0.0,0.0,0.6659340608542748,8000,1.596496343612671
p20_phi0.1,5,centralized,3.0,0.823529405951557,0.6999999992999999,0.9999999985714286,4,0.49999999875,0.2857142853061225,0.36363635834710756,0,0.4260592460632324
p20_phi0.1,5,fedpc_consensus,0.0,0.9999999935714285,0.9999999985714286,0.9999999985714286,0,0.0,0.0,0.0,8000,0.0010535717010498047
p20_phi0.1,5,fedpc_oracle,0.0,0.9999999935714285,0.9999999985714286,0.9999999985714286,0,0.0,0.0,0.0,8000,0.0012502670288085938
p20_phi0.1,5,naive,0.0,0.9999999935714285,0.9999999985714286,0.9999999985714286,0,0.0,0.0,0.0,8000,0.00020003318786621094
p20_phi0.1,5,local,2.6,0.8487409641730427,0.7427777769761266,0.9999999985714286,0,0.0,0.0,0.4274303421997644,8000,0.8679687976837158
p20_phi0.1,6,centralized,6.0,0.8571428517800455,0.7826086953119092,0.9473684205540166,13,0.7692307686390532,0.5263157891966759,0.6249999947851563,0,1.785050392150879
p20_phi0.1,6,fedpc_consensus,5.0,0.8717948663510848,0.8499999995749999,0.894736841634349,16,0.4374999997265625,0.3684210524376731,0.3999999948081633,8000,0.001994609832763672
p20_phi0.1,6,fedpc_oracle,5.0,0.8717948663510848,0.8499999995749999,0.894736841634349,16,0.4374999997265625,0.3684210524376731,0.3999999948081633,8000,0.0022230148315429688
p20_phi0.1,6,naive,5.0,0.8717948663510848,0.8499999995749999,0.894736841634349,0,0.0,0.0,0.0,8000,0.0003249645233154297
p20_phi0.1,6,local,6.2,0.8443151915853185,0.8083549779655353,0.8842105258504155,0,0.0,0.0,0.5668965467474119,8000,1.729325294494629
p20_phi0.1,7,centralized,0.0,0.9999999944444444,0.9999999994444444,0.9999999994444444,13,0.9999999992307692,0.7222222218209876,0.8387096720083247,0,0.5525822639465332
p20_phi0.1,7,fedpc_consensus,0.0,0.9999999944444444,0.9999999994444444,0.9999999994444444,0,0.0,0.0,0.0,8000,0.0016069412231445312
p20_phi0.1,7,fedpc_oracle,0.0,0.9999999944444444,0.9999999994444444,0.9999999994444444,0,0.0,0.0,0.0,8000,0.0015065670013427734
p20_phi0.1,7,naive,0.0,0.9999999944444444,0.9999999994444444,0.9999999994444444,0,0.0,0.0,0.0,8000,0.00046825408935546875
p20_phi0.1,7,local,0.6,0.9837837782481941,0.9684210521101877,0.9999999994444444,0,0.0,0.0,0.818064510741866,8000,1.2015173435211182
p20_phi0.1,8,centralized,6.0,0.8749999947135416,0.7777777774897119,0.9999999995238095,13,0.8461538455029586,0.5238095235600907,0.6470588184256055,0,1.5844039916992188
p20_phi0.1,8,fedpc_consensus,1.0,0.9767441805949162,0.9545454541115702,0.9999999995238095,22,0.3181818180371901,0.3333333331746032,0.32558139020010823,8000,0.0032498836517333984
p20_phi0.1,8,fedpc_oracle,1.0,0.9767441805949162,0.9545454541115702,0.9999999995238095,22,0.3181818180371901,0.3333333331746032,0.32558139020010823,8000,0.0028328895568847656
p20_phi0.1,8,naive,1.0,0.9767441805949162,0.9545454541115702,0.9999999995238095,0,0.0,0.0,0.0,8000,0.0004277229309082031
p20_phi0.1,8,local,2.8,0.9375218256459584,0.8913359679962299,0.9904761900045351,0,0.0,0.0,0.767699529720019,8000,1.3626692295074463
p20_phi0.1,9,centralized,3.0,0.9142857088,0.8421052627146814,0.999999999375,10,0.9999999989999999,0.624999999609375,0.7692307639053254,0,0.9309079647064209
p20_phi0.1,9,fedpc_consensus,2.0,0.9333333277333333,0.9999999992857143,0.874999999453125,0,0.0,0.0,0.0,8000,0.0012459754943847656
p20_phi0.1,9,fedpc_oracle,2.0,0.9333333277333333,0.9999999992857143,0.874999999453125,0,0.0,0.0,0.0,8000,0.0010766983032226562
p20_phi0.1,9,naive,2.0,0.9333333277333333,0.9999999992857143,0.874999999453125,0,0.0,0.0,0.0,8000,0.00026035308837890625
p20_phi0.1,9,local,3.0,0.9044354782978912,0.9224999994001042,0.8874999994453125,0,0.0,0.0,0.6672103897013468,8000,1.713334560394287
p20_phi0.1,10,centralized,8.0,0.8181818129752065,0.6923076920414201,0.9999999994444444,14,0.5714285710204081,0.4444444441975308,0.499999994765625,0,3.873382806777954
p20_phi0.1,10,fedpc_consensus,4.0,0.8999999946,0.8181818178099173,0.9999999994444444,13,0.46153846118343195,0.3333333331481481,0.3870967690738814,8000,0.00250244140625
p20_phi0.1,10,fedpc_oracle,4.0,0.8999999946,0.8181818178099173,0.9999999994444444,13,0.46153846118343195,0.3333333331481481,0.3870967690738814,8000,0.0022323131561279297
p20_phi0.1,10,naive,4.0,0.8999999946,0.8181818178099173,0.9999999994444444,0,0.0,0.0,0.0,8000,0.00042057037353515625
p20_phi0.1,10,local,5.6,0.8618734869953191,0.7782749855348752,0.9666666661296295,0,0.0,0.0,0.6372734201744603,8000,2.045294761657715
p20_phi0.1,11,centralized,4.0,0.8823529357266435,0.7894736837950138,0.9999999993333333,8,0.7499999990624999,0.39999999973333333,0.5217391254442344,0,0.8483750820159912
p20_phi0.1,11,fedpc_consensus,2.0,0.9374999944335937,0.8823529406574394,0.9999999993333333,4,0.49999999875,0.13333333324444444,0.21052631224376733,8000,0.0014505386352539062
p20_phi0.1,11,fedpc_oracle,2.0,0.9374999944335937,0.8823529406574394,0.9999999993333333,4,0.49999999875,0.13333333324444444,0.21052631224376733,8000,0.0014171600341796875
p20_phi0.1,11,naive,2.0,0.9374999944335937,0.8823529406574394,0.9999999993333333,0,0.0,0.0,0.0,8000,0.00026297569274902344
p20_phi0.1,11,local,4.2,0.8751050365474953,0.7964396280466152,0.9733333326844444,0,0.0,0.0,0.4414187597566744,8000,1.4024231433868408
p20_phi0.1,12,centralized,3.0,0.923076917633136,0.8571428567346938,0.9999999994444444,15,0.7999999994666667,0.6666666662962962,0.7272727218732782,0,0.9819269180297852
p20_phi0.1,12,fedpc_consensus,2.0,0.9473684155678671,0.89999999955,0.9999999994444444,0,0.0,0.0,0.0,8000,0.0012035369873046875
p20_phi0.1,12,fedpc_oracle,2.0,0.9473684155678671,0.89999999955,0.9999999994444444,0,0.0,0.0,0.0,8000,0.0011985301971435547
p20_phi0.1,12,naive,2.0,0.9473684155678671,0.89999999955,0.9999999994444444,0,0.0,0.0,0.0,8000,0.00023555755615234375
p20_phi0.1,12,local,3.0,0.9233198326134551,0.8579220775127997,0.9999999994444444,0,0.0,0.0,0.6117773508951506,8000,1.3920323848724365
p20_phi0.1,13,centralized,10.0,0.821428566192602,0.7419354836316336,0.919999999632,19,0.6842105259556787,0.519999999792,0.5909090857334711,0,6.297751426696777
p20_phi0.1,13,fedpc_consensus,10.0,0.79999999468,0.79999999968,0.79999999968,16,0.4999999996875,0.319999999872,0.39024389748958954,8000,0.002222299575805664
p20_phi0.1,13,fedpc_oracle,10.0,0.79999999468,0.79999999968,0.79999999968,16,0.4999999996875,0.319999999872,0.39024389748958954,8000,0.0022203922271728516
p20_phi0.1,13,naive,10.0,0.79999999468,0.79999999968,0.79999999968,0,0.0,0.0,0.0,8000,0.0002758502960205078
p20_phi0.1,13,local,12.2,0.7718522576520377,0.7270147536205267,0.8239999996704,0,0.0,0.0,0.4250559825010004,8000,3.972642183303833
p20_phi0.1,14,centralized,1.0,0.9756097506246283,0.9523809519274377,0.9999999995,10,0.8999999991,0.449999999775,0.5999999951555556,0,1.8158669471740723
p20_phi0.1,14,fedpc_consensus,2.0,0.9499999945250001,0.9499999995249999,0.9499999995249999,7,0.4285714279591837,0.149999999925,0.22222221821673527,8000,0.001773834228515625
p20_phi0.1,14,fedpc_oracle,2.0,0.9499999945250001,0.9499999995249999,0.9499999995249999,7,0.4285714279591837,0.149999999925,0.22222221821673527,8000,0.0016841888427734375
p20_phi0.1,14,naive,2.0,0.9499999945250001,0.9499999995249999,0.9499999995249999,0,0.0,0.0,0.0,8000,0.0002894401550292969
p20_phi0.1,14,local,2.2,0.9458536530723439,0.9323809519279138,0.9599999995199999,0,0.0,0.0,0.5600444890758105,8000,2.001361846923828
p20_phi0.1,15,centralized,2.0,0.9166666609375,0.8461538455029586,0.999999999090909,9,0.6666666659259258,0.5454545449586776,0.5999999944500001,0,0.4719960689544678
p20_phi0.1,15,fedpc_consensus,0.0,0.999999994090909,0.999999999090909,0.999999999090909,0,0.0,0.0,0.0,8000,0.001165151596069336
p20_phi0.1,15,fedpc_oracle,0.0,0.999999994090909,0.999999999090909,0.999999999090909,0,0.0,0.0,0.0,8000,0.0011699199676513672
p20_phi0.1,15,naive,0.0,0.999999994090909,0.999999999090909,0.999999999090909,0,0.0,0.0,0.0,8000,0.0002455711364746094
p20_phi0.1,15,local,1.6,0.9351727924531936,0.8825641018487735,0.9999999990909089,0,0.0,0.0,0.547354656101972,8000,0.9879982471466064
p20_phi0.1,16,centralized,1.0,0.969696964113866,0.941176470034602,0.999999999375,7,0.8571428559183674,0.374999999765625,0.5217391257466919,0,0.621859073638916
p20_phi0.1,16,fedpc_consensus,0.0,0.999999994375,0.999999999375,0.999999999375,0,0.0,0.0,0.0,8000,0.0019867420196533203
p20_phi0.1,16,fedpc_oracle,0.0,0.999999994375,0.999999999375,0.999999999375,0,0.0,0.0,0.0,8000,0.0014379024505615234
p20_phi0.1,16,naive,0.0,0.999999994375,0.999999999375,0.999999999375,0,0.0,0.0,0.0,8000,0.0005307197570800781
p20_phi0.1,16,local,1.4,0.9593277255307612,0.923976607650961,0.9999999993749998,0,0.0,0.0,0.4856766377549581,8000,1.1438910961151123
p20_phi0.1,17,centralized,14.0,0.7407407355761316,0.6451612901144641,0.8695652170132325,14,0.49999999964285713,0.3043478259546314,0.37837837346968595,0,6.944469451904297
p20_phi0.1,17,fedpc_consensus,7.0,0.844444439071605,0.8636363632438017,0.8260869561625709,8,0.6249999992187499,0.21739130425330813,0.32258064112382934,8000,0.002420186996459961
p20_phi0.1,17,fedpc_oracle,7.0,0.844444439071605,0.8636363632438017,0.8260869561625709,8,0.6249999992187499,0.21739130425330813,0.32258064112382934,8000,0.002718687057495117
p20_phi0.1,17,naive,7.0,0.844444439071605,0.8636363632438017,0.8260869561625709,0,0.0,0.0,0.0,8000,0.00045561790466308594
p20_phi0.1,17,local,11.4,0.7594961150580691,0.7383422516475537,0.7826086953119092,0,0.0,0.0,0.476885421320364,8000,2.6453402042388916
p20_phi0.1,18,centralized,5.0,0.8717948663510848,0.8499999995749999,0.894736841634349,12,0.749999999375,0.4736842102770083,0.5806451561706556,0,1.1397933959960938
p20_phi0.1,18,fedpc_consensus,3.0,0.9189189134258583,0.944444443919753,0.894736841634349,4,0.49999999875,0.10526315783933518,0.17391304045368622,8000,0.0022461414337158203
p20_phi0.1,18,fedpc_oracle,3.0,0.9189189134258583,0.944444443919753,0.894736841634349,4,0.49999999875,0.10526315783933518,0.17391304045368622,8000,0.0015251636505126953
p20_phi0.1,18,naive,3.0,0.9189189134258583,0.944444443919753,0.894736841634349,0,0.0,0.0,0.0,8000,0.000396728515625
p20_phi0.1,18,local,5.2,0.8678779445985558,0.8434928225470765,0.8947368416343491,0,0.0,0.0,0.6793010700365627,8000,1.3090004920959473
p20_phi0.1,19,centralized,6.0,0.8695652120510396,0.79999999968,0.9523809519274377,15,0.7333333328444444,0.5238095235600907,0.6111111059104939,0,2.4750454425811768
p20_phi0.1,19,fedpc_consensus,3.0,0.9302325527095728,0.9090909086776859,0.9523809519274377,21,0.5714285711564626,0.5714285711564626,0.5714285661564628,8000,0.0022993087768554688
p20_phi0.1,19,fedpc_oracle,3.0,0.9302325527095728,0.9090909086776859,0.9523809519274377,21,0.5714285711564626,0.5714285711564626,0.5714285661564628,8000,0.002066373825073242
p20_phi0.1,19,naive,3.0,0.9302325527095728,0.9090909086776859,0.9523809519274377,0,0.0,0.0,0.0,8000,0.00024819374084472656
p20_phi0.1,19,local,3.8,0.9126413583908555,0.8851684543371562,0.9428571424081632,0,0.0,0.0,0.7077487519318282,8000,1.5159687995910645
p20_phi0.2,0,centralized,26.0,0.6749999948312502,0.67499999983125,0.67499999983125,16,0.874999999453125,0.34999999991249997,0.499999995739796,0,19.970643520355225
p20_phi0.2,0,fedpc_consensus,27.0,0.6086956471245537,0.72413793078478,0.52499999986875,13,0.5384615380473372,0.17499999995624999,0.26415093959416164,8000,0.002016782760620117
p20_phi0.2,0,fedpc_oracle,27.0,0.6086956471245537,0.72413793078478,0.52499999986875,13,0.5384615380473372,0.17499999995624999,0.26415093959416164,8000,0.0016696453094482422
p20_phi0.2,0,naive,27.0,0.6086956471245537,0.72413793078478,0.52499999986875,0,0.0,0.0,0.0,8000,0.0003752708435058594
p20_phi0.2,0,local,27.6,0.6097642316940164,0.7014971719540906,0.5399999998649999,0,0.0,0.0,0.3615640929210827,8000,5.374145984649658
p20_phi0.2,1,centralized,24.0,0.7142857091184808,0.7317073168947055,0.6976744184424013,9,0.8888888879012344,0.18604651158464033,0.30769230471153847,0,35.30872988700867
p20_phi0.2,1,fedpc_consensus,23.0,0.684931501820229,0.8333333330555556,0.581395348702001,14,0.4285714282653061,0.13953488368848024,0.2105263120098492,8000,0.0023064613342285156
p20_phi0.2,1,fedpc_oracle,23.0,0.684931501820229,0.8333333330555556,0.581395348702001,14,0.4285714282653061,0.13953488368848024,0.2105263120098492,8000,0.0015788078308105469
p20_phi0.2,1,naive,23.0,0.684931501820229,0.8333333330555556,0.581395348702001,0,0.0,0.0,0.0,8000,0.0003457069396972656
p20_phi0.2,1,local,24.6,0.6651117642712576,0.8039191691823694,0.567441860333153,0,0.0,0.0,0.22272045130002022,8000,7.303898334503174
p20_phi0.2,2,centralized,16.0,0.7894736790027701,0.7894736840027701,0.7894736840027701,15,0.7333333328444444,0.28947368413434904,0.4150943354076185,0,15.483419418334961
p20_phi0.2,2,fedpc_consensus,21.0,0.6865671590643796,0.7931034480023781,0.605263157735457,18,0.3888888886728395,0.18421052626731302,0.24999999554846944,8000,0.0026102066040039062
p20_phi0.2,2,fedpc_oracle,21.0,0.6865671590643796,0.7931034480023781,0.605263157735457,18,0.3888888886728395,0.18421052626731302,0.24999999554846944,8000,0.0029442310333251953
p20_phi0.2,2,naive,21.0,0.6865671590643796,0.7931034480023781,0.605263157735457,0,0.0,0.0,0.0,8000,0.0003237724304199219
p20_phi0.2,2,local,22.4,0.6723224527272883,0.7565628473593122,0.605263157735457,0,0.0,0.0,0.27368177296851715,8000,4.356368780136108
p20_phi0.2,3,centralized,38.0,0.5957446757333636,0.5714285713119533,0.6222222220839506,7,0.2857142853061225,0.0444444444345679,0.07692307456360954,0,36.62370228767395
p20_phi0.2,3,fedpc_consensus,34.0,0.5853658485633552,0.6486486484733381,0.5333333332148148,11,0.45454545413223135,0.11111111108641974,0.1785714253507653,8000,0.0023193359375
p20_phi0.2,3,fedpc_oracle,34.0,0.5853658485633552,0.6486486484733381,0.5333333332148148,11,0.45454545413223135,0.11111111108641974,0.1785714253507653,8000,0.001708984375
p20_phi0.2,3,naive,34.0,0.5853658485633552,0.6486486484733381,0.5333333332148148,0,0.0,0.0,0.0,8000,0.00038313865661621094
p20_phi0.2,3,local,33.6,0.5814723296767874,0.6605221384930184,0.5199999998844443,0,0.0,0.0,0.1698977181494079,8000,8.24420952796936
p20_phi0.2,4,centralized,17.0,0.7733333281493334,0.72499999981875,0.8285714283346939,13,0.9230769223668639,0.34285714275918366,0.49999999584201393,0,7.849486589431763
p20_phi0.2,4,fedpc_consensus,15.0,0.7692307640236687,0.8333333330555556,0.7142857140816327,25,0.479999999808,0.34285714275918366,0.39999999500555555,8000,0.003929853439331055
p20_phi0.2,4,fedpc_oracle,15.0,0.7692307640236687,0.8333333330555556,0.7142857140816327,25,0.479999999808,0.34285714275918366,0.39999999500555555,8000,0.004141807556152344
p20_phi0.2,4,naive,15.0,0.7692307640236687,0.8333333330555556,0.7142857140816327,0,0.0,0.0,0.0,8000,0.0004763603210449219
p20_phi0.2,4,local,18.2,0.7348218664318532,0.7506222941485009,0.7199999997942859,0,0.0,0.0,0.5035379238760384,8000,3.2164220809936523
p20_phi0.2,5,centralized,10.0,0.8437499947558594,0.7941176468252595,0.8999999997,22,0.8636363632438017,0.6333333331222222,0.7307692256065089,0,4.965657472610474
p20_phi0.2,5,fedpc_consensus,8.0,0.8666666613777778,0.8666666663777778,0.8666666663777778,24,0.41666666649305556,0.3333333332222222,0.3703703652949246,8000,0.0032939910888671875
p20_phi0.2,5,fedpc_oracle,8.0,0.8666666613777778,0.8666666663777778,0.8666666663777778,24,0.41666666649305556,0.3333333332222222,0.3703703652949246,8000,0.0025789737701416016
p20_phi0.2,5,naive,8.0,0.8666666613777778,0.8666666663777778,0.8666666663777778,0,0.0,0.0,0.0,8000,0.0003807544708251953
p20_phi0.2,5,local,9.4,0.8457782425652016,0.8321908599465141,0.8599999997133334,0,0.0,0.0,0.6152247806676344,8000,2.2931995391845703
p20_phi0.2,6,centralized,25.0,0.6666666615111112,0.62499999984375,0.7142857140816327,10,0.3999999996,0.11428571425306122,0.17777777424197536,0,30.894392013549805
p20_phi0.2,6,fedpc_consensus,24.0,0.6666666614853396,0.6486486484733381,0.6857142855183673,12,0.3333333330555555,0.11428571425306122,0.1702127620823903,8000,0.0021712779998779297
p20_phi0.2,6,fedpc_oracle,24.0,0.6666666614853396,0.6486486484733381,0.6857142855183673,12,0.3333333330555555,0.11428571425306122,0.1702127620823903,8000,0.0019974708557128906
p20_phi0.2,6,naive,24.0,0.6666666614853396,0.6486486484733381,0.6857142855183673,0,0.0,0.0,0.0,8000,0.0003952980041503906
p20_phi0.2,6,local,25.8,0.6444648629392169,0.622255048405246,0.6685714283804082,0,0.0,0.0,0.22980403165337945,8000,7.014521598815918
p20_phi0.2,7,centralized,15.0,0.7457627066245333,0.7096774191259105,0.7857142854336735,15,0.7999999994666667,0.4285714284183673,0.558139530081125,0,7.375614881515503
p20_phi0.2,7,fedpc_consensus,13.0,0.7547169758632966,0.79999999968,0.7142857140306123,18,0.4999999997222222,0.3214285713137755,0.3913043428922496,8000,0.002054452896118164
p20_phi0.2,7,fedpc_oracle,13.0,0.7547169758632966,0.79999999968,0.7142857140306123,18,0.4999999997222222,0.3214285713137755,0.3913043428922496,8000,0.001961231231689453
p20_phi0.2,7,naive,13.0,0.7547169758632966,0.79999999968,0.7142857140306123,0,0.0,0.0,0.0,8000,0.0002753734588623047
p20_phi0.2,7,local,14.6,0.7326552463605104,0.7529757340708498,0.7142857140306121,0,0.0,0.0,0.4920467789599532,8000,2.8226988315582275
p20_phi0.2,8,centralized,25.0,0.6753246702917861,0.5777777776493827,0.8124999997460938,13,0.5384615380473372,0.21874999993164063,0.3111111068641975,0,15.968242883682251
p20_phi0.2,8,fedpc_consensus,21.0,0.6557376997151304,0.6896551721759809,0.6249999998046875,24,0.2916666665451389,0.21874999993164063,0.2499999950127552,8000,0.00232696533203125
p20_phi0.2,8,fedpc_oracle,21.0,0.6557376997151304,0.6896551721759809,0.6249999998046875,24,0.2916666665451389,0.21874999993164063,0.2499999950127552,8000,0.0020797252655029297
p20_phi0.2,8,naive,21.0,0.6557376997151304,0.6896551721759809,0.6249999998046875,0,0.0,0.0,0.0,8000,0.0004749298095703125
p20_phi0.2,8,local,21.2,0.6607484895991902,0.6808622826518812,0.6437499997988281,0,0.0,0.0,0.3325526214427332,8000,4.684269428253174
p20_phi0.2,9,centralized,40.0,0.5555555504938273,0.62499999984375,0.4999999999,8,0.49999999937499995,0.079999999984,0.13793103205707494,0,41.399473667144775
p20_phi0.2,9,fedpc_consensus,37.0,0.5432098716841944,0.7096774191259105,0.439999999912,19,0.3684210524376731,0.139999999972,0.20289854667506832,8000,0.0027761459350585938
p20_phi0.2,9,fedpc_oracle,37.0,0.5432098716841944,0.7096774191259105,0.439999999912,19,0.3684210524376731,0.139999999972,0.20289854667506832,8000,0.002479076385498047
p20_phi0.2,9,naive,37.0,0.5432098716841944,0.7096774191259105,0.439999999912,0,0.0,0.0,0.0,8000,0.0004677772521972656
p20_phi0.2,9,local,38.0,0.5499700032521533,0.6768378249147202,0.4639999999072,0,0.0,0.0,0.12618135174772344,8000,8.733116149902344
p20_phi0.2,10,centralized,17.0,0.7462686515036757,0.7142857140816327,0.7812499997558594,14,0.8571428565306122,0.3749999998828125,0.5217391259735351,0,13.553626537322998
p20_phi0.2,10,fedpc_consensus,16.0,0.7419354786368366,0.7666666664111111,0.7187499997753906,26,0.38461538446745563,0.31249999990234373,0.34482758114149825,8000,0.0027430057525634766
p20_phi0.2,10,fedpc_oracle,16.0,0.7419354786368366,0.7666666664111111,0.7187499997753906,26,0.38461538446745563,0.31249999990234373,0.34482758114149825,8000,0.0024611949920654297
p20_phi0.2,10,naive,16.0,0.7419354786368366,0.7666666664111111,0.7187499997753906,0,0.0,0.0,0.0,8000,0.000316619873046875
p20_phi0.2,10,local,15.4,0.7543795938396236,0.7743656970801363,0.7374999997695312,0,0.0,0.0,0.4965986351835096,8000,3.555067300796509
p20_phi0.2,11,centralized,20.0,0.6969696917630854,0.6764705880363322,0.7187499997753906,7,0.4285714279591837,0.09374999997070313,0.1538461508218278,0,12.833393335342407
p20_phi0.2,11,fedpc_consensus,21.0,0.6557376997151304,0.6896551721759809,0.6249999998046875,11,0.45454545413223135,0.15624999995117186,0.23255813561925368,8000,0.002119302749633789
p20_phi0.2,11,fedpc_oracle,21.0,0.6557376997151304,0.6896551721759809,0.6249999998046875,11,0.45454545413223135,0.15624999995117186,0.23255813561925368,8000,0.0016398429870605469
p20_phi0.2,11,naive,21.0,0.6557376997151304,0.6896551721759809,0.6249999998046875,0,0.0,0.0,0.0,8000,0.0005147457122802734
p20_phi0.2,11,local,23.0,0.622802744676365,0.6550082099547081,0.5937499998144531,0,0.0,0.0,0.2165145861833171,8000,4.647557973861694
p20_phi0.2,12,centralized,17.0,0.7733333281706668,0.7073170729982153,0.8529411762197232,6,0.6666666655555555,0.11764705878892734,0.19999999735000004,0,23.14230704307556
p20_phi0.2,12,fedpc_consensus,11.0,0.8196721259446386,0.9259259255829904,0.7352941174307959,14,0.28571428551020406,0.11764705878892734,0.16666666246527786,8000,0.002759218215942383
p20_phi0.2,12,fedpc_oracle,11.0,0.8196721259446386,0.9259259255829904,0.7352941174307959,14,0.28571428551020406,0.11764705878892734,0.16666666246527786,8000,0.002172708511352539
p20_phi0.2,12,naive,11.0,0.8196721259446386,0.9259259255829904,0.7352941174307959,0,0.0,0.0,0.0,8000,0.0004074573516845703
p20_phi0.2,12,local,13.0,0.792319503233019,0.8672413790069857,0.7294117644913495,0,0.0,0.0,0.35010232125986435,8000,5.601934909820557
p20_phi0.2,13,centralized,3.0,0.952380947079869,0.9677419351716962,0.9374999997070312,20,0.89999999955,0.5624999998242187,0.6923076873076924,0,5.285537242889404
p20_phi0.2,13,fedpc_consensus,6.0,0.8999999947222223,0.9642857139413265,0.8437499997363281,26,0.46153846136094673,0.3749999998828125,0.4137930983590964,8000,0.0027480125427246094
p20_phi0.2,13,fedpc_oracle,6.0,0.8999999947222223,0.9642857139413265,0.8437499997363281,26,0.46153846136094673,0.3749999998828125,0.4137930983590964,8000,0.0030808448791503906
p20_phi0.2,13,naive,6.0,0.8999999947222223,0.9642857139413265,0.8437499997363281,0,0.0,0.0,0.0,8000,0.0003979206085205078
p20_phi0.2,13,local,7.0,0.8848920061732605,0.9309391384041426,0.843749999736328,0,0.0,0.0,0.6471489313527395,8000,3.5642802715301514
p20_phi0.2,14,centralized,34.0,0.6136363584994835,0.5999999998666666,0.6279069765981612,8,0.7499999990624999,0.13953488368848024,0.23529411490965013,0,16.895827770233154
p20_phi0.2,14,fedpc_consensus,32.0,0.5897435846449706,0.657142856955102,0.534883720805841,24,0.4583333331423611,0.25581395342888047,0.32835820425930057,8000,0.0032851696014404297
p20_phi0.2,14,fedpc_oracle,32.0,0.5897435846449706,0.657142856955102,0.534883720805841,24,0.4583333331423611,0.25581395342888047,0.32835820425930057,8000,0.0032224655151367188
p20_phi0.2,14,naive,32.0,0.5897435846449706,0.657142856955102,0.534883720805841,0,0.0,0.0,0.0,8000,0.0004584789276123047
p20_phi0.2,14,local,31.8,0.5954039158675261,0.6575635297315348,0.544186046385073,0,0.0,0.0,0.3221646864283435,8000,5.621049404144287
p20_phi0.2,15,centralized,33.0,0.6292134780810504,0.559999999888,0.7179487177646285,9,0.6666666659259258,0.1538461538067061,0.24999999684895832,0,29.07150363922119
p20_phi0.2,15,fedpc_consensus,25.0,0.6575342414186528,0.705882352733564,0.6153846152268244,23,0.347826086805293,0.20512820507560814,0.2580645113787721,8000,0.003576517105102539
p20_phi0.2,15,fedpc_oracle,25.0,0.6575342414186528,0.705882352733564,0.6153846152268244,23,0.347826086805293,0.20512820507560814,0.2580645113787721,8000,0.0036008358001708984
p20_phi0.2,15,naive,25.0,0.6575342414186528,0.705882352733564,0.6153846152268244,0,0.0,0.0,0.0,8000,0.0005362033843994141
p20_phi0.2,15,local,27.4,0.6307422107451208,0.6653141451247035,0.5999999998461538,0,0.0,0.0,0.24378931661730796,8000,7.579741716384888
p20_phi0.2,16,centralized,42.0,0.48780487295657354,0.5263157893351801,0.4545454544421488,9,0.5555555549382716,0.1136363636105372,0.18867924239231043,0,55.7074499130249
p20_phi0.2,16,fedpc_consensus,41.0,0.40579709671077513,0.559999999776,0.31818181810950413,14,0.4285714282653061,0.13636363633264462,0.20689654799048754,8000,0.0018835067749023438
p20_phi0.2,16,fedpc_oracle,41.0,0.40579709671077513,0.559999999776,0.31818181810950413,14,0.4285714282653061,0.13636363633264462,0.20689654799048754,8000,0.0015575885772705078
p20_phi0.2,16,naive,41.0,0.40579709671077513,0.559999999776,0.31818181810950413,0,0.0,0.0,0.0,8000,0.00027251243591308594
p20_phi0.2,16,local,39.4,0.43914471861216464,0.5899462757198382,0.34999999992045455,0,0.0,0.0,0.1838537612831936,8000,8.647671937942505
p20_phi0.2,17,centralized,25.0,0.6575342414036405,0.6857142855183673,0.6315789472022161,11,0.7272727266115702,0.21052631573407202,0.3265306086297376,0,21.342605113983154
p20_phi0.2,17,fedpc_consensus,26.0,0.5806451563579604,0.7499999996875,0.47368421040166203,11,0.3636363633057851,0.10526315786703601,0.1632653025739276,8000,0.0020494461059570312
p20_phi0.2,17,fedpc_oracle,26.0,0.5806451563579604,0.7499999996875,0.47368421040166203,11,0.3636363633057851,0.10526315786703601,0.1632653025739276,8000,0.0020034313201904297
p20_phi0.2,17,naive,26.0,0.5806451563579604,0.7499999996875,0.47368421040166203,0,0.0,0.0,0.0,8000,0.0002970695495605469
p20_phi0.2,17,local,27.0,0.5896461963769853,0.703947820551372,0.5105263156551245,0,0.0,0.0,0.3173955761662396,8000,5.322774887084961
p20_phi0.2,18,centralized,15.0,0.7761193977545111,0.7647058821280277,0.7878787876400367,17,0.7058823525259516,0.3636363635261708,0.47999999532,0,8.247054100036621
p20_phi0.2,18,fedpc_consensus,18.0,0.6785714234885204,0.8260869561625709,0.5757575755831037,9,0.6666666659259258,0.1818181817630854,0.28571428221088435,8000,0.002063751220703125
p20_phi0.2,18,fedpc_oracle,18.0,0.6785714234885204,0.8260869561625709,0.5757575755831037,9,0.6666666659259258,0.1818181817630854,0.28571428221088435,8000,0.0017139911651611328
p20_phi0.2,18,naive,18.0,0.6785714234885204,0.8260869561625709,0.5757575755831037,0,0.0,0.0,0.0,8000,0.00041365623474121094
p20_phi0.2,18,local,19.6,0.6644888763285948,0.7653655391496079,0.5878787877006427,0,0.0,0.0,0.4438543055416913,8000,3.6373987197875977
p20_phi0.2,19,centralized,14.0,0.7741935431581685,0.7272727270523416,0.8275862066111771,11,0.9090909082644627,0.34482758608799047,0.4999999957625,0,12.656077861785889
p20_phi0.2,19,fedpc_consensus,11.0,0.807017538578024,0.8214285711352041,0.7931034480023781,17,0.6470588231487889,0.37931034469678954,0.4782608646975426,8000,0.0033681392669677734
p20_phi0.2,19,fedpc_oracle,11.0,0.807017538578024,0.8214285711352041,0.7931034480023781,17,0.6470588231487889,0.37931034469678954,0.4782608646975426,8000,0.0032231807708740234
p20_phi0.2,19,naive,11.0,0.807017538578024,0.8214285711352041,0.7931034480023781,0,0.0,0.0,0.0,8000,0.00032973289489746094
p20_phi0.2,19,local,11.6,0.791734887514516,0.8287472524344304,0.758620689393579,0,0.0,0.0,0.47045381374788586,8000,4.437976837158203
p20_hetero_None,0,centralized,32.0,0.6279069716089779,0.658536585205235,0.5999999998666666,15,0.6666666662222221,0.2222222221728395,0.3333333294722222,0,45.932278871536255
p20_hetero_None,0,fedpc_consensus,34.0,0.5526315739716068,0.6774193546201873,0.46666666656296296,16,0.374999999765625,0.1333333333037037,0.19672130754098366,8000,0.0029039382934570312
p20_hetero_None,0,fedpc_oracle,34.0,0.5526315739716068,0.6774193546201873,0.46666666656296296,16,0.374999999765625,0.1333333333037037,0.19672130754098366,8000,0.0028667449951171875
p20_hetero_None,0,naive,34.0,0.5526315739716068,0.6774193546201873,0.46666666656296296,0,0.0,0.0,0.0,8000,0.0005533695220947266
p20_hetero_None,0,local,33.6,0.5713191399551434,0.6707212883143834,0.49777777766716047,0,0.0,0.0,0.22878997079620428,8000,8.324725866317749
p20_hetero_None,1,centralized,18.0,0.7804877996995836,0.7441860463385613,0.8205128203024326,15,0.7333333328444444,0.2820512819789612,0.4074074032441701,0,22.469958543777466
p20_hetero_None,1,fedpc_consensus,19.0,0.753246748051948,0.763157894536011,0.7435897433990796,18,0.7222222218209876,0.33333333324786324,0.45614034639581413,8000,0.002866029739379883
p20_hetero_None,1,fedpc_oracle,19.0,0.753246748051948,0.763157894536011,0.7435897433990796,18,0.7222222218209876,0.33333333324786324,0.45614034639581413,8000,0.0026285648345947266
p20_hetero_None,1,naive,19.0,0.753246748051948,0.763157894536011,0.7435897433990796,0,0.0,0.0,0.0,8000,0.0004813671112060547
p20_hetero_None,1,local,20.2,0.7350908997912204,0.7542268090230395,0.7179487177646285,0,0.0,0.0,0.41425734229344047,8000,5.800735712051392
p20_hetero_None,2,centralized,21.0,0.719999994816,0.6923076921301775,0.7499999997916666,16,0.9374999994140625,0.41666666655092593,0.5769230724408284,0,13.486140727996826
p20_hetero_None,2,fedpc_consensus,18.0,0.7187499948535157,0.8214285711352041,0.6388888887114197,23,0.6086956519092628,0.3888888887808642,0.47457626626831373,8000,0.003360748291015625
p20_hetero_None,2,fedpc_oracle,18.0,0.7187499948535157,0.8214285711352041,0.6388888887114197,23,0.6086956519092628,0.3888888887808642,0.47457626626831373,8000,0.003037691116333008
p20_hetero_None,2,naive,18.0,0.7187499948535157,0.8214285711352041,0.6388888887114197,0,0.0,0.0,0.0,8000,0.00031185150146484375
p20_hetero_None,2,local,19.2,0.708926362582137,0.7813026817304098,0.6499999998194443,0,0.0,0.0,0.3926433144212438,8000,4.808468818664551
p20_hetero_None,3,centralized,38.0,0.558139529753921,0.558139534753921,0.558139534753921,16,0.624999999609375,0.23255813948080042,0.338983046779661,0,33.60736846923828
p20_hetero_None,3,fedpc_consensus,32.0,0.5789473633552632,0.6666666664646465,0.5116279068577609,21,0.4285714283673469,0.20930232553272038,0.28124999550292973,8000,0.0033075809478759766
p20_hetero_None,3,fedpc_oracle,32.0,0.5789473633552632,0.6666666664646465,0.5116279068577609,21,0.4285714283673469,0.20930232553272038,0.28124999550292973,8000,0.003194093704223633
p20_hetero_None,3,naive,32.0,0.5789473633552632,0.6666666664646465,0.5116279068577609,0,0.0,0.0,0.0,8000,0.0004680156707763672
p20_hetero_None,3,local,34.6,0.5662677211726717,0.6153669188570984,0.525581395226609,0,0.0,0.0,0.2597640808790963,8000,8.522536277770996
p20_hetero_None,4,centralized,18.0,0.7631578895394738,0.7435897433990796,0.7837837835719503,16,0.74999999953125,0.32432432423666907,0.4528301842933429,0,11.102076530456543
p20_hetero_None,4,fedpc_consensus,20.0,0.7297297245325056,0.7297297295325055,0.7297297295325055,20,0.449999999775,0.24324324317750182,0.31578946901815946,8000,0.0023207664489746094
p20_hetero_None,4,fedpc_oracle,20.0,0.7297297245325056,0.7297297295325055,0.7297297295325055,20,0.449999999775,0.24324324317750182,0.31578946901815946,8000,0.0020492076873779297
p20_hetero_None,4,naive,20.0,0.7297297245325056,0.7297297295325055,0.7297297295325055,0,0.0,0.0,0.0,8000,0.0003631114959716797
p20_hetero_None,4,local,21.4,0.7098689546795691,0.7125096523154193,0.7081081079167275,0,0.0,0.0,0.38137349466293063,8000,4.045641183853149
p20_hetero_None,5,centralized,34.0,0.5952380901077098,0.62499999984375,0.568181818052686,7,0.571428570612245,0.09090909088842974,0.15686274266820457,0,25.544164419174194
p20_hetero_None,5,fedpc_consensus,29.0,0.61333332832,0.7419354836316336,0.5227272726084711,16,0.4374999997265625,0.15909090905475207,0.23333332934444445,8000,0.0023279190063476562
p20_hetero_None,5,fedpc_oracle,29.0,0.61333332832,0.7419354836316336,0.5227272726084711,16,0.4374999997265625,0.15909090905475207,0.23333332934444445,8000,0.002213001251220703
p20_hetero_None,5,naive,29.0,0.61333332832,0.7419354836316336,0.5227272726084711,0,0.0,0.0,0.0,8000,0.0010437965393066406
p20_hetero_None,5,local,30.2,0.61784480832432,0.6978643576645489,0.5545454544194215,0,0.0,0.0,0.1852690299647241,8000,6.0501179695129395
p20_hetero_None,6,centralized,25.0,0.6835442986316296,0.710526315602493,0.658536585205235,13,0.8461538455029586,0.268292682861392,0.4074074036008231,0,9.434754848480225
p20_hetero_None,6,fedpc_consensus,22.0,0.6944444393479939,0.8064516126430801,0.6097560974122546,21,0.6190476187528344,0.3170731706543724,0.4193548340946931,8000,0.0019478797912597656
p20_hetero_None,6,fedpc_oracle,22.0,0.6944444393479939,0.8064516126430801,0.6097560974122546,21,0.6190476187528344,0.3170731706543724,0.4193548340946931,8000,0.0017960071563720703
p20_hetero_None,6,naive,22.0,0.6944444393479939,0.8064516126430801,0.6097560974122546,0,0.0,0.0,0.0,8000,0.0003497600555419922
p20_hetero_None,6,local,22.8,0.6896819044177427,0.7788636361242023,0.6195121949708506,0,0.0,0.0,0.3808361939874583,8000,4.091010332107544
p20_hetero_None,7,centralized,22.0,0.6944444393132717,0.62499999984375,0.7812499997558594,28,0.5714285712244898,0.49999999984375,0.5333333281777777,0,14.604291200637817
p20_hetero_None,7,fedpc_consensus,17.0,0.721311470185434,0.7586206893935791,0.6874999997851562,18,0.611111110771605,0.3437499998925781,0.439999995216,8000,0.002624034881591797
p20_hetero_None,7,fedpc_oracle,17.0,0.721311470185434,0.7586206893935791,0.6874999997851562,18,0.611111110771605,0.3437499998925781,0.439999995216,8000,0.0023736953735351562
p20_hetero_None,7,naive,17.0,0.721311470185434,0.7586206893935791,0.6874999997851562,0,0.0,0.0,0.0,8000,0.000316619873046875
p20_hetero_None,7,local,18.4,0.7012901494818703,0.7299814606355877,0.6749999997890624,0,0.0,0.0,0.424217095198665,8000,4.614837884902954
p20_hetero_None,8,centralized,21.0,0.727272722091415,0.7567567565522278,0.6999999998249999,8,0.9999999987499999,0.19999999995,0.33333333041666674,0,28.166500091552734
p20_hetero_None,8,fedpc_consensus,22.0,0.6764705831920416,0.8214285711352041,0.5749999998562499,16,0.4374999997265625,0.17499999995624999,0.24999999582908167,8000,0.002504110336303711
p20_hetero_None,8,fedpc_oracle,22.0,0.6764705831920416,0.8214285711352041,0.5749999998562499,16,0.4374999997265625,0.17499999995624999,0.24999999582908167,8000,0.0023992061614990234
p20_hetero_None,8,naive,22.0,0.6764705831920416,0.8214285711352041,0.5749999998562499,0,0.0,0.0,0.0,8000,0.0005118846893310547
p20_hetero_None,8,local,24.2,0.6491172936052161,0.7735912695731566,0.5599999998599999,0,0.0,0.0,0.25038586410330915,8000,6.7267701625823975
p20_hetero_None,9,centralized,35.0,0.578313247931485,0.6486486484733381,0.5217391303213611,9,0.7777777769135802,0.15217391301039698,0.25454545171570253,0,59.36537742614746
p20_hetero_None,9,fedpc_consensus,30.0,0.5714285667591837,0.8333333329861111,0.4347826086011342,11,0.5454545449586776,0.13043478258034027,0.2105263126008003,8000,0.002286195755004883
p20_hetero_None,9,fedpc_oracle,30.0,0.5714285667591837,0.8333333329861111,0.4347826086011342,11,0.5454545449586776,0.13043478258034027,0.2105263126008003,8000,0.0028409957885742188
p20_hetero_None,9,naive,30.0,0.5714285667591837,0.8333333329861111,0.4347826086011342,0,0.0,0.0,0.0,8000,0.00039267539978027344
p20_hetero_None,9,local,32.4,0.5448513348020441,0.770904000683724,0.42173913034310023,0,0.0,0.0,0.22915126475015574,8000,11.333687782287598
p20_hetero_None,10,centralized,34.0,0.645833328200955,0.6595744679447714,0.6326530610953769,6,0.6666666655555555,0.08163265304456477,0.14545454345785125,0,38.75958800315857
p20_hetero_None,10,fedpc_consensus,32.0,0.6190476140391158,0.742857142644898,0.530612244789671,20,0.449999999775,0.1836734693502707,0.26086956102499476,8000,0.002756834030151367
p20_hetero_None,10,fedpc_oracle,32.0,0.6190476140391158,0.742857142644898,0.530612244789671,20,0.449999999775,0.1836734693502707,0.26086956102499476,8000,0.002734661102294922
p20_hetero_None,10,naive,32.0,0.6190476140391158,0.742857142644898,0.530612244789671,0,0.0,0.0,0.0,8000,0.00036835670471191406
p20_hetero_None,10,local,34.8,0.5953335952756975,0.6927401836049423,0.5224489794852145,0,0.0,0.0,0.1352052517801755,8000,7.9990620613098145
p20_hetero_None,11,centralized,24.0,0.6923076871433267,0.7297297295325055,0.658536585205235,14,0.6428571423979591,0.21951219506841166,0.3272727233586777,0,17.387507438659668
p20_hetero_None,11,fedpc_consensus,27.0,0.6197183048046023,0.7333333330888888,0.536585365722784,19,0.4210526313573407,0.19512195117192146,0.26666666225,8000,0.0022461414337158203
p20_hetero_None,11,fedpc_oracle,27.0,0.6197183048046023,0.7333333330888888,0.536585365722784,19,0.4210526313573407,0.19512195117192146,0.26666666225,8000,0.002033710479736328
p20_hetero_None,11,naive,27.0,0.6197183048046023,0.7333333330888888,0.536585365722784,0,0.0,0.0,0.0,8000,0.00037550926208496094
p20_hetero_None,11,local,27.2,0.6283310656982188,0.7142839684975054,0.5609756096192743,0,0.0,0.0,0.3499504250992551,8000,6.293286561965942
p20_hetero_None,12,centralized,42.0,0.5434782557608697,0.5208333332248264,0.568181818052686,14,0.28571428551020406,0.09090909088842974,0.1379310307728895,0,30.79310131072998
p20_hetero_None,12,fedpc_consensus,35.0,0.5205479402739727,0.6551724135671819,0.4318181817200413,17,0.4117647056401384,0.15909090905475207,0.22950819262563832,8000,0.0029473304748535156
p20_hetero_None,12,fedpc_oracle,35.0,0.5205479402739727,0.6551724135671819,0.4318181817200413,17,0.4117647056401384,0.15909090905475207,0.22950819262563832,8000,0.0026721954345703125
p20_hetero_None,12,naive,35.0,0.5205479402739727,0.6551724135671819,0.4318181817200413,0,0.0,0.0,0.0,8000,0.0005369186401367188
p20_hetero_None,12,local,33.6,0.5622130881095309,0.6583328094624974,0.4909090907975206,0,0.0,0.0,0.21452886492225973,8000,5.744539737701416
p20_hetero_None,13,centralized,22.0,0.7499999948398761,0.7173913041918715,0.7857142855272109,11,0.7272727266115702,0.190476190430839,0.30188678904948385,0,16.744807243347168
p20_hetero_None,13,fedpc_consensus,23.0,0.7012986961578682,0.7714285712081632,0.6428571427040817,17,0.5882352937716263,0.23809523803854873,0.3389830466302787,8000,0.0017173290252685547
p20_hetero_None,13,fedpc_oracle,23.0,0.7012986961578682,0.7714285712081632,0.6428571427040817,17,0.5882352937716263,0.23809523803854873,0.3389830466302787,8000,0.0016362667083740234
p20_hetero_None,13,naive,23.0,0.7012986961578682,0.7714285712081632,0.6428571427040817,0,0.0,0.0,0.0,8000,0.00032520294189453125
p20_hetero_None,13,local,23.2,0.7053635342583501,0.7553360877622308,0.6619047617471656,0,0.0,0.0,0.3050626699371222,8000,5.210755825042725
p20_hetero_None,14,centralized,9.0,0.8695652121655114,0.8108108105916727,0.9374999997070312,18,0.8888888883950616,0.49999999984375,0.639999995136,0,10.872496604919434
p20_hetero_None,14,fedpc_consensus,9.0,0.8474576218672796,0.9259259255829904,0.7812499997558594,18,0.611111110771605,0.3437499998925781,0.439999995216,8000,0.003013134002685547
p20_hetero_None,14,fedpc_oracle,9.0,0.8474576218672796,0.9259259255829904,0.7812499997558594,18,0.611111110771605,0.3437499998925781,0.439999995216,8000,0.0028357505798339844
p20_hetero_None,14,naive,9.0,0.8474576218672796,0.9259259255829904,0.7812499997558594,0,0.0,0.0,0.0,8000,0.0003638267517089844
p20_hetero_None,14,local,12.0,0.8034862758075205,0.8437087909179558,0.7687499997597655,0,0.0,0.0,0.5125958744014385,8000,4.932018518447876
p20_hetero_None,15,centralized,30.0,0.6341463363117192,0.6499999998375,0.6190476189002267,15,0.7333333328444444,0.26190476184240363,0.3859649082671591,0,29.099897384643555
p20_hetero_None,15,fedpc_consensus,24.0,0.6756756705843682,0.7812499997558594,0.5952380950963718,17,0.5882352937716263,0.23809523803854873,0.3389830466302787,8000,0.002081632614135742
p20_hetero_None,15,fedpc_oracle,24.0,0.6756756705843682,0.7812499997558594,0.5952380950963718,17,0.5882352937716263,0.23809523803854873,0.3389830466302787,8000,0.0017795562744140625
p20_hetero_None,15,naive,24.0,0.6756756705843682,0.7812499997558594,0.5952380950963718,0,0.0,0.0,0.0,8000,0.0003936290740966797
p20_hetero_None,15,local,27.0,0.643571454251417,0.7217882605450813,0.580952380814059,0,0.0,0.0,0.3812201555256007,8000,6.433605432510376
p20_hetero_None,16,centralized,23.0,0.6760563328387225,0.6857142855183673,0.6666666664814814,13,0.5384615380473372,0.1944444443904321,0.28571428169929197,0,12.463764190673828
p20_hetero_None,16,fedpc_consensus,25.0,0.60317459808516,0.7037037034430726,0.5277777776311728,18,0.3888888886728395,0.1944444443904321,0.2592592547187929,8000,0.002025127410888672
p20_hetero_None,16,fedpc_oracle,25.0,0.60317459808516,0.7037037034430726,0.5277777776311728,18,0.3888888886728395,0.1944444443904321,0.2592592547187929,8000,0.0018155574798583984
p20_hetero_None,16,naive,25.0,0.60317459808516,0.7037037034430726,0.5277777776311728,0,0.0,0.0,0.0,8000,0.00029730796813964844
p20_hetero_None,16,local,24.8,0.6202510125066591,0.6943266766680352,0.5611111109552469,0,0.0,0.0,0.372700048858646,8000,3.6449201107025146
p20_hetero_None,17,centralized,32.0,0.6279069716657654,0.5624999998828125,0.710526315602493,19,0.4736842102770083,0.23684210520083102,0.31578946912896283,0,29.84256339073181
p20_hetero_None,17,fedpc_consensus,27.0,0.630136981137174,0.657142856955102,0.605263157735457,20,0.49999999975,0.26315789466759004,0.34482758156956006,8000,0.0025708675384521484
p20_hetero_None,17,fedpc_oracle,27.0,0.630136981137174,0.657142856955102,0.605263157735457,20,0.49999999975,0.26315789466759004,0.34482758156956006,8000,0.002538442611694336
p20_hetero_None,17,naive,27.0,0.630136981137174,0.657142856955102,0.605263157735457,0,0.0,0.0,0.0,8000,0.0006246566772460938
p20_hetero_None,17,local,28.6,0.6125759132239175,0.6318699369871992,0.5947368419487534,0,0.0,0.0,0.23307912238249742,8000,6.259220123291016
p20_hetero_None,18,centralized,16.0,0.7499999947656251,0.749999999765625,0.749999999765625,17,0.7058823525259516,0.3749999998828125,0.48979591363598507,0,9.127080917358398
p20_hetero_None,18,fedpc_consensus,19.0,0.6885245849502821,0.72413793078478,0.6562499997949218,18,0.4999999997222222,0.28124999991210936,0.35999999524799997,8000,0.003285646438598633
p20_hetero_None,18,fedpc_oracle,19.0,0.6885245849502821,0.72413793078478,0.6562499997949218,18,0.4999999997222222,0.28124999991210936,0.35999999524799997,8000,0.0019631385803222656
p20_hetero_None,18,naive,19.0,0.6885245849502821,0.72413793078478,0.6562499997949218,0,0.0,0.0,0.0,8000,0.0004131793975830078
p20_hetero_None,18,local,20.2,0.6673076080973965,0.7021846493675012,0.6374999998007812,0,0.0,0.0,0.44841399672856513,8000,2.8486788272857666
p20_hetero_None,19,centralized,9.0,0.8656716365604813,0.8055555553317901,0.9354838706659729,18,0.777777777345679,0.45161290308012486,0.571428566547272,0,5.340720891952515
p20_hetero_None,19,fedpc_consensus,12.0,0.8064516076430801,0.8064516126430801,0.8064516126430801,22,0.5909090906404958,0.41935483857440164,0.4905660326949093,8000,0.002309083938598633
p20_hetero_None,19,fedpc_oracle,12.0,0.8064516076430801,0.8064516126430801,0.8064516126430801,22,0.5909090906404958,0.41935483857440164,0.4905660326949093,8000,0.0021626949310302734
p20_hetero_None,19,naive,12.0,0.8064516076430801,0.8064516126430801,0.8064516126430801,0,0.0,0.0,0.0,8000,0.0003218650817871094
p20_hetero_None,19,local,12.2,0.8024576890842028,0.8056736438541415,0.7999999997419355,0,0.0,0.0,0.522961240567773,8000,2.9194118976593018
p20_hetero_mild,0,centralized,14.0,0.7941176418641869,0.7297297295325055,0.8709677416545265,12,0.8333333326388889,0.32258064505723205,0.4651162748296377,0,16.457103729248047
p20_hetero_mild,0,fedpc_consensus,10.0,0.8333333280611112,0.8620689652199762,0.8064516126430801,20,0.5999999997,0.38709677406867843,0.47058823034217606,8000,0.0031692981719970703
p20_hetero_mild,0,fedpc_oracle,10.0,0.8333333280611112,0.8620689652199762,0.8064516126430801,20,0.5999999997,0.38709677406867843,0.47058823034217606,8000,0.0024940967559814453
p20_hetero_mild,0,naive,10.0,0.8333333280611112,0.8620689652199762,0.8064516126430801,0,0.0,0.0,0.0,8000,0.00037479400634765625
p20_hetero_mild,0,local,10.8,0.8236735360685407,0.834994437987894,0.8129032255442248,0,0.0,0.0,0.5155757502570442,8000,4.685086011886597
p20_hetero_mild,1,centralized,29.0,0.6588235242629759,0.6829268291017252,0.6363636362190083,11,0.6363636357851239,0.15909090905475207,0.2545454512528926,0,23.90423846244812
p20_hetero_mild,1,fedpc_consensus,25.0,0.6376811546145768,0.879999999648,0.4999999998863636,12,0.41666666631944443,0.1136363636105372,0.1785714251403062,8000,0.0015926361083984375
p20_hetero_mild,1,fedpc_oracle,25.0,0.6376811546145768,0.879999999648,0.4999999998863636,12,0.41666666631944443,0.1136363636105372,0.1785714251403062,8000,0.0016930103302001953
p20_hetero_mild,1,naive,25.0,0.6376811546145768,0.879999999648,0.4999999998863636,0,0.0,0.0,0.0,8000,0.00034809112548828125
p20_hetero_mild,1,local,28.4,0.5987121915437277,0.7919439178541132,0.48181818170867763,0,0.0,0.0,0.2465304905015655,8000,6.426828622817993
p20_hetero_mild,2,centralized,22.0,0.6857142805551021,0.6315789472022161,0.749999999765625,15,0.6666666662222221,0.31249999990234373,0.4255319103666817,0,14.80500602722168
p20_hetero_mild,2,fedpc_consensus,15.0,0.7368421000800246,0.839999999664,0.6562499997949218,20,0.49999999975,0.31249999990234373,0.38461537973372784,8000,0.0020906925201416016
p20_hetero_mild,2,fedpc_oracle,15.0,0.7368421000800246,0.839999999664,0.6562499997949218,20,0.49999999975,0.31249999990234373,0.38461537973372784,8000,0.0022983551025390625
p20_hetero_mild,2,naive,15.0,0.7368421000800246,0.839999999664,0.6562499997949218,0,0.0,0.0,0.0,8000,0.00028061866760253906
p20_hetero_mild,2,local,17.0,0.7231761734388453,0.7568831166240056,0.6937499997832031,0,0.0,0.0,0.4218802835963717,8000,4.685007810592651
p20_hetero_mild,3,centralized,17.0,0.7536231831884059,0.7647058821280277,0.742857142644898,21,0.7142857139455782,0.4285714284489796,0.5357142808354594,0,16.800234079360962
p20_hetero_mild,3,fedpc_consensus,16.0,0.7333333282277779,0.879999999648,0.6285714283918368,8,0.7499999990624999,0.17142857137959183,0.27906976428339647,8000,0.0021545886993408203
p20_hetero_mild,3,fedpc_oracle,16.0,0.7333333282277779,0.879999999648,0.6285714283918368,8,0.7499999990624999,0.17142857137959183,0.27906976428339647,8000,0.001615762710571289
p20_hetero_mild,3,naive,16.0,0.7333333282277779,0.879999999648,0.6285714283918368,0,0.0,0.0,0.0,8000,0.00040841102600097656
p20_hetero_mild,3,local,16.8,0.7268917880642924,0.8415140411976243,0.6399999998171427,0,0.0,0.0,0.38009894457593896,8000,5.0080060958862305
p20_hetero_mild,4,centralized,33.0,0.6117647007557094,0.5777777776493827,0.6499999998375,15,0.6666666662222221,0.2499999999375,0.3636363595371901,0,38.10571312904358
p20_hetero_mild,4,fedpc_consensus,32.0,0.5555555504629631,0.6249999998046875,0.499999999875,16,0.5624999996484374,0.22499999994375,0.3214285672321429,8000,0.0024750232696533203
p20_hetero_mild,4,fedpc_oracle,32.0,0.5555555504629631,0.6249999998046875,0.499999999875,16,0.5624999996484374,0.22499999994375,0.3214285672321429,8000,0.0033211708068847656
p20_hetero_mild,4,naive,32.0,0.5555555504629631,0.6249999998046875,0.499999999875,0,0.0,0.0,0.0,8000,0.0006277561187744141
p20_hetero_mild,4,local,32.8,0.5615188605324228,0.6037518035780861,0.52499999986875,0,0.0,0.0,0.30305976568440984,8000,8.59169054031372
p20_hetero_mild,5,centralized,19.0,0.7816091902285639,0.7555555553876543,0.8095238093310657,20,0.8499999995749999,0.40476190466553286,0.548387092226847,0,15.090008020401001
p20_hetero_mild,5,fedpc_consensus,23.0,0.7088607543342413,0.7567567565522278,0.6666666665079365,26,0.46153846136094673,0.2857142856462585,0.3529411716435986,8000,0.0028400421142578125
p20_hetero_mild,5,fedpc_oracle,23.0,0.7088607543342413,0.7567567565522278,0.6666666665079365,26,0.46153846136094673,0.2857142856462585,0.3529411716435986,8000,0.003131866455078125
p20_hetero_mild,5,naive,23.0,0.7088607543342413,0.7567567565522278,0.6666666665079365,0,0.0,0.0,0.0,8000,0.0004379749298095703
p20_hetero_mild,5,local,23.2,0.7097789953359779,0.7482658480680184,0.6761904760294785,0,0.0,0.0,0.40535658973794647,8000,4.480010271072388
p20_hetero_mild,6,centralized,6.0,0.9062499947363282,0.8529411762197232,0.9666666663444444,21,0.8571428567346938,0.5999999998,0.7058823478200692,0,3.1130337715148926
p20_hetero_mild,6,fedpc_consensus,6.0,0.8965517188347206,0.9285714282397959,0.8666666663777778,18,0.5555555552469136,0.3333333332222222,0.4166666618055556,8000,0.002000093460083008
p20_hetero_mild,6,fedpc_oracle,6.0,0.8965517188347206,0.9285714282397959,0.8666666663777778,18,0.5555555552469136,0.3333333332222222,0.4166666618055556,8000,0.0015614032745361328
p20_hetero_mild,6,naive,6.0,0.8965517188347206,0.9285714282397959,0.8666666663777778,0,0.0,0.0,0.0,8000,0.0003666877746582031
p20_hetero_mild,6,local,7.6,0.8706263382847579,0.8900300742580635,0.8533333330488888,0,0.0,0.0,0.5065337718998661,8000,1.987213134765625
p20_hetero_mild,7,centralized,6.0,0.9062499947363282,0.8529411762197232,0.9666666663444444,17,0.7647058819031142,0.4333333331888889,0.5531914845088276,0,5.101024150848389
p20_hetero_mild,7,fedpc_consensus,8.0,0.857142851862245,0.9230769227218935,0.7999999997333334,23,0.47826086935727785,0.3666666665444444,0.41509433455322176,8000,0.002955198287963867
p20_hetero_mild,7,fedpc_oracle,8.0,0.857142851862245,0.9230769227218935,0.7999999997333334,23,0.47826086935727785,0.3666666665444444,0.41509433455322176,8000,0.002691030502319336
p20_hetero_mild,7,naive,8.0,0.857142851862245,0.9230769227218935,0.7999999997333334,0,0.0,0.0,0.0,8000,0.00035834312438964844
p20_hetero_mild,7,local,8.0,0.8601577851857247,0.9061172999892632,0.8199999997266666,0,0.0,0.0,0.4703816234157814,8000,2.963076114654541
p20_hetero_mild,8,centralized,20.0,0.7368421001246537,0.6666666665079365,0.8235294115224914,17,0.5294117643944637,0.2647058822750865,0.35294117188773555,0,14.420126676559448
p20_hetero_mild,8,fedpc_consensus,21.0,0.686567158975273,0.696969696758494,0.6764705880363322,24,0.4583333331423611,0.3235294116695502,0.3793103398454221,8000,0.0034198760986328125
p20_hetero_mild,8,fedpc_oracle,21.0,0.686567158975273,0.696969696758494,0.6764705880363322,24,0.4583333331423611,0.3235294116695502,0.3793103398454221,8000,0.0031096935272216797
p20_hetero_mild,8,naive,21.0,0.686567158975273,0.696969696758494,0.6764705880363322,0,0.0,0.0,0.0,8000,0.0003960132598876953
p20_hetero_mild,8,local,21.6,0.6790568629114925,0.688439617574305,0.6705882350968858,0,0.0,0.0,0.35874583465372817,8000,3.8055765628814697
p20_hetero_mild,9,centralized,16.0,0.7714285662244899,0.8181818179338842,0.7297297295325055,17,0.5882352937716263,0.27027027019722427,0.3703703659190673,0,19.080379724502563
p20_hetero_mild,9,fedpc_consensus,17.0,0.7384615333301775,0.8571428568367346,0.6486486484733381,20,0.49999999975,0.27027027019722427,0.35087718830409365,8000,0.0025954246520996094
p20_hetero_mild,9,fedpc_oracle,17.0,0.7384615333301775,0.8571428568367346,0.6486486484733381,20,0.49999999975,0.27027027019722427,0.35087718830409365,8000,0.0031652450561523438
p20_hetero_mild,9,naive,17.0,0.7384615333301775,0.8571428568367346,0.6486486484733381,0,0.0,0.0,0.0,8000,0.0002956390380859375
p20_hetero_mild,9,local,20.2,0.6974079007713823,0.7922820620076446,0.6270270268575603,0,0.0,0.0,0.38037564731838513,8000,6.009809255599976
p20_hetero_mild,10,centralized,32.0,0.6190476139257369,0.5777777776493827,0.6666666664957265,15,0.5333333329777777,0.20512820507560814,0.2962962921742113,0,19.276370763778687
p20_hetero_mild,10,fedpc_consensus,26.0,0.6388888837461421,0.696969696758494,0.5897435895923734,18,0.3888888886728395,0.17948717944115714,0.24561403068020932,8000,0.0025823116302490234
p20_hetero_mild,10,fedpc_oracle,26.0,0.6388888837461421,0.696969696758494,0.5897435895923734,18,0.3888888886728395,0.17948717944115714,0.24561403068020932,8000,0.002118825912475586
p20_hetero_mild,10,naive,26.0,0.6388888837461421,0.696969696758494,0.5897435895923734,0,0.0,0.0,0.0,8000,0.0003788471221923828
p20_hetero_mild,10,local,25.6,0.6482949763059722,0.6986631013971298,0.605128204973044,0,0.0,0.0,0.28697265248368026,8000,5.294411897659302
p20_hetero_mild,11,centralized,22.0,0.7380952329450114,0.6888888887358025,0.7948717946679815,14,0.6428571423979591,0.23076923071005917,0.33962263749377003,0,22.794413805007935
p20_hetero_mild,11,fedpc_consensus,22.0,0.6944444392862654,0.7575757573461891,0.6410256408612754,18,0.4999999997222222,0.23076923071005917,0.31578946925207757,8000,0.002834320068359375
p20_hetero_mild,11,fedpc_oracle,22.0,0.6944444392862654,0.7575757573461891,0.6410256408612754,18,0.4999999997222222,0.23076923071005917,0.31578946925207757,8000,0.0025026798248291016
p20_hetero_mild,11,naive,22.0,0.6944444392862654,0.7575757573461891,0.6410256408612754,0,0.0,0.0,0.0,8000,0.0008387565612792969
p20_hetero_mild,11,local,23.2,0.6882447398408369,0.7239756251327658,0.656410256241946,0,0.0,0.0,0.3699425226420275,8000,5.330283164978027
p20_hetero_mild,12,centralized,11.0,0.8450704173060901,0.882352940916955,0.8108108105916727,10,0.8999999991,0.24324324317750182,0.38297871989135357,0,10.553488492965698
p20_hetero_mild,12,fedpc_consensus,12.0,0.8235294065614187,0.9032258061602497,0.7567567565522278,28,0.4285714284183673,0.32432432423666907,0.36923076421301776,8000,0.0032339096069335938
p20_hetero_mild,12,fedpc_oracle,12.0,0.8235294065614187,0.9032258061602497,0.7567567565522278,28,0.4285714284183673,0.32432432423666907,0.36923076421301776,8000,0.0033469200134277344
p20_hetero_mild,12,naive,12.0,0.8235294065614187,0.9032258061602497,0.7567567565522278,0,0.0,0.0,0.0,8000,0.00032830238342285156
p20_hetero_mild,12,local,14.8,0.785792921532423,0.8452108641410445,0.7351351349364499,0,0.0,0.0,0.40124049237800447,8000,3.3756394386291504
p20_hetero_mild,13,centralized,26.0,0.6578947317555401,0.581395348702001,0.7575757573461891,25,0.59999999976,0.4545454544077135,0.5172413742271107,0,20.313501596450806
p20_hetero_mild,13,fedpc_consensus,25.0,0.6376811542449067,0.6111111109413581,0.6666666664646465,31,0.32258064505723205,0.30303030293847566,0.31249999490722663,8000,0.0057218074798583984
p20_hetero_mild,13,fedpc_oracle,25.0,0.6376811542449067,0.6111111109413581,0.6666666664646465,31,0.32258064505723205,0.30303030293847566,0.31249999490722663,8000,0.005152702331542969
p20_hetero_mild,13,naive,25.0,0.6376811542449067,0.6111111109413581,0.6666666664646465,0,0.0,0.0,0.0,8000,0.0004937648773193359
p20_hetero_mild,13,local,24.8,0.640321997075284,0.6167359573675812,0.6666666664646463,0,0.0,0.0,0.4391640912612639,8000,5.931245803833008
p20_hetero_mild,14,centralized,27.0,0.6666666615089164,0.6428571427040817,0.6923076921301775,16,0.624999999609375,0.2564102563445102,0.3636363593785124,0,16.65030574798584
p20_hetero_mild,14,fedpc_consensus,30.0,0.5833333282060185,0.6363636361707988,0.5384615383234714,21,0.4285714283673469,0.23076923071005917,0.2999999953500001,8000,0.0028259754180908203
p20_hetero_mild,14,fedpc_oracle,30.0,0.5833333282060185,0.6363636361707988,0.5384615383234714,21,0.4285714283673469,0.23076923071005917,0.2999999953500001,8000,0.002730131149291992
p20_hetero_mild,14,naive,30.0,0.5833333282060185,0.6363636361707988,0.5384615383234714,0,0.0,0.0,0.0,8000,0.00041604042053222656
p20_hetero_mild,14,local,29.6,0.5914800463492925,0.6421952239375832,0.5487179485772518,0,0.0,0.0,0.2887544440237685,8000,4.862271785736084
p20_hetero_mild,15,centralized,13.0,0.8059701440142572,0.8181818179338842,0.7941176468252595,17,0.7058823525259516,0.352941176366782,0.47058823066512895,0,7.217880725860596
p20_hetero_mild,15,fedpc_consensus,15.0,0.7619047566943814,0.8275862066111771,0.705882352733564,24,0.7083333330381945,0.4999999998529412,0.5862068914982165,8000,0.0024259090423583984
p20_hetero_mild,15,fedpc_oracle,15.0,0.7619047566943814,0.8275862066111771,0.705882352733564,24,0.7083333330381945,0.4999999998529412,0.5862068914982165,8000,0.002820253372192383
p20_hetero_mild,15,naive,15.0,0.7619047566943814,0.8275862066111771,0.705882352733564,0,0.0,0.0,0.0,8000,0.0003898143768310547
p20_hetero_mild,15,local,15.6,0.7526602377769175,0.8149630539074652,0.6999999997941176,0,0.0,0.0,0.3812446675317753,8000,3.396263599395752
p20_hetero_mild,16,centralized,26.0,0.6829268241046996,0.6999999998249999,0.6666666665079365,13,0.8461538455029586,0.26190476184240363,0.3999999962446282,0,29.39525818824768
p20_hetero_mild,16,fedpc_consensus,20.0,0.7222222171604938,0.8666666663777778,0.6190476189002267,10,0.5999999993999999,0.14285714282312925,0.23076922757396454,8000,0.002303600311279297
p20_hetero_mild,16,fedpc_oracle,20.0,0.7222222171604938,0.8666666663777778,0.6190476189002267,10,0.5999999993999999,0.14285714282312925,0.23076922757396454,8000,0.0026404857635498047
p20_hetero_mild,16,naive,20.0,0.7222222171604938,0.8666666663777778,0.6190476189002267,0,0.0,0.0,0.0,8000,0.00040721893310546875
p20_hetero_mild,16,local,21.4,0.7109077380906426,0.8209121619053917,0.6285714284217687,0,0.0,0.0,0.2744014677475733,8000,7.804673433303833
p20_hetero_mild,17,centralized,19.0,0.7594936656946002,0.7499999998125,0.7692307690335306,12,0.666666666111111,0.20512820507560814,0.31372548647443294,0,19.68455410003662
p20_hetero_mild,17,fedpc_consensus,20.0,0.7222222170563273,0.7878787876400367,0.6666666664957265,13,0.6923076917751478,0.23076923071005917,0.34615384227071005,8000,0.0023238658905029297
p20_hetero_mild,17,fedpc_oracle,20.0,0.7222222170563273,0.7878787876400367,0.6666666664957265,13,0.6923076917751478,0.23076923071005917,0.34615384227071005,8000,0.0023779869079589844
p20_hetero_mild,17,naive,20.0,0.7222222170563273,0.7878787876400367,0.6666666664957265,0,0.0,0.0,0.0,8000,0.00047469139099121094
p20_hetero_mild,17,local,22.2,0.6932399148437274,0.7556517942131891,0.6410256408612754,0,0.0,0.0,0.2983805143978511,8000,5.465562582015991
p20_hetero_mild,18,centralized,35.0,0.6153846102644609,0.5833333332118056,0.6511627905462412,17,0.4117647056401384,0.1627906976365603,0.23333332919444452,0,40.1180477142334
p20_hetero_mild,18,fedpc_consensus,33.0,0.5599999949582223,0.6562499997949218,0.4883720929096809,19,0.4210526313573407,0.18604651158464033,0.2580645117950052,8000,0.002135038375854492
p20_hetero_mild,18,fedpc_oracle,33.0,0.5599999949582223,0.6562499997949218,0.4883720929096809,19,0.4210526313573407,0.18604651158464033,0.2580645117950052,8000,0.0022356510162353516
p20_hetero_mild,18,naive,33.0,0.5599999949582223,0.6562499997949218,0.4883720929096809,0,0.0,0.0,0.0,8000,0.0003426074981689453
p20_hetero_mild,18,local,32.4,0.5840558589660179,0.6518004661562905,0.5302325580162249,0,0.0,0.0,0.24071893595445593,8000,7.234554052352905
p20_hetero_mild,19,centralized,36.0,0.5813953437128179,0.6097560974122546,0.5555555554320988,8,0.6249999992187499,0.11111111108641974,0.18867924264862945,0,42.448089838027954
p20_hetero_mild,19,fedpc_consensus,35.0,0.5454545404553888,0.6562499997949218,0.46666666656296296,13,0.30769230745562126,0.0888888888691358,0.1379310309571939,8000,0.002136707305908203
p20_hetero_mild,19,fedpc_oracle,35.0,0.5454545404553888,0.6562499997949218,0.46666666656296296,13,0.30769230745562126,0.0888888888691358,0.1379310309571939,8000,0.002496480941772461
p20_hetero_mild,19,naive,35.0,0.5454545404553888,0.6562499997949218,0.46666666656296296,0,0.0,0.0,0.0,8000,0.0003478527069091797
p20_hetero_mild,19,local,36.2,0.541765631624678,0.6311662693767903,0.47555555544987654,0,0.0,0.0,0.12952600961338545,8000,7.915213346481323
p20_hetero_strong,0,centralized,27.0,0.6493506442030698,0.6944444442515432,0.6097560974122546,8,0.49999999937499995,0.09756097558596073,0.16326530332361516,0,22.564899682998657
p20_hetero_strong,0,fedpc_consensus,28.0,0.5999999949755103,0.72413793078478,0.5121951218262939,13,0.3846153843195266,0.12195121948245093,0.1851851814609054,8000,0.001861572265625
p20_hetero_strong,0,fedpc_oracle,28.0,0.5999999949755103,0.72413793078478,0.5121951218262939,13,0.3846153843195266,0.12195121948245093,0.1851851814609054,8000,0.002471446990966797
p20_hetero_strong,0,naive,28.0,0.5999999949755103,0.72413793078478,0.5121951218262939,0,0.0,0.0,0.0,8000,0.00029659271240234375
p20_hetero_strong,0,local,28.8,0.5954862604358451,0.7027092931614,0.517073170605592,0,0.0,0.0,0.2144613361572309,8000,4.835984706878662
p20_hetero_strong,1,centralized,24.0,0.6999999949375001,0.6086956520415879,0.8235294115224914,16,0.624999999609375,0.29411764697231835,0.399999995488,0,12.452249765396118
p20_hetero_strong,1,fedpc_consensus,20.0,0.7058823477335641,0.705882352733564,0.705882352733564,24,0.5416666664409722,0.38235294106401385,0.44827585706302026,8000,0.002917051315307617
p20_hetero_strong,1,fedpc_oracle,20.0,0.7058823477335641,0.705882352733564,0.705882352733564,24,0.5416666664409722,0.38235294106401385,0.44827585706302026,8000,0.003011465072631836
p20_hetero_strong,1,naive,20.0,0.7058823477335641,0.705882352733564,0.705882352733564,0,0.0,0.0,0.0,8000,0.0005056858062744141
p20_hetero_strong,1,local,20.8,0.7027347037121071,0.6836134186243934,0.7235294115519031,0,0.0,0.0,0.4145500580206255,8000,3.733610153198242
p20_hetero_strong,2,centralized,11.0,0.8493150632689059,0.815789473469529,0.8857142854612244,13,0.8461538455029586,0.3142857141959184,0.4583333291927084,0,5.760637283325195
p20_hetero_strong,2,fedpc_consensus,13.0,0.8059701440231678,0.8437499997363281,0.7714285712081632,23,0.347826086805293,0.22857142850612244,0.2758620640844234,8000,0.002222299575805664
p20_hetero_strong,2,fedpc_oracle,13.0,0.8059701440231678,0.8437499997363281,0.7714285712081632,23,0.347826086805293,0.22857142850612244,0.2758620640844234,8000,0.0032656192779541016
p20_hetero_strong,2,naive,13.0,0.8059701440231678,0.8437499997363281,0.7714285712081632,0,0.0,0.0,0.0,8000,0.0004038810729980469
p20_hetero_strong,2,local,13.2,0.8048017436053474,0.836393853272685,0.7771428569208163,0,0.0,0.0,0.49792470932025107,8000,2.468684434890747
p20_hetero_strong,3,centralized,12.0,0.7999999947555555,0.749999999765625,0.8571428568367346,15,0.7999999994666667,0.4285714284183673,0.558139530081125,0,4.701078653335571
p20_hetero_strong,3,fedpc_consensus,11.0,0.7999999947107439,0.8148148145130315,0.7857142854336735,24,0.5416666664409722,0.46428571411989794,0.4999999948372782,8000,0.0030536651611328125
p20_hetero_strong,3,fedpc_oracle,11.0,0.7999999947107439,0.8148148145130315,0.7857142854336735,24,0.5416666664409722,0.46428571411989794,0.4999999948372782,8000,0.0025777816772460938
p20_hetero_strong,3,naive,11.0,0.7999999947107439,0.8148148145130315,0.7857142854336735,0,0.0,0.0,0.0,8000,0.00033164024353027344
p20_hetero_strong,3,local,11.8,0.7882326976893246,0.7914782532619598,0.7857142854336734,0,0.0,0.0,0.5244599639408222,8000,2.67677640914917
p20_hetero_strong,4,centralized,27.0,0.6823529360166091,0.6904761903117914,0.6744186044943212,15,0.6666666662222221,0.23255813948080042,0.3448275822532699,0,20.813345193862915
p20_hetero_strong,4,fedpc_consensus,25.0,0.6666666615964445,0.7812499997558594,0.581395348702001,17,0.5882352937716263,0.23255813948080042,0.33333332916111114,8000,0.004110097885131836
p20_hetero_strong,4,fedpc_oracle,25.0,0.6666666615964445,0.7812499997558594,0.581395348702001,17,0.5882352937716263,0.23255813948080042,0.33333332916111114,8000,0.003665447235107422
p20_hetero_strong,4,naive,25.0,0.6666666615964445,0.7812499997558594,0.581395348702001,0,0.0,0.0,0.0,8000,0.0007429122924804688
p20_hetero_strong,4,local,22.0,0.7100132693010891,0.8182107840650115,0.6279069765981612,0,0.0,0.0,0.2985508002538469,8000,5.374971389770508
p20_hetero_strong,5,centralized,21.0,0.7341772100240348,0.6904761903117914,0.7837837835719503,13,0.6923076917751478,0.24324324317750182,0.35999999600800003,0,8.411344528198242
p20_hetero_strong,5,fedpc_consensus,22.0,0.6764705830752595,0.7419354836316336,0.6216216214536158,17,0.5882352937716263,0.27027027019722427,0.3703703659190673,8000,0.0030574798583984375
p20_hetero_strong,5,fedpc_oracle,22.0,0.6764705830752595,0.7419354836316336,0.6216216214536158,17,0.5882352937716263,0.27027027019722427,0.3703703659190673,8000,0.0028786659240722656
p20_hetero_strong,5,naive,22.0,0.6764705830752595,0.7419354836316336,0.6216216214536158,0,0.0,0.0,0.0,8000,0.00036525726318359375
p20_hetero_strong,5,local,21.6,0.6899484025847388,0.7387343257903257,0.6486486484733383,0,0.0,0.0,0.31124191381885324,8000,3.187342882156372
p20_hetero_strong,6,centralized,24.0,0.6363636312121214,0.5833333331712963,0.6999999997666666,21,0.6666666663492063,0.4666666665111111,0.5490196027835449,0,16.998253345489502
p20_hetero_strong,6,fedpc_consensus,20.0,0.6551724085731272,0.6785714283290816,0.6333333331222222,9,0.4444444439506172,0.13333333328888888,0.20512820147271535,8000,0.0018472671508789062
p20_hetero_strong,6,fedpc_oracle,20.0,0.6551724085731272,0.6785714283290816,0.6333333331222222,9,0.4444444439506172,0.13333333328888888,0.20512820147271535,8000,0.0021812915802001953
p20_hetero_strong,6,naive,20.0,0.6551724085731272,0.6785714283290816,0.6333333331222222,0,0.0,0.0,0.0,8000,0.0005667209625244141
p20_hetero_strong,6,local,21.2,0.6394246327557321,0.6547475510698909,0.6266666664577778,0,0.0,0.0,0.2659829023310417,8000,4.483745813369751
p20_hetero_strong,7,centralized,26.0,0.6976744134667389,0.6521739129017013,0.7499999998125,4,0.49999999875,0.0499999999875,0.09090908921487605,0,19.005210638046265
p20_hetero_strong,7,fedpc_consensus,22.0,0.7027026975456537,0.7647058821280277,0.6499999998375,19,0.4210526313573407,0.19999999995,0.2711864362194772,8000,0.0023779869079589844
p20_hetero_strong,7,fedpc_oracle,22.0,0.7027026975456537,0.7647058821280277,0.6499999998375,19,0.4210526313573407,0.19999999995,0.2711864362194772,8000,0.0025162696838378906
p20_hetero_strong,7,naive,22.0,0.7027026975456537,0.7647058821280277,0.6499999998375,0,0.0,0.0,0.0,8000,0.00037217140197753906
p20_hetero_strong,7,local,22.2,0.6924657482914258,0.7763257573346479,0.62499999984375,0,0.0,0.0,0.3365921101198975,8000,5.355600118637085
p20_hetero_strong,8,centralized,27.0,0.6301369811747044,0.5749999998562499,0.696969696758494,13,0.5384615380473372,0.21212121205693296,0.304347821899811,0,23.228838682174683
p20_hetero_strong,8,fedpc_consensus,25.0,0.603174597994457,0.6333333331222222,0.5757575755831037,18,0.16666666657407406,0.0909090908815427,0.11764705420991943,8000,0.0029664039611816406
p20_hetero_strong,8,fedpc_oracle,25.0,0.603174597994457,0.6333333331222222,0.5757575755831037,18,0.16666666657407406,0.0909090908815427,0.11764705420991943,8000,0.0029785633087158203
p20_hetero_strong,8,naive,25.0,0.603174597994457,0.6333333331222222,0.5757575755831037,0,0.0,0.0,0.0,8000,0.00045871734619140625
p20_hetero_strong,8,local,26.6,0.5958447874256338,0.5994117645215564,0.5939393937594122,0,0.0,0.0,0.2700913100088397,8000,5.42883825302124
p20_hetero_strong,9,centralized,33.0,0.6117647007723185,0.6666666664957265,0.5652173911814745,12,0.8333333326388889,0.2173913043005671,0.34482758280618314,0,46.25592613220215
p20_hetero_strong,9,fedpc_consensus,26.0,0.6666666616568049,0.8124999997460938,0.5652173911814745,15,0.3333333331111111,0.10869565215028355,0.16393442246707882,8000,0.0027022361755371094
p20_hetero_strong,9,fedpc_oracle,26.0,0.6666666616568049,0.8124999997460938,0.5652173911814745,15,0.3333333331111111,0.10869565215028355,0.16393442246707882,8000,0.0022568702697753906
p20_hetero_strong,9,naive,26.0,0.6666666616568049,0.8124999997460938,0.5652173911814745,0,0.0,0.0,0.0,8000,0.0006077289581298828
p20_hetero_strong,9,local,28.6,0.6416392534958172,0.7580172521307678,0.5565217390094518,0,0.0,0.0,0.22948592208112295,8000,8.101402521133423
p20_hetero_strong,10,centralized,21.0,0.7341772100240348,0.6904761903117914,0.7837837835719503,12,0.749999999375,0.24324324317750182,0.3673469349271137,0,23.888054370880127
p20_hetero_strong,10,fedpc_consensus,22.0,0.6666666615381084,0.7586206893935791,0.5945945944338933,18,0.3888888886728395,0.18918918913805696,0.25454545004958684,8000,0.002223968505859375
p20_hetero_strong,10,fedpc_oracle,22.0,0.6666666615381084,0.7586206893935791,0.5945945944338933,18,0.3888888886728395,0.18918918913805696,0.25454545004958684,8000,0.0027430057525634766
p20_hetero_strong,10,naive,22.0,0.6666666615381084,0.7586206893935791,0.5945945944338933,0,0.0,0.0,0.0,8000,0.0002899169921875
p20_hetero_strong,10,local,22.4,0.6691845711443701,0.7421280481069037,0.6108108106457267,0,0.0,0.0,0.30513002013679846,8000,6.812431335449219
p20_hetero_strong,11,centralized,16.0,0.7837837786632579,0.6904761903117914,0.9062499997167969,20,0.6999999996499999,0.43749999986328125,0.5384615335207101,0,8.671032667160034
p20_hetero_strong,11,fedpc_consensus,19.0,0.6984126931922399,0.7096774191259105,0.6874999997851562,18,0.6666666662962962,0.3749999998828125,0.4799999952000001,8000,0.0023865699768066406
p20_hetero_strong,11,fedpc_oracle,19.0,0.6984126931922399,0.7096774191259105,0.6874999997851562,18,0.6666666662962962,0.3749999998828125,0.4799999952000001,8000,0.0024068355560302734
p20_hetero_strong,11,naive,19.0,0.6984126931922399,0.7096774191259105,0.6874999997851562,0,0.0,0.0,0.0,8000,0.00046253204345703125
p20_hetero_strong,11,local,19.4,0.7021742747561988,0.6929578036337967,0.7124999997773438,0,0.0,0.0,0.5295264867343674,8000,3.3617451190948486
p20_hetero_strong,12,centralized,42.0,0.5882352890023069,0.5882352940023068,0.5882352940023068,5,0.1999999996,0.019607843133410227,0.035714284075255176,0,36.525752782821655
p20_hetero_strong,12,fedpc_consensus,39.0,0.5063291092196764,0.7142857140306123,0.39215686266820454,11,0.3636363633057851,0.07843137253364091,0.12903225510405836,8000,0.002592802047729492
p20_hetero_strong,12,fedpc_oracle,39.0,0.5063291092196764,0.7142857140306123,0.39215686266820454,11,0.3636363633057851,0.07843137253364091,0.12903225510405836,8000,0.0021004676818847656
p20_hetero_strong,12,naive,39.0,0.5063291092196764,0.7142857140306123,0.39215686266820454,0,0.0,0.0,0.0,8000,0.0005116462707519531
p20_hetero_strong,12,local,41.6,0.4924610767675901,0.6542596346747767,0.39607843129488657,0,0.0,0.0,0.14380077744012706,8000,7.896128177642822
p20_hetero_strong,13,centralized,26.0,0.6904761853231293,0.72499999981875,0.6590909089411157,12,0.666666666111111,0.1818181817768595,0.2857142822448979,0,37.389230728149414
p20_hetero_strong,13,fedpc_consensus,32.0,0.5675675625931337,0.6999999997666666,0.47727272716425617,10,0.3999999996,0.09090909088842974,0.14814814507544588,8000,0.0029528141021728516
p20_hetero_strong,13,fedpc_oracle,32.0,0.5675675625931337,0.6999999997666666,0.47727272716425617,10,0.3999999996,0.09090909088842974,0.14814814507544588,8000,0.0026197433471679688
p20_hetero_strong,13,naive,32.0,0.5675675625931337,0.6999999997666666,0.47727272716425617,0,0.0,0.0,0.0,8000,0.0004687309265136719
p20_hetero_strong,13,local,34.0,0.5486717436793089,0.6648179269550882,0.46818181807541326,0,0.0,0.0,0.19752226336705073,8000,7.802761554718018
p20_hetero_strong,14,centralized,24.0,0.6666666615162038,0.6153846152268244,0.7272727270523416,9,0.6666666659259258,0.1818181817630854,0.28571428221088435,0,16.78775119781494
p20_hetero_strong,14,fedpc_consensus,27.0,0.5263157844136658,0.6249999997395833,0.4545454544077135,10,0.5999999993999999,0.1818181817630854,0.2790697637425636,8000,0.0016338825225830078
p20_hetero_strong,14,fedpc_oracle,27.0,0.5263157844136658,0.6249999997395833,0.4545454544077135,10,0.5999999993999999,0.1818181817630854,0.2790697637425636,8000,0.0016846656799316406
p20_hetero_strong,14,naive,27.0,0.5263157844136658,0.6249999997395833,0.4545454544077135,0,0.0,0.0,0.0,8000,0.00026679039001464844
p20_hetero_strong,14,local,27.2,0.5668181766593724,0.5992614313164012,0.5393939392304866,0,0.0,0.0,0.23870508707498922,8000,4.481998443603516
p20_hetero_strong,15,centralized,13.0,0.7999999947550297,0.8124999997460938,0.7878787876400367,20,0.7999999996,0.48484848470156106,0.6037735799786402,0,7.808347940444946
p20_hetero_strong,15,fedpc_consensus,14.0,0.7666666614611112,0.8518518515363511,0.696969696758494,21,0.38095238077097504,0.24242424235078053,0.2962962914334706,8000,0.0025932788848876953
p20_hetero_strong,15,fedpc_oracle,14.0,0.7666666614611112,0.8518518515363511,0.696969696758494,21,0.38095238077097504,0.24242424235078053,0.2962962914334706,8000,0.002396106719970703
p20_hetero_strong,15,naive,14.0,0.7666666614611112,0.8518518515363511,0.696969696758494,0,0.0,0.0,0.0,8000,0.00032258033752441406
p20_hetero_strong,15,local,15.4,0.7524581717730393,0.8017569783786407,0.7090909088760331,0,0.0,0.0,0.4025136732933373,8000,3.8204493522644043
p20_hetero_strong,16,centralized,24.0,0.7073170680011899,0.6904761903117914,0.72499999981875,9,0.6666666659259258,0.1499999999625,0.2448979560849646,0,31.162020683288574
p20_hetero_strong,16,fedpc_consensus,22.0,0.6857142806204082,0.7999999997333334,0.59999999985,18,0.4999999997222222,0.22499999994375,0.31034482319857315,8000,0.002330303192138672
p20_hetero_strong,16,fedpc_oracle,22.0,0.6857142806204082,0.7999999997333334,0.59999999985,18,0.4999999997222222,0.22499999994375,0.31034482319857315,8000,0.0021317005157470703
p20_hetero_strong,16,naive,22.0,0.6857142806204082,0.7999999997333334,0.59999999985,0,0.0,0.0,0.0,8000,0.0003209114074707031
p20_hetero_strong,16,local,22.0,0.6944308777029988,0.7828978444008843,0.62499999984375,0,0.0,0.0,0.3611424470776723,8000,6.769680738449097
p20_hetero_strong,17,centralized,28.0,0.6315789422333796,0.6857142855183673,0.5853658535157644,12,0.666666666111111,0.19512195117192146,0.30188678883588466,0,18.319039344787598
p20_hetero_strong,17,fedpc_consensus,28.0,0.6111111060378087,0.7096774191259105,0.536585365722784,20,0.249999999875,0.12195121948245093,0.16393442176834197,8000,0.0025246143341064453
p20_hetero_strong,17,fedpc_oracle,28.0,0.6111111060378087,0.7096774191259105,0.536585365722784,20,0.249999999875,0.12195121948245093,0.16393442176834197,8000,0.0025229454040527344
p20_hetero_strong,17,naive,28.0,0.6111111060378087,0.7096774191259105,0.536585365722784,0,0.0,0.0,0.0,8000,0.0013225078582763672
p20_hetero_strong,17,local,28.2,0.614028528813322,0.7031635316484254,0.5463414632813801,0,0.0,0.0,0.18479495691082073,8000,5.366282224655151
p20_hetero_strong,18,centralized,19.0,0.7532467480721876,0.7073170729982153,0.8055555553317901,20,0.749999999625,0.41666666655092593,0.5357142809311225,0,14.016277313232422
p20_hetero_strong,18,fedpc_consensus,14.0,0.7999999947755104,0.8235294115224914,0.7777777775617284,25,0.59999999976,0.41666666655092593,0.4918032736898684,8000,0.002593517303466797
p20_hetero_strong,18,fedpc_oracle,14.0,0.7999999947755104,0.8235294115224914,0.7777777775617284,25,0.59999999976,0.41666666655092593,0.4918032736898684,8000,0.002153635025024414
p20_hetero_strong,18,naive,14.0,0.7999999947755104,0.8235294115224914,0.7777777775617284,0,0.0,0.0,0.0,8000,0.0004420280456542969
p20_hetero_strong,18,local,15.4,0.7792282658022203,0.8050727864517805,0.755555555345679,0,0.0,0.0,0.5538690074489956,8000,5.016870975494385
p20_hetero_strong,19,centralized,9.0,0.8474576218442976,0.8064516126430801,0.8928571425382653,15,0.5333333329777777,0.2857142856122449,0.37209301853975124,0,4.774689435958862
p20_hetero_strong,19,fedpc_consensus,9.0,0.8421052578639582,0.8275862066111771,0.8571428568367346,21,0.6190476187528344,0.46428571411989794,0.5306122397834236,8000,0.002608776092529297
p20_hetero_strong,19,fedpc_oracle,9.0,0.8421052578639582,0.8275862066111771,0.8571428568367346,21,0.6190476187528344,0.46428571411989794,0.5306122397834236,8000,0.002429485321044922
p20_hetero_strong,19,naive,9.0,0.8421052578639582,0.8275862066111771,0.8571428568367346,0,0.0,0.0,0.0,8000,0.00034117698669433594
p20_hetero_strong,19,local,10.4,0.816166875706666,0.8120342411683836,0.8214285711352041,0,0.0,0.0,0.40558205577043055,8000,2.5034658908843994
p20_tau0.3,0,centralized,23.0,0.7228915610974018,0.6976744184424013,0.7499999998125,19,0.6842105259556787,0.32499999991875,0.44067796158575134,0,25.17521572113037
p20_tau0.3,0,fedpc_consensus,22.0,0.7179487127679159,0.7368421050692521,0.6999999998249999,25,0.519999999792,0.32499999991875,0.3999999951431953,8000,0.0022439956665039062
p20_tau0.3,0,fedpc_oracle,22.0,0.7179487127679159,0.7368421050692521,0.6999999998249999,25,0.519999999792,0.32499999991875,0.3999999951431953,8000,0.0023183822631835938
p20_tau0.3,0,naive,22.0,0.7179487127679159,0.7368421050692521,0.6999999998249999,0,0.0,0.0,0.0,8000,0.00035309791564941406
p20_tau0.3,0,local,24.0,0.6703402773715343,0.7451449981425824,0.6099999998474999,0,0.0,0.0,0.3436301020649858,8000,6.052459239959717
p20_tau0.3,1,centralized,48.0,0.4666666615728396,0.44680851054323223,0.4883720929096809,11,0.45454545413223135,0.11627906974040021,0.185185181872428,0,50.12723708152771
p20_tau0.3,1,fedpc_consensus,41.0,0.5176470537024223,0.5238095236848073,0.5116279068577609,20,0.34999999982499996,0.1627906976365603,0.22222221781809023,8000,0.0032536983489990234
p20_tau0.3,1,fedpc_oracle,41.0,0.5176470537024223,0.5238095236848073,0.5116279068577609,20,0.34999999982499996,0.1627906976365603,0.22222221781809023,8000,0.003443002700805664
p20_tau0.3,1,naive,41.0,0.5176470537024223,0.5238095236848073,0.5116279068577609,0,0.0,0.0,0.0,8000,0.00043892860412597656
p20_tau0.3,1,local,38.0,0.5220071675229485,0.5781160791581426,0.4790697673304489,0,0.0,0.0,0.24053160517382635,8000,9.213499546051025
p20_tau0.3,2,centralized,36.0,0.560975604666865,0.6216216214536158,0.5111111109975308,8,0.37499999953124996,0.06666666665185185,0.11320754456390181,0,50.080087661743164
p20_tau0.3,2,fedpc_consensus,44.0,0.4883720879204976,0.5121951218262939,0.46666666656296296,20,0.249999999875,0.11111111108641974,0.15384614953846165,8000,0.0027856826782226562
p20_tau0.3,2,fedpc_oracle,44.0,0.4883720879204976,0.5121951218262939,0.46666666656296296,20,0.249999999875,0.11111111108641974,0.15384614953846165,8000,0.003663301467895508
p20_tau0.3,2,naive,44.0,0.4883720879204976,0.5121951218262939,0.46666666656296296,0,0.0,0.0,0.0,8000,0.0003879070281982422
p20_tau0.3,2,local,41.6,0.4803328942311148,0.5501196840793717,0.4266666665718518,0,0.0,0.0,0.0951894723565597,8000,9.307716846466064
p20_tau0.3,3,centralized,15.0,0.7999999948088891,0.7499999998125,0.8571428568979592,10,0.7999999992,0.22857142850612244,0.3555555519407408,0,9.0723237991333
p20_tau0.3,3,fedpc_consensus,14.0,0.7878787826584023,0.8387096771488033,0.742857142644898,23,0.6086956519092628,0.3999999998857143,0.4827586157372177,8000,0.003374338150024414
p20_tau0.3,3,fedpc_oracle,14.0,0.7878787826584023,0.8387096771488033,0.742857142644898,23,0.6086956519092628,0.3999999998857143,0.4827586157372177,8000,0.003203868865966797
p20_tau0.3,3,naive,14.0,0.7878787826584023,0.8387096771488033,0.742857142644898,0,0.0,0.0,0.0,8000,0.0005831718444824219
p20_tau0.3,3,local,16.2,0.7504823571890872,0.8153981499626111,0.6971428569436734,0,0.0,0.0,0.4174619060787549,8000,3.432356357574463
p20_tau0.3,4,centralized,29.0,0.6666666615933413,0.5918367345730945,0.763157894536011,15,0.9333333327111111,0.36842105253462604,0.5283018825347099,0,12.650465488433838
p20_tau0.3,4,fedpc_consensus,24.0,0.6756756704967128,0.6944444442515432,0.657894736668975,21,0.7142857139455782,0.39473684200138504,0.5084745715139329,8000,0.002545595169067383
p20_tau0.3,4,fedpc_oracle,24.0,0.6756756704967128,0.6944444442515432,0.657894736668975,21,0.7142857139455782,0.39473684200138504,0.5084745715139329,8000,0.0028846263885498047
p20_tau0.3,4,naive,24.0,0.6756756704967128,0.6944444442515432,0.657894736668975,0,0.0,0.0,0.0,8000,0.00054931640625
p20_tau0.3,4,local,24.8,0.6513746929603157,0.6990730356502567,0.6105263156288088,0,0.0,0.0,0.42747060688045646,8000,4.447540760040283
p20_tau0.3,5,centralized,34.0,0.595238090096372,0.5952380950963718,0.5952380950963718,11,0.6363636357851239,0.16666666662698412,0.26415094000711997,0,20.733081817626953
p20_tau0.3,5,fedpc_consensus,30.0,0.6153846102564103,0.6666666664814814,0.571428571292517,15,0.39999999973333333,0.14285714282312925,0.21052631183748852,8000,0.002180337905883789
p20_tau0.3,5,fedpc_oracle,30.0,0.6153846102564103,0.6666666664814814,0.571428571292517,15,0.39999999973333333,0.14285714282312925,0.21052631183748852,8000,0.0019404888153076172
p20_tau0.3,5,naive,30.0,0.6153846102564103,0.6666666664814814,0.571428571292517,0,0.0,0.0,0.0,8000,0.0003323554992675781
p20_tau0.3,5,local,31.8,0.5735256958577123,0.6571453212692264,0.5095238094024943,0,0.0,0.0,0.1698606053276015,8000,6.092357635498047
p20_tau0.3,6,centralized,35.0,0.6067415678979927,0.6136363634969008,0.5999999998666666,15,0.7999999994666667,0.2666666666074074,0.39999999611666676,0,36.60279893875122
p20_tau0.3,6,fedpc_consensus,27.0,0.6666666615637861,0.7499999997916666,0.5999999998666666,11,0.3636363633057851,0.0888888888691358,0.14285713964923477,8000,0.0026667118072509766
p20_tau0.3,6,fedpc_oracle,27.0,0.6666666615637861,0.7499999997916666,0.5999999998666666,11,0.3636363633057851,0.0888888888691358,0.14285713964923477,8000,0.002286195755004883
p20_tau0.3,6,naive,27.0,0.6666666615637861,0.7499999997916666,0.5999999998666666,0,0.0,0.0,0.0,8000,0.0005855560302734375
p20_tau0.3,6,local,30.4,0.6118769256945711,0.7188326232537511,0.5333333332148148,0,0.0,0.0,0.2850398689696251,8000,6.323129415512085
p20_tau0.3,7,centralized,19.0,0.7323943610394764,0.6666666664957265,0.8124999997460938,10,0.8999999991,0.28124999991210936,0.42857142473922905,0,12.86207365989685
p20_tau0.3,7,fedpc_consensus,22.0,0.6857142805551021,0.6315789472022161,0.749999999765625,20,0.449999999775,0.28124999991210936,0.3461538412869823,8000,0.00197601318359375
p20_tau0.3,7,fedpc_oracle,22.0,0.6857142805551021,0.6315789472022161,0.749999999765625,20,0.449999999775,0.28124999991210936,0.3461538412869823,8000,0.0018391609191894531
p20_tau0.3,7,naive,22.0,0.6857142805551021,0.6315789472022161,0.749999999765625,0,0.0,0.0,0.0,8000,0.0003979206085205078
p20_tau0.3,7,local,21.4,0.6707108635302154,0.661096934174069,0.6812499997871093,0,0.0,0.0,0.34762018168444114,8000,3.6339635848999023
p20_tau0.3,8,centralized,38.0,0.5681818130630166,0.5952380950963718,0.5434782607514178,8,0.37499999953124996,0.06521739129017014,0.11111110854595342,0,33.456254959106445
p20_tau0.3,8,fedpc_consensus,42.0,0.5116279018820985,0.5499999998625,0.47826086946124763,9,0.4444444439506172,0.08695652172022685,0.14545454266446287,8000,0.0015947818756103516
p20_tau0.3,8,fedpc_oracle,42.0,0.5116279018820985,0.5499999998625,0.47826086946124763,9,0.4444444439506172,0.08695652172022685,0.14545454266446287,8000,0.0017821788787841797
p20_tau0.3,8,naive,42.0,0.5116279018820985,0.5499999998625,0.47826086946124763,0,0.0,0.0,0.0,8000,0.0009024143218994141
p20_tau0.3,8,local,37.4,0.5361687434597314,0.6276059589162043,0.46956521728922496,0,0.0,0.0,0.11785336196786264,8000,7.708766460418701
p20_tau0.3,9,centralized,50.0,0.4791666615668403,0.47916666656684026,0.47916666656684026,12,0.41666666631944443,0.10416666664496528,0.16666666341111117,0,37.97625017166138
p20_tau0.3,9,fedpc_consensus,41.0,0.5591397798311945,0.5777777776493827,0.5416666665538195,31,0.41935483857440164,0.2708333332769097,0.32911391919884636,8000,0.07413172721862793
p20_tau0.3,9,fedpc_oracle,41.0,0.5591397798311945,0.5777777776493827,0.5416666665538195,31,0.41935483857440164,0.2708333332769097,0.32911391919884636,8000,0.005158185958862305
p20_tau0.3,9,naive,41.0,0.5591397798311945,0.5777777776493827,0.5416666665538195,0,0.0,0.0,0.0,8000,0.0006902217864990234
p20_tau0.3,9,local,38.4,0.5571870913560182,0.624592556943574,0.504166666561632,0,0.0,0.0,0.27217878291641434,8000,8.147106409072876
p20_tau0.3,10,centralized,42.0,0.5624999949023438,0.5999999998666666,0.5294117646020761,8,0.6249999992187499,0.09803921566705114,0.1694915230221201,0,30.865623950958252
p20_tau0.3,10,fedpc_consensus,45.0,0.48275861572730877,0.5833333331712963,0.4117647058016148,15,0.46666666635555554,0.13725490193387158,0.2121212085445363,8000,0.0026793479919433594
p20_tau0.3,10,fedpc_oracle,45.0,0.48275861572730877,0.5833333331712963,0.4117647058016148,15,0.46666666635555554,0.13725490193387158,0.2121212085445363,8000,0.002228975296020508
p20_tau0.3,10,naive,45.0,0.48275861572730877,0.5833333331712963,0.4117647058016148,0,0.0,0.0,0.0,8000,0.0005142688751220703
p20_tau0.3,10,local,43.0,0.4915791668955591,0.6216033680202483,0.40784313717493276,0,0.0,0.0,0.19075662378093067,8000,8.321928977966309
p20_tau0.3,11,centralized,29.0,0.6419753035208048,0.5909090907747934,0.702702702512783,10,0.5999999993999999,0.16216216211833454,0.25531914547759166,0,19.861120223999023
p20_tau0.3,11,fedpc_consensus,23.0,0.6760563328466574,0.705882352733564,0.6486486484733381,16,0.5624999996484374,0.24324324317750182,0.33962263716625135,8000,0.0021462440490722656
p20_tau0.3,11,fedpc_oracle,23.0,0.6760563328466574,0.705882352733564,0.6486486484733381,16,0.5624999996484374,0.24324324317750182,0.33962263716625135,8000,0.0018947124481201172
p20_tau0.3,11,naive,23.0,0.6760563328466574,0.705882352733564,0.6486486484733381,0,0.0,0.0,0.0,8000,0.0003731250762939453
p20_tau0.3,11,local,23.2,0.6663053657478671,0.7126351349152268,0.6270270268575603,0,0.0,0.0,0.30295044028546037,8000,4.983952045440674
p20_tau0.3,12,centralized,14.0,0.810810805595325,0.7894736840027701,0.8333333331018519,14,0.7142857137755102,0.2777777777006173,0.399999995808,0,22.104114770889282
p20_tau0.3,12,fedpc_consensus,16.0,0.7777777725617284,0.7777777775617284,0.7777777775617284,21,0.4285714283673469,0.24999999993055555,0.31578946891966764,8000,0.0032913684844970703
p20_tau0.3,12,fedpc_oracle,16.0,0.7777777725617284,0.7777777775617284,0.7777777775617284,21,0.4285714283673469,0.24999999993055555,0.31578946891966764,8000,0.0030400753021240234
p20_tau0.3,12,naive,16.0,0.7777777725617284,0.7777777775617284,0.7777777775617284,0,0.0,0.0,0.0,8000,0.0006129741668701172
p20_tau0.3,12,local,15.2,0.7750202666033162,0.8292693057001106,0.7277777775756172,0,0.0,0.0,0.3536973473025876,8000,5.873742580413818
p20_tau0.3,13,centralized,15.0,0.7761193977812431,0.7222222220216049,0.8387096771488033,12,0.8333333326388889,0.32258064505723205,0.4651162748296377,0,11.710464239120483
p20_tau0.3,13,fedpc_consensus,11.0,0.8135593167710429,0.8571428568367346,0.7741935481373569,21,0.5238095235600907,0.35483870956295527,0.42307691809911246,8000,0.0022079944610595703
p20_tau0.3,13,fedpc_oracle,11.0,0.8135593167710429,0.8571428568367346,0.7741935481373569,21,0.5238095235600907,0.35483870956295527,0.42307691809911246,8000,0.002629518508911133
p20_tau0.3,13,naive,11.0,0.8135593167710429,0.8571428568367346,0.7741935481373569,0,0.0,0.0,0.0,8000,0.00030517578125
p20_tau0.3,13,local,12.8,0.7822284318711855,0.8283623142700478,0.7419354836316336,0,0.0,0.0,0.4840796335276455,8000,3.87868070602417
p20_tau0.3,14,centralized,39.0,0.5411764654671282,0.5227272726084711,0.5609756096192743,7,0.7142857132653061,0.12195121948245093,0.20833333075520835,0,31.207497119903564
p20_tau0.3,14,fedpc_consensus,38.0,0.4999999948995847,0.5428571427020408,0.4634146340333135,15,0.5333333329777777,0.19512195117192146,0.28571428169005103,8000,0.0017709732055664062
p20_tau0.3,14,fedpc_oracle,38.0,0.4999999948995847,0.5428571427020408,0.4634146340333135,15,0.5333333329777777,0.19512195117192146,0.28571428169005103,8000,0.0018193721771240234
p20_tau0.3,14,naive,38.0,0.4999999948995847,0.5428571427020408,0.4634146340333135,0,0.0,0.0,0.0,8000,0.0003838539123535156
p20_tau0.3,14,local,36.8,0.499998513997126,0.5645944739799561,0.44878048769541934,0,0.0,0.0,0.22463660019843953,8000,6.761835336685181
p20_tau0.3,15,centralized,13.0,0.8059701440677212,0.7297297295325055,0.8999999997,15,0.6666666662222221,0.3333333332222222,0.44444443980246917,0,5.728995084762573
p20_tau0.3,15,fedpc_consensus,9.0,0.8474576218328067,0.8620689652199762,0.8333333330555556,23,0.6521739127599243,0.4999999998333333,0.566037730722677,8000,0.0029747486114501953
p20_tau0.3,15,fedpc_oracle,9.0,0.8474576218328067,0.8620689652199762,0.8333333330555556,23,0.6521739127599243,0.4999999998333333,0.566037730722677,8000,0.0033605098724365234
p20_tau0.3,15,naive,9.0,0.8474576218328067,0.8620689652199762,0.8333333330555556,0,0.0,0.0,0.0,8000,0.00038242340087890625
p20_tau0.3,15,local,9.8,0.836158186811006,0.8390804594884397,0.8333333330555556,0,0.0,0.0,0.47103640722321316,8000,2.7265524864196777
p20_tau0.3,16,centralized,37.0,0.6105263106659281,0.5918367345730945,0.6304347824716446,8,0.8749999989062499,0.15217391301039698,0.2592592566392319,0,32.16050720214844
p20_tau0.3,16,fedpc_consensus,28.0,0.6499999949500002,0.7647058821280277,0.5652173911814745,18,0.6666666662962962,0.26086956516068055,0.3749999958398438,8000,0.003963947296142578
p20_tau0.3,16,fedpc_oracle,28.0,0.6499999949500002,0.7647058821280277,0.5652173911814745,18,0.6666666662962962,0.26086956516068055,0.3749999958398438,8000,0.004011392593383789
p20_tau0.3,16,naive,28.0,0.6499999949500002,0.7647058821280277,0.5652173911814745,0,0.0,0.0,0.0,8000,0.0007703304290771484
p20_tau0.3,16,local,29.8,0.6265436565362231,0.740714271803516,0.5434782607514178,0,0.0,0.0,0.3419027059476495,8000,7.9214043617248535
p20_tau0.3,17,centralized,17.0,0.7733333281493334,0.72499999981875,0.8285714283346939,13,0.7692307686390532,0.28571428563265305,0.4166666625434028,0,18.203859329223633
p20_tau0.3,17,fedpc_consensus,15.0,0.7761193977634218,0.8124999997460938,0.742857142644898,19,0.4736842102770083,0.2571428570693878,0.3333333286488341,8000,0.0025222301483154297
p20_tau0.3,17,fedpc_oracle,15.0,0.7761193977634218,0.8124999997460938,0.742857142644898,19,0.4736842102770083,0.2571428570693878,0.3333333286488341,8000,0.0025167465209960938
p20_tau0.3,17,naive,15.0,0.7761193977634218,0.8124999997460938,0.742857142644898,0,0.0,0.0,0.0,8000,0.00039768218994140625
p20_tau0.3,17,local,16.4,0.744417656538652,0.8158649966905559,0.6857142855183673,0,0.0,0.0,0.36660159307945844,8000,5.2037529945373535
p20_tau0.3,18,centralized,31.0,0.6516853881126121,0.6590909089411157,0.6444444443012346,4,0.49999999875,0.0444444444345679,0.0816326515285298,0,55.175252199172974
p20_tau0.3,18,fedpc_consensus,32.0,0.6279069716089779,0.658536585205235,0.5999999998666666,18,0.4444444441975308,0.1777777777382716,0.2539682498059965,8000,0.0028374195098876953
p20_tau0.3,18,fedpc_oracle,32.0,0.6279069716089779,0.658536585205235,0.5999999998666666,18,0.4444444441975308,0.1777777777382716,0.2539682498059965,8000,0.002231121063232422
p20_tau0.3,18,naive,32.0,0.6279069716089779,0.658536585205235,0.5999999998666666,0,0.0,0.0,0.0,8000,0.00037384033203125
p20_tau0.3,18,local,32.2,0.6082301642539406,0.6725229739207175,0.5555555554320988,0,0.0,0.0,0.22310947954690957,8000,12.517500162124634
p20_tau0.3,19,centralized,21.0,0.727272722091415,0.6999999998249999,0.7567567565522278,15,0.8666666660888889,0.3513513512563915,0.49999999570266274,0,17.071697235107422
p20_tau0.3,19,fedpc_consensus,25.0,0.6575342413961344,0.6666666664814814,0.6486486484733381,23,0.47826086935727785,0.29729729721694664,0.3666666618166667,8000,0.0023746490478515625
p20_tau0.3,19,fedpc_oracle,25.0,0.6575342413961344,0.6666666664814814,0.6486486484733381,23,0.47826086935727785,0.29729729721694664,0.3666666618166667,8000,0.0025033950805664062
p20_tau0.3,19,naive,25.0,0.6575342413961344,0.6666666664814814,0.6486486484733381,0,0.0,0.0,0.0,8000,0.00042819976806640625
p20_tau0.3,19,local,26.6,0.6208626587451055,0.6564285712307457,0.5891891890299489,0,0.0,0.0,0.3678359402824193,8000,4.744110107421875
p20_tau0.5,0,centralized,25.0,0.6376811542869146,0.5789473682686981,0.7096774191259105,7,0.8571428559183674,0.19354838703433921,0.31578947051246536,0,12.608171701431274
p20_tau0.5,0,fedpc_consensus,15.0,0.7368421000430901,0.8076923073816568,0.6774193546201873,16,0.374999999765625,0.19354838703433921,0.255319144336804,8000,0.0027174949645996094
p20_tau0.5,0,fedpc_oracle,15.0,0.7368421000430901,0.8076923073816568,0.6774193546201873,16,0.374999999765625,0.19354838703433921,0.255319144336804,8000,0.0025691986083984375
p20_tau0.5,0,naive,15.0,0.7368421000430901,0.8076923073816568,0.6774193546201873,0,0.0,0.0,0.0,8000,0.0004475116729736328
p20_tau0.5,0,local,17.4,0.7093899594168764,0.7375259986482998,0.683870967521332,0,0.0,0.0,0.40077743093465756,8000,4.130931615829468
p20_tau0.5,1,centralized,18.0,0.7749999948343751,0.7209302323904814,0.8378378376113952,9,0.8888888879012344,0.2162162161577794,0.347826083657845,0,11.549050092697144
p20_tau0.5,1,fedpc_consensus,17.0,0.746268651548229,0.8333333330555556,0.6756756754930606,15,0.7333333328444444,0.29729729721694664,0.4230769188091716,8000,0.002062082290649414
p20_tau0.5,1,fedpc_oracle,17.0,0.746268651548229,0.8333333330555556,0.6756756754930606,15,0.7333333328444444,0.29729729721694664,0.4230769188091716,8000,0.0023152828216552734
p20_tau0.5,1,naive,17.0,0.746268651548229,0.8333333330555556,0.6756756754930606,0,0.0,0.0,0.0,8000,0.000392913818359375
p20_tau0.5,1,local,18.0,0.7397512045421957,0.7951138517452304,0.6918918917048941,0,0.0,0.0,0.3647211484118806,8000,4.597880840301514
p20_tau0.5,2,centralized,25.0,0.6913580195214145,0.6999999998249999,0.6829268291017252,12,0.666666666111111,0.19512195117192146,0.30188678883588466,0,16.592098712921143
p20_tau0.5,2,fedpc_consensus,27.0,0.5970149204455336,0.7692307689349113,0.4878048779298037,21,0.38095238077097504,0.19512195117192146,0.25806451156607707,8000,0.0035758018493652344
p20_tau0.5,2,fedpc_oracle,27.0,0.5970149204455336,0.7692307689349113,0.4878048779298037,21,0.38095238077097504,0.19512195117192146,0.25806451156607707,8000,0.002826213836669922
p20_tau0.5,2,naive,27.0,0.5970149204455336,0.7692307689349113,0.4878048779298037,0,0.0,0.0,0.0,8000,0.00039505958557128906
p20_tau0.5,2,local,27.6,0.5939051691523495,0.7490740737952614,0.49268292670910174,0,0.0,0.0,0.24205494435721148,8000,4.905185222625732
p20_tau0.5,3,centralized,20.0,0.7499999948250001,0.7142857141156462,0.7894736840027701,11,0.8181818174380164,0.23684210520083102,0.3673469351436902,0,24.575695753097534
p20_tau0.5,3,fedpc_consensus,16.0,0.771428566244898,0.8437499997363281,0.710526315602493,21,0.38095238077097504,0.21052631573407202,0.27118643600114917,8000,0.0023467540740966797
p20_tau0.5,3,fedpc_oracle,16.0,0.771428566244898,0.8437499997363281,0.710526315602493,21,0.38095238077097504,0.21052631573407202,0.27118643600114917,8000,0.0021343231201171875
p20_tau0.5,3,naive,16.0,0.771428566244898,0.8437499997363281,0.710526315602493,0,0.0,0.0,0.0,8000,0.0004436969757080078
p20_tau0.5,3,local,22.2,0.6906107705938085,0.7342703664053681,0.6526315787756233,0,0.0,0.0,0.2918953600525633,8000,5.513099193572998
p20_tau0.5,4,centralized,20.0,0.7058823477335641,0.705882352733564,0.705882352733564,15,0.6666666662222221,0.29411764697231835,0.40816326089129534,0,16.775264024734497
p20_tau0.5,4,fedpc_consensus,24.0,0.6363636311753903,0.6562499997949218,0.6176470586418685,13,0.30769230745562126,0.11764705878892734,0.17021276188320517,8000,0.0020372867584228516
p20_tau0.5,4,fedpc_oracle,24.0,0.6363636311753903,0.6562499997949218,0.6176470586418685,13,0.30769230745562126,0.11764705878892734,0.17021276188320517,8000,0.0020630359649658203
p20_tau0.5,4,naive,24.0,0.6363636311753903,0.6562499997949218,0.6176470586418685,0,0.0,0.0,0.0,8000,0.00036144256591796875
p20_tau0.5,4,local,24.0,0.6362940490172964,0.6563599704691834,0.6176470586418685,0,0.0,0.0,0.4047850167709733,8000,4.06575345993042
p20_tau0.5,5,centralized,20.0,0.705882347750865,0.6666666664814814,0.749999999765625,19,0.7368421048753462,0.43749999986328125,0.5490196029527106,0,9.930338382720947
p20_tau0.5,5,fedpc_consensus,14.0,0.7666666614333333,0.8214285711352041,0.7187499997753906,14,0.4285714282653061,0.18749999994140626,0.2608695608695653,8000,0.002093076705932617
p20_tau0.5,5,fedpc_oracle,14.0,0.7666666614333333,0.8214285711352041,0.7187499997753906,14,0.4285714282653061,0.18749999994140626,0.2608695608695653,8000,0.001961231231689453
p20_tau0.5,5,naive,14.0,0.7666666614333333,0.8214285711352041,0.7187499997753906,0,0.0,0.0,0.0,8000,0.0003800392150878906
p20_tau0.5,5,local,15.2,0.7550133726697893,0.7812488079381863,0.7312499997714844,0,0.0,0.0,0.41527742441346216,8000,3.6011807918548584
p20_tau0.5,6,centralized,23.0,0.6933333281920001,0.6341463413087448,0.7647058821280277,14,0.6428571423979591,0.2647058822750865,0.3749999957118056,0,20.781939268112183
p20_tau0.5,6,fedpc_consensus,16.0,0.7575757523507807,0.7812499997558594,0.7352941174307959,14,0.6428571423979591,0.2647058822750865,0.3749999957118056,8000,0.0029566287994384766
p20_tau0.5,6,fedpc_oracle,16.0,0.7575757523507807,0.7812499997558594,0.7352941174307959,14,0.6428571423979591,0.2647058822750865,0.3749999957118056,8000,0.002773761749267578
p20_tau0.5,6,naive,16.0,0.7575757523507807,0.7812499997558594,0.7352941174307959,0,0.0,0.0,0.0,8000,0.000518798828125
p20_tau0.5,6,local,16.0,0.760635505897729,0.7755045402886427,0.7470588233096886,0,0.0,0.0,0.42586466148707636,8000,5.518186807632446
p20_tau0.5,7,centralized,19.0,0.7246376759756356,0.6756756754930606,0.7812499997558594,11,0.5454545449586776,0.18749999994140626,0.2790697635045971,0,6.709566116333008
p20_tau0.5,7,fedpc_consensus,11.0,0.8135593167940248,0.8888888885596707,0.749999999765625,18,0.3888888886728395,0.21874999993164063,0.27999999528,8000,0.0019240379333496094
p20_tau0.5,7,fedpc_oracle,11.0,0.8135593167940248,0.8888888885596707,0.749999999765625,18,0.3888888886728395,0.21874999993164063,0.27999999528,8000,0.0017502307891845703
p20_tau0.5,7,naive,11.0,0.8135593167940248,0.8888888885596707,0.749999999765625,0,0.0,0.0,0.0,8000,0.0007274150848388672
p20_tau0.5,7,local,13.6,0.7822580592694622,0.8033333330686807,0.7624999997617188,0,0.0,0.0,0.3016611257260442,8000,2.8630709648132324
p20_tau0.5,8,centralized,10.0,0.8437499947412109,0.8181818179338842,0.8709677416545265,18,0.777777777345679,0.45161290308012486,0.571428566547272,0,5.123760938644409
p20_tau0.5,8,fedpc_consensus,13.0,0.7719298193290245,0.8461538458284024,0.7096774191259105,10,0.5999999993999999,0.19354838703433921,0.29268292299821536,8000,0.0020079612731933594
p20_tau0.5,8,fedpc_oracle,13.0,0.7719298193290245,0.8461538458284024,0.7096774191259105,10,0.5999999993999999,0.19354838703433921,0.29268292299821536,8000,0.0017516613006591797
p20_tau0.5,8,naive,13.0,0.7719298193290245,0.8461538458284024,0.7096774191259105,0,0.0,0.0,0.0,8000,0.0002727508544921875
p20_tau0.5,8,local,14.4,0.7479953750768854,0.8170940167813725,0.6903225804224766,0,0.0,0.0,0.5549819312384363,8000,2.512777090072632
p20_tau0.5,9,centralized,26.0,0.6749999948312502,0.67499999983125,0.67499999983125,10,0.5999999993999999,0.1499999999625,0.23999999670400002,0,18.67248821258545
p20_tau0.5,9,fedpc_consensus,28.0,0.6315789422160665,0.6666666664814814,0.59999999985,21,0.5238095235600907,0.27499999993125,0.36065573307175497,8000,0.0027348995208740234
p20_tau0.5,9,fedpc_oracle,28.0,0.6315789422160665,0.6666666664814814,0.59999999985,21,0.5238095235600907,0.27499999993125,0.36065573307175497,8000,0.0027315616607666016
p20_tau0.5,9,naive,28.0,0.6315789422160665,0.6666666664814814,0.59999999985,0,0.0,0.0,0.0,8000,0.0004305839538574219
p20_tau0.5,9,local,27.4,0.6365274313791918,0.6783102428241392,0.5999999998499999,0,0.0,0.0,0.32699898840684233,8000,5.596072196960449
p20_tau0.5,10,centralized,33.0,0.5925925874531323,0.6153846152268244,0.571428571292517,10,0.7999999992,0.190476190430839,0.3076923044674556,0,38.189016342163086
p20_tau0.5,10,fedpc_consensus,29.0,0.5915492907756399,0.72413793078478,0.4999999998809524,15,0.5999999996,0.21428571423469386,0.31578946969529087,8000,0.0020401477813720703
p20_tau0.5,10,fedpc_oracle,29.0,0.5915492907756399,0.72413793078478,0.4999999998809524,15,0.5999999996,0.21428571423469386,0.31578946969529087,8000,0.0019218921661376953
p20_tau0.5,10,naive,29.0,0.5915492907756399,0.72413793078478,0.4999999998809524,0,0.0,0.0,0.0,8000,0.0002741813659667969
p20_tau0.5,10,local,29.0,0.5941697654292815,0.7240959325543006,0.5047619046417233,0,0.0,0.0,0.2555658512742423,8000,7.347348690032959
p20_tau0.5,11,centralized,22.0,0.72499999483125,0.6904761903117914,0.763157894536011,9,0.7777777769135802,0.18421052626731302,0.297872337202354,0,36.0413715839386
p20_tau0.5,11,fedpc_consensus,21.0,0.695652168762865,0.7741935481373569,0.6315789472022161,16,0.624999999609375,0.26315789466759004,0.3703703660631002,8000,0.001955747604370117
p20_tau0.5,11,fedpc_oracle,21.0,0.695652168762865,0.7741935481373569,0.6315789472022161,16,0.624999999609375,0.26315789466759004,0.3703703660631002,8000,0.001857757568359375
p20_tau0.5,11,naive,21.0,0.695652168762865,0.7741935481373569,0.6315789472022161,0,0.0,0.0,0.0,8000,0.00041031837463378906
p20_tau0.5,11,local,21.8,0.6942562516128523,0.7463095235823367,0.6526315787756232,0,0.0,0.0,0.3283612374570988,8000,5.910412073135376
p20_tau0.5,12,centralized,17.0,0.7384615332923078,0.6666666664814814,0.8275862066111771,20,0.649999999675,0.4482758619143876,0.5306122398500626,0,4.88455057144165
p20_tau0.5,12,fedpc_consensus,15.0,0.754098355420586,0.7187499997753906,0.7931034480023781,15,0.3333333331111111,0.17241379304399523,0.2272727226756199,8000,0.0028274059295654297
p20_tau0.5,12,fedpc_oracle,15.0,0.754098355420586,0.7187499997753906,0.7931034480023781,15,0.3333333331111111,0.17241379304399523,0.2272727226756199,8000,0.0021758079528808594
p20_tau0.5,12,naive,15.0,0.754098355420586,0.7187499997753906,0.7931034480023781,0,0.0,0.0,0.0,8000,0.0003941059112548828
p20_tau0.5,12,local,16.4,0.7302940358854391,0.698600569039844,0.7655172411153389,0,0.0,0.0,0.46448483451789946,8000,2.1438255310058594
p20_tau0.5,13,centralized,23.0,0.7415730285923495,0.6734693876176593,0.8249999997937499,10,0.9999999989999999,0.2499999999375,0.39999999664,0,11.636085271835327
p20_tau0.5,13,fedpc_consensus,20.0,0.7368421000831025,0.7777777775617284,0.6999999998249999,26,0.3076923075739645,0.19999999995,0.24242423757575762,8000,0.004377126693725586
p20_tau0.5,13,fedpc_oracle,20.0,0.7368421000831025,0.7777777775617284,0.6999999998249999,26,0.3076923075739645,0.19999999995,0.24242423757575762,8000,0.003450632095336914
p20_tau0.5,13,naive,20.0,0.7368421000831025,0.7777777775617284,0.6999999998249999,0,0.0,0.0,0.0,8000,0.0005712509155273438
p20_tau0.5,13,local,22.0,0.7105866334151458,0.7506382010174792,0.67499999983125,0,0.0,0.0,0.27159983663463677,8000,3.56436824798584
p20_tau0.5,14,centralized,16.0,0.7575757523507807,0.7352941174307959,0.7812499997558594,16,0.74999999953125,0.3749999998828125,0.49999999534722234,0,9.718673706054688
p20_tau0.5,14,fedpc_consensus,19.0,0.6779660965010055,0.7407407404663923,0.6249999998046875,21,0.3333333331746032,0.21874999993164063,0.26415093851192606,8000,0.0023622512817382812
p20_tau0.5,14,fedpc_oracle,19.0,0.6779660965010055,0.7407407404663923,0.6249999998046875,21,0.3333333331746032,0.21874999993164063,0.26415093851192606,8000,0.0025599002838134766
p20_tau0.5,14,naive,19.0,0.6779660965010055,0.7407407404663923,0.6249999998046875,0,0.0,0.0,0.0,8000,0.00034999847412109375
p20_tau0.5,14,local,22.6,0.6268322277513251,0.6645823399333661,0.5937499998144531,0,0.0,0.0,0.30721252919801445,8000,3.912121057510376
p20_tau0.5,15,centralized,33.0,0.5822784758660472,0.5749999998562499,0.5897435895923734,12,0.5833333328472222,0.17948717944115714,0.27450980021530186,0,24.782766580581665
p20_tau0.5,15,fedpc_consensus,26.0,0.6388888837461421,0.696969696758494,0.5897435895923734,24,0.49999999979166665,0.3076923076134122,0.38095237611489047,8000,0.0027828216552734375
p20_tau0.5,15,fedpc_oracle,26.0,0.6388888837461421,0.696969696758494,0.5897435895923734,24,0.49999999979166665,0.3076923076134122,0.38095237611489047,8000,0.0026702880859375
p20_tau0.5,15,naive,26.0,0.6388888837461421,0.696969696758494,0.5897435895923734,0,0.0,0.0,0.0,8000,0.0003552436828613281
p20_tau0.5,15,local,26.8,0.629665347210389,0.6831329626573803,0.5846153844654831,0,0.0,0.0,0.28819171740583843,8000,5.7631402015686035
p20_tau0.5,16,centralized,28.0,0.6956521687712666,0.6666666665277777,0.727272727107438,16,0.6874999995703125,0.2499999999431818,0.36666666263333336,0,25.121515035629272
p20_tau0.5,16,fedpc_consensus,24.0,0.6842105212603878,0.8124999997460938,0.5909090907747934,17,0.4117647056401384,0.15909090905475207,0.22950819262563832,8000,0.002425670623779297
p20_tau0.5,16,fedpc_oracle,24.0,0.6842105212603878,0.8124999997460938,0.5909090907747934,17,0.4117647056401384,0.15909090905475207,0.22950819262563832,8000,0.0020494461059570312
p20_tau0.5,16,naive,24.0,0.6842105212603878,0.8124999997460938,0.5909090907747934,0,0.0,0.0,0.0,8000,0.00041961669921875
p20_tau0.5,16,local,25.6,0.6677494269321563,0.7767362426496734,0.5863636362303719,0,0.0,0.0,0.34340928055594,8000,5.589171409606934
p20_tau0.5,17,centralized,17.0,0.7792207740192276,0.7894736840027701,0.7692307690335306,9,0.9999999988888888,0.23076923071005917,0.37499999679687507,0,15.600795030593872
p20_tau0.5,17,fedpc_consensus,23.0,0.676056332886332,0.749999999765625,0.6153846152268244,20,0.49999999975,0.2564102563445102,0.33898304625107734,8000,0.002473115921020508
p20_tau0.5,17,fedpc_oracle,23.0,0.676056332886332,0.749999999765625,0.6153846152268244,20,0.49999999975,0.2564102563445102,0.33898304625107734,8000,0.002875089645385742
p20_tau0.5,17,naive,23.0,0.676056332886332,0.749999999765625,0.6153846152268244,0,0.0,0.0,0.0,8000,0.0003190040588378906
p20_tau0.5,17,local,21.8,0.706264835006412,0.7447712416181864,0.6717948716226168,0,0.0,0.0,0.4066470155116659,8000,4.339010715484619
p20_tau0.5,18,centralized,15.0,0.7761193977634218,0.742857142644898,0.8124999997460938,18,0.777777777345679,0.43749999986328125,0.559999995168,0,6.502974987030029
p20_tau0.5,18,fedpc_consensus,14.0,0.7586206844470869,0.8461538458284024,0.6874999997851562,20,0.5999999997,0.3749999998828125,0.46153845662721893,8000,0.0026259422302246094
p20_tau0.5,18,fedpc_oracle,14.0,0.7586206844470869,0.8461538458284024,0.6874999997851562,20,0.5999999997,0.3749999998828125,0.46153845662721893,8000,0.002027750015258789
p20_tau0.5,18,naive,14.0,0.7586206844470869,0.8461538458284024,0.6874999997851562,0,0.0,0.0,0.0,8000,0.00039005279541015625
p20_tau0.5,18,local,15.8,0.7403877966392827,0.7783743839681198,0.7062499997792967,0,0.0,0.0,0.4521415206206053,8000,2.847524881362915
p20_tau0.5,19,centralized,19.0,0.7397260222180523,0.6923076921301775,0.7941176468252595,4,0.49999999875,0.05882352939446367,0.10526315595567869,0,14.336316585540771
p20_tau0.5,19,fedpc_consensus,13.0,0.7719298194767621,0.9565217387145557,0.6470588233391004,9,0.2222222219753086,0.05882352939446367,0.09302325246078973,8000,0.0017137527465820312
p20_tau0.5,19,fedpc_oracle,13.0,0.7719298194767621,0.9565217387145557,0.6470588233391004,9,0.2222222219753086,0.05882352939446367,0.09302325246078973,8000,0.00185394287109375
p20_tau0.5,19,naive,13.0,0.7719298194767621,0.9565217387145557,0.6470588233391004,0,0.0,0.0,0.0,8000,0.0002689361572265625
p20_tau0.5,19,local,16.8,0.7290487785260417,0.8078306875415164,0.6647058821574394,0,0.0,0.0,0.3286821671687853,8000,3.860654354095459
p20_ell1,0,centralized,61.0,0.49586776420463097,0.36144578308898245,0.7894736840027701,28,0.2857142856122449,0.21052631573407202,0.24242423746556482,0,4.316526174545288
p20_ell1,0,fedpc_consensus,56.0,0.4399999952000001,0.3548387096201873,0.5789473682686981,20,0.29999999985,0.15789473680055402,0.20689654713436392,4000,0.002801179885864258
p20_ell1,0,fedpc_oracle,56.0,0.4399999952000001,0.3548387096201873,0.5789473682686981,20,0.29999999985,0.15789473680055402,0.20689654713436392,4000,0.0024836063385009766
p20_ell1,0,naive,56.0,0.4399999952000001,0.3548387096201873,0.5789473682686981,0,0.0,0.0,0.0,4000,0.0006730556488037109
p20_ell1,0,local,55.8,0.4561869333503932,0.36234414004920257,0.6157894735221606,0,0.0,0.0,0.17542003963209282,4000,5.935887336730957
p20_ell1,1,centralized,35.0,0.6601941697652938,0.5666666665722222,0.7906976742347215,27,0.5185185183264746,0.3255813952731206,0.39999999514693874,0,1.9275951385498047
p20_ell1,1,fedpc_consensus,35.0,0.6067415679030427,0.5869565216115312,0.6279069765981612,19,0.4736842102770083,0.20930232553272038,0.29032257630072844,4000,0.0036902427673339844
p20_ell1,1,fedpc_oracle,35.0,0.6067415679030427,0.5869565216115312,0.6279069765981612,19,0.4736842102770083,0.20930232553272038,0.29032257630072844,4000,0.003373384475708008
p20_ell1,1,naive,35.0,0.6067415679030427,0.5869565216115312,0.6279069765981612,0,0.0,0.0,0.0,4000,0.0007801055908203125
p20_ell1,1,local,36.6,0.5979343761684307,0.5672654259409524,0.6325581393877772,0,0.0,0.0,0.23943495899402611,4000,3.9665467739105225
p20_ell1,2,centralized,57.0,0.5439999957452801,0.3863636363197314,0.9189189186705624,40,0.37499999990625,0.40540540529583635,0.389610384516782,0,2.424410343170166
p20_ell1,2,fedpc_consensus,48.0,0.49999999515842025,0.40677966094800344,0.6486486484733381,15,0.3333333331111111,0.13513513509861214,0.19230768812869833,4000,0.003085613250732422
p20_ell1,2,fedpc_oracle,48.0,0.49999999515842025,0.40677966094800344,0.6486486484733381,15,0.3333333331111111,0.13513513509861214,0.19230768812869833,4000,0.002351045608520508
p20_ell1,2,naive,48.0,0.49999999515842025,0.40677966094800344,0.6486486484733381,0,0.0,0.0,0.0,4000,0.0008971691131591797
p20_ell1,2,local,48.0,0.5105304153632364,0.41073387188106036,0.6756756754930606,0,0.0,0.0,0.1570060534528749,4000,4.620870113372803
p20_ell1,3,centralized,21.0,0.7407407357780826,0.6122448978342357,0.9374999997070312,27,0.5925925923731138,0.49999999984375,0.5423728762079862,0,1.487764835357666
p20_ell1,3,fedpc_consensus,13.0,0.8115941976895611,0.7567567565522278,0.8749999997265625,27,0.40740740725651575,0.3437499998925781,0.37288135084171214,4000,0.0033588409423828125
p20_ell1,3,fedpc_oracle,13.0,0.8115941976895611,0.7567567565522278,0.8749999997265625,27,0.40740740725651575,0.3437499998925781,0.37288135084171214,4000,0.0028574466705322266
p20_ell1,3,naive,13.0,0.8115941976895611,0.7567567565522278,0.8749999997265625,0,0.0,0.0,0.0,4000,0.0004591941833496094
p20_ell1,3,local,16.8,0.7621551031733784,0.7002035574911768,0.8374999997382812,0,0.0,0.0,0.5267995008242419,4000,3.0060603618621826
p20_ell1,4,centralized,31.0,0.6593406543702452,0.5555555554526749,0.8108108105916727,11,0.6363636357851239,0.18918918913805696,0.29166666301215277,0,1.442537784576416
p20_ell1,4,fedpc_consensus,30.0,0.5945945894338934,0.5945945944338933,0.5945945944338933,20,0.29999999985,0.16216216211833454,0.2105263111603571,4000,0.00301361083984375
p20_ell1,4,fedpc_oracle,30.0,0.5945945894338934,0.5945945944338933,0.5945945944338933,20,0.29999999985,0.16216216211833454,0.2105263111603571,4000,0.002846240997314453
p20_ell1,4,naive,30.0,0.5945945894338934,0.5945945944338933,0.5945945944338933,0,0.0,0.0,0.0,4000,0.0006082057952880859
p20_ell1,4,local,29.0,0.617242922611196,0.6032651317678794,0.6324324322615047,0,0.0,0.0,0.2020448275388107,4000,2.685145616531372
p20_ell1,5,centralized,38.0,0.666666661851339,0.5352112675302519,0.8837209300270417,29,0.5172413791319858,0.34883720922120065,0.41666666173996914,0,1.6393814086914062
p20_ell1,5,fedpc_consensus,30.0,0.699999994958,0.6140350876115728,0.8139534881828014,22,0.5909090906404958,0.30232558132504056,0.39999999539881653,4000,0.002130270004272461
p20_ell1,5,fedpc_oracle,30.0,0.699999994958,0.6140350876115728,0.8139534881828014,22,0.5909090906404958,0.30232558132504056,0.39999999539881653,4000,0.0018768310546875
p20_ell1,5,naive,30.0,0.699999994958,0.6140350876115728,0.8139534881828014,0,0.0,0.0,0.0,4000,0.0005424022674560547
p20_ell1,5,local,31.6,0.6879867936574076,0.5985656576453158,0.8093023253931854,0,0.0,0.0,0.34617923718871385,4000,3.172116756439209
p20_ell1,6,centralized,51.0,0.5919999952972801,0.46249999994218755,0.8222222220395061,6,0.49999999916666665,0.06666666665185185,0.11764705670126877,0,2.4041855335235596
p20_ell1,6,fedpc_consensus,39.0,0.6138613810763651,0.5535714284725766,0.6888888887358025,13,0.23076923059171597,0.06666666665185185,0.10344827234839488,4000,0.002023935317993164
p20_ell1,6,fedpc_oracle,39.0,0.6138613810763651,0.5535714284725766,0.6888888887358025,13,0.23076923059171597,0.06666666665185185,0.10344827234839488,4000,0.06745386123657227
p20_ell1,6,naive,39.0,0.6138613810763651,0.5535714284725766,0.6888888887358025,0,0.0,0.0,0.0,4000,0.001407623291015625
p20_ell1,6,local,40.8,0.6072913937688951,0.5353200114127082,0.7022222220661727,0,0.0,0.0,0.17423090895183854,4000,4.8017027378082275
p20_ell1,7,centralized,24.0,0.6999999950781252,0.5714285713119533,0.9032258061602497,31,0.5483870965972945,0.5483870965972945,0.5483870915972945,0,1.5385048389434814
p20_ell1,7,fedpc_consensus,24.0,0.6666666615779321,0.5853658535157644,0.7741935481373569,20,0.449999999775,0.29032258055150884,0.3529411715647829,4000,0.0029926300048828125
p20_ell1,7,fedpc_oracle,24.0,0.6666666615779321,0.5853658535157644,0.7741935481373569,20,0.449999999775,0.29032258055150884,0.3529411715647829,4000,0.003057241439819336
p20_ell1,7,naive,24.0,0.6666666615779321,0.5853658535157644,0.7741935481373569,0,0.0,0.0,0.0,4000,0.0006530284881591797
p20_ell1,7,local,24.2,0.6688453477513925,0.5823723158913573,0.7870967739396462,0,0.0,0.0,0.33066952922326864,4000,2.7293524742126465
p20_ell1,8,centralized,46.0,0.5399999952840001,0.42187499993408206,0.7499999997916666,16,0.4999999996875,0.2222222221604938,0.30769230331360947,0,1.5240352153778076
p20_ell1,8,fedpc_consensus,46.0,0.488888883980247,0.40740740733196157,0.6111111109413581,22,0.36363636347107436,0.2222222221604938,0.27586206416171233,4000,0.003537416458129883
p20_ell1,8,fedpc_oracle,46.0,0.488888883980247,0.40740740733196157,0.6111111109413581,22,0.36363636347107436,0.2222222221604938,0.27586206416171233,4000,0.0031349658966064453
p20_ell1,8,naive,46.0,0.488888883980247,0.40740740733196157,0.6111111109413581,0,0.0,0.0,0.0,4000,0.0006544589996337891
p20_ell1,8,local,44.4,0.5088164112682853,0.4228072276351367,0.6388888887114197,0,0.0,0.0,0.259881548598935,4000,3.0957932472229004
p20_ell1,9,centralized,61.0,0.48739495361627005,0.3536585365422368,0.7837837835719503,11,0.45454545413223135,0.13513513509861214,0.20833332971354174,0,2.754526376724243
p20_ell1,9,fedpc_consensus,41.0,0.5393258377174599,0.4615384614497041,0.6486486484733381,12,0.3333333330555555,0.1081081080788897,0.16326530235735115,4000,0.0026655197143554688
p20_ell1,9,fedpc_oracle,41.0,0.5393258377174599,0.4615384614497041,0.6486486484733381,12,0.3333333330555555,0.1081081080788897,0.16326530235735115,4000,0.0019156932830810547
p20_ell1,9,naive,41.0,0.5393258377174599,0.4615384614497041,0.6486486484733381,0,0.0,0.0,0.0,4000,0.000789642333984375
p20_ell1,9,local,44.0,0.5249102178645166,0.43631314586985237,0.6594594592812271,0,0.0,0.0,0.1495070671741488,4000,5.211527347564697
p20_ell1,10,centralized,52.0,0.499999995377219,0.38235294112024226,0.7222222220216049,13,0.6153846149112425,0.2222222221604938,0.3265306082132445,0,2.372278928756714
p20_ell1,10,fedpc_consensus,39.0,0.551724132952834,0.47058823520184545,0.6666666664814814,20,0.49999999975,0.2777777777006173,0.35714285242346944,4000,0.002623319625854492
p20_ell1,10,fedpc_oracle,39.0,0.551724132952834,0.47058823520184545,0.6666666664814814,20,0.49999999975,0.2777777777006173,0.35714285242346944,4000,0.002325296401977539
p20_ell1,10,naive,39.0,0.551724132952834,0.47058823520184545,0.6666666664814814,0,0.0,0.0,0.0,4000,0.00067901611328125
p20_ell1,10,local,40.4,0.5341244962617491,0.4569238008765124,0.6444444442654321,0,0.0,0.0,0.33418093423753664,4000,5.092054128646851
p20_ell1,11,centralized,41.0,0.6434782561693763,0.4999999999324325,0.9024390241701368,20,0.449999999775,0.21951219506841166,0.29508196270894926,0,2.152559280395508
p20_ell1,11,fedpc_consensus,30.0,0.6808510587664102,0.6037735847917408,0.7804878046876859,11,0.5454545449586776,0.1463414633789411,0.23076922734467462,4000,0.0028743743896484375
p20_ell1,11,fedpc_oracle,30.0,0.6808510587664102,0.6037735847917408,0.7804878046876859,11,0.5454545449586776,0.1463414633789411,0.23076922734467462,4000,0.0023221969604492188
p20_ell1,11,naive,30.0,0.6808510587664102,0.6037735847917408,0.7804878046876859,0,0.0,0.0,0.0,4000,0.0007066726684570312
p20_ell1,11,local,32.0,0.6719587578769689,0.5793583534085163,0.7999999998048779,0,0.0,0.0,0.2996754041088968,4000,4.554936647415161
p20_ell1,12,centralized,24.0,0.6999999950250001,0.5833333332118056,0.8749999997265625,20,0.5999999997,0.3749999998828125,0.46153845662721893,0,2.2436482906341553
p20_ell1,12,fedpc_consensus,17.0,0.738461533235503,0.7272727270523416,0.749999999765625,20,0.549999999725,0.3437499998925781,0.4230769181804733,4000,0.002349853515625
p20_ell1,12,fedpc_oracle,17.0,0.738461533235503,0.7272727270523416,0.749999999765625,20,0.549999999725,0.3437499998925781,0.4230769181804733,4000,0.001963376998901367
p20_ell1,12,naive,17.0,0.738461533235503,0.7272727270523416,0.749999999765625,0,0.0,0.0,0.0,4000,0.0003712177276611328
p20_ell1,12,local,21.0,0.6905870548141426,0.655211558123473,0.7312499997714845,0,0.0,0.0,0.3992084060228786,4000,3.2466981410980225
p20_ell1,13,centralized,31.0,0.6516853883903547,0.5272727271768595,0.8529411762197232,15,0.6666666662222221,0.29411764697231835,0.40816326089129534,0,1.8412046432495117
p20_ell1,13,fedpc_consensus,25.0,0.6666666615324445,0.6097560974122546,0.7352941174307959,25,0.359999999856,0.2647058822750865,0.30508474077563924,4000,0.003309011459350586
p20_ell1,13,fedpc_oracle,25.0,0.6666666615324445,0.6097560974122546,0.7352941174307959,25,0.359999999856,0.2647058822750865,0.30508474077563924,4000,0.0024437904357910156
p20_ell1,13,naive,25.0,0.6666666615324445,0.6097560974122546,0.7352941174307959,0,0.0,0.0,0.0,4000,0.0006263256072998047
p20_ell1,13,local,28.0,0.6444898823317263,0.5670395776251083,0.7470588233096886,0,0.0,0.0,0.3520175371545272,4000,3.425463914871216
p20_ell1,14,centralized,49.0,0.5420560700847237,0.42028985501155225,0.763157894536011,19,0.3157894735180055,0.15789473680055402,0.21052631127116045,0,1.6508264541625977
p20_ell1,14,fedpc_consensus,41.0,0.5591397799930629,0.4727272726413223,0.6842105261357341,31,0.19354838703433921,0.15789473680055402,0.17391303847931122,4000,0.0036745071411132812
p20_ell1,14,fedpc_oracle,41.0,0.5591397799930629,0.4727272726413223,0.6842105261357341,31,0.19354838703433921,0.15789473680055402,0.17391303847931122,4000,0.003141164779663086
p20_ell1,14,naive,41.0,0.5591397799930629,0.4727272726413223,0.6842105261357341,0,0.0,0.0,0.0,4000,0.0006101131439208984
p20_ell1,14,local,39.8,0.5725188600981251,0.4850852842828875,0.6999999998157895,0,0.0,0.0,0.16253051770731597,4000,3.0084309577941895
p20_ell1,15,centralized,46.0,0.6229508151625908,0.4634146340898275,0.9499999997624999,14,0.6428571423979591,0.22499999994375,0.3333333293689987,0,2.281482219696045
p20_ell1,15,fedpc_consensus,31.0,0.6990291213271752,0.5714285713378685,0.899999999775,22,0.36363636347107436,0.19999999995,0.2580645114672217,4000,0.002863168716430664
p20_ell1,15,fedpc_oracle,31.0,0.6990291213271752,0.5714285713378685,0.899999999775,22,0.36363636347107436,0.19999999995,0.2580645114672217,4000,0.002743959426879883
p20_ell1,15,naive,31.0,0.6990291213271752,0.5714285713378685,0.899999999775,0,0.0,0.0,0.0,4000,0.0005834102630615234
p20_ell1,15,local,35.6,0.6629112842826941,0.5338816738001158,0.87499999978125,0,0.0,0.0,0.3280455646802297,4000,4.506669044494629
p20_ell1,16,centralized,24.0,0.6756756707888971,0.5434782607514178,0.8928571425382653,17,0.7058823525259516,0.4285714284183673,0.5333333283950616,0,1.2551941871643066
p20_ell1,16,fedpc_consensus,14.0,0.7741935431841833,0.705882352733564,0.8571428568367346,19,0.4210526313573407,0.2857142856122449,0.34042552695337264,4000,0.0022161006927490234
p20_ell1,16,fedpc_oracle,14.0,0.7741935431841833,0.705882352733564,0.8571428568367346,19,0.4210526313573407,0.2857142856122449,0.34042552695337264,4000,0.0023102760314941406
p20_ell1,16,naive,14.0,0.7741935431841833,0.705882352733564,0.8571428568367346,0,0.0,0.0,0.0,4000,0.00040435791015625
p20_ell1,16,local,17.8,0.7213231161747287,0.6440352568805339,0.8214285711352041,0,0.0,0.0,0.47235896170011643,4000,2.4611570835113525
p20_ell1,17,centralized,40.0,0.5999999954580002,0.4477611939630208,0.909090908815427,22,0.49999999977272724,0.3333333332323232,0.3999999950545454,0,1.4930932521820068
p20_ell1,17,fedpc_consensus,35.0,0.5977011445792048,0.4814814813923182,0.7878787876400367,20,0.34999999982499996,0.21212121205693296,0.2641509385973656,4000,0.0021593570709228516
p20_ell1,17,fedpc_oracle,35.0,0.5977011445792048,0.4814814813923182,0.7878787876400367,20,0.34999999982499996,0.21212121205693296,0.2641509385973656,4000,0.0019636154174804688
p20_ell1,17,naive,35.0,0.5977011445792048,0.4814814813923182,0.7878787876400367,0,0.0,0.0,0.0,4000,0.0005140304565429688
p20_ell1,17,local,34.8,0.604579698353876,0.4838311687430898,0.8060606058163453,0,0.0,0.0,0.3483871770520294,4000,3.2610325813293457
p20_ell1,18,centralized,20.0,0.7619047568253969,0.6666666665277777,0.8888888886419752,24,0.7499999996875,0.4999999998611111,0.599999995,0,1.2119922637939453
p20_ell1,18,fedpc_consensus,16.0,0.7837837785756028,0.763157894536011,0.8055555553317901,27,0.5185185183264746,0.3888888887808642,0.44444443940539174,4000,0.004131793975830078
p20_ell1,18,fedpc_oracle,16.0,0.7837837785756028,0.763157894536011,0.8055555553317901,27,0.5185185183264746,0.3888888887808642,0.44444443940539174,4000,0.003881216049194336
p20_ell1,18,naive,16.0,0.7837837785756028,0.763157894536011,0.8055555553317901,0,0.0,0.0,0.0,4000,0.0007126331329345703
p20_ell1,18,local,18.0,0.7645767172892904,0.7235588970635669,0.8111111108858026,0,0.0,0.0,0.5133751823191469,4000,2.362598419189453
p20_ell1,19,centralized,49.0,0.5811965767725912,0.42499999994687504,0.9189189186705624,9,0.6666666659259258,0.16216216211833454,0.2608695619565217,0,2.3393421173095703
p20_ell1,19,fedpc_consensus,35.0,0.6315789424797785,0.5172413792211653,0.8108108105916727,16,0.4999999996875,0.2162162161577794,0.30188678812388753,4000,0.0025222301483154297
p20_ell1,19,fedpc_oracle,35.0,0.6315789424797785,0.5172413792211653,0.8108108105916727,16,0.4999999996875,0.2162162161577794,0.30188678812388753,4000,0.002191781997680664
p20_ell1,19,naive,35.0,0.6315789424797785,0.5172413792211653,0.8108108105916727,0,0.0,0.0,0.0,4000,0.0006525516510009766
p20_ell1,19,local,36.8,0.6215128036543799,0.5018589392276793,0.8162162159956171,0,0.0,0.0,0.27187149606350763,4000,4.808363199234009
p20_ell2,0,centralized,28.0,0.649999994840625,0.6341463413087448,0.6666666664957265,11,0.45454545413223135,0.1282051281722551,0.19999999648800001,0,23.407941579818726
p20_ell2,0,fedpc_consensus,27.0,0.5970149203296949,0.7142857140306123,0.5128205126890204,18,0.4444444441975308,0.20512820507560814,0.28070174996614344,8000,0.0019252300262451172
p20_ell2,0,fedpc_oracle,27.0,0.5970149203296949,0.7142857140306123,0.5128205126890204,18,0.4444444441975308,0.20512820507560814,0.28070174996614344,8000,0.001749277114868164
p20_ell2,0,naive,27.0,0.5970149203296949,0.7142857140306123,0.5128205126890204,0,0.0,0.0,0.0,8000,0.0003669261932373047
p20_ell2,0,local,27.4,0.6075908998053148,0.6897223764898632,0.5435897434503616,0,0.0,0.0,0.3120697954373561,8000,5.662387371063232
p20_ell2,1,centralized,18.0,0.7499999947916667,0.7499999997916666,0.7499999997916666,15,0.7333333328444444,0.30555555547067903,0.4313725446981931,0,16.024338245391846
p20_ell2,1,fedpc_consensus,19.0,0.716417905261751,0.7741935481373569,0.6666666664814814,15,0.7333333328444444,0.30555555547067903,0.4313725446981931,8000,0.0026421546936035156
p20_ell2,1,fedpc_oracle,19.0,0.716417905261751,0.7741935481373569,0.6666666664814814,15,0.7333333328444444,0.30555555547067903,0.4313725446981931,8000,0.0021452903747558594
p20_ell2,1,naive,19.0,0.716417905261751,0.7741935481373569,0.6666666664814814,0,0.0,0.0,0.0,8000,0.00039386749267578125
p20_ell2,1,local,19.2,0.7146406950556051,0.7702956986773548,0.6666666664814814,0,0.0,0.0,0.30867991586568005,8000,5.911059617996216
p20_ell2,2,centralized,33.0,0.5714285663012313,0.536585365722784,0.6111111109413581,16,0.374999999765625,0.16666666662037036,0.23076922642011838,0,33.37688493728638
p20_ell2,2,fedpc_consensus,26.0,0.6176470536591695,0.6562499997949218,0.5833333331712963,15,0.5999999996,0.24999999993055555,0.3529411721799308,8000,0.002409219741821289
p20_ell2,2,fedpc_oracle,26.0,0.6176470536591695,0.6562499997949218,0.5833333331712963,15,0.5999999996,0.24999999993055555,0.3529411721799308,8000,0.00179290771484375
p20_ell2,2,naive,26.0,0.6176470536591695,0.6562499997949218,0.5833333331712963,0,0.0,0.0,0.0,8000,0.00042057037353515625
p20_ell2,2,local,25.4,0.6402887307644675,0.6541232759149254,0.627777777603395,0,0.0,0.0,0.29434245513997903,8000,7.0052330493927
p20_ell2,3,centralized,47.0,0.5252525201714111,0.5652173911814745,0.49056603764328943,10,0.6999999992999999,0.1320754716731933,0.22222221948097756,0,51.684874534606934
p20_ell2,3,fedpc_consensus,41.0,0.5494505444656443,0.657894736668975,0.47169811311854754,8,0.37499999953124996,0.056603773574225705,0.09836065342649832,8000,0.003366708755493164
p20_ell2,3,fedpc_oracle,41.0,0.5494505444656443,0.657894736668975,0.47169811311854754,8,0.37499999953124996,0.056603773574225705,0.09836065342649832,8000,0.003264188766479492
p20_ell2,3,naive,41.0,0.5494505444656443,0.657894736668975,0.47169811311854754,0,0.0,0.0,0.0,8000,0.0005857944488525391
p20_ell2,3,local,43.0,0.5209810799318776,0.6363408519568259,0.4415094338789604,0,0.0,0.0,0.16239708020574944,8000,8.708789825439453
p20_ell2,4,centralized,28.0,0.6744185994943213,0.6744186044943212,0.6744186044943212,12,0.666666666111111,0.18604651158464033,0.29090908739173554,0,21.971710681915283
p20_ell2,4,fedpc_consensus,29.0,0.6027397210208295,0.7333333330888888,0.5116279068577609,18,0.3888888886728395,0.1627906976365603,0.22950819248589097,8000,0.0024933815002441406
p20_ell2,4,fedpc_oracle,29.0,0.6027397210208295,0.7333333330888888,0.5116279068577609,18,0.3888888886728395,0.1627906976365603,0.22950819248589097,8000,0.0029954910278320312
p20_ell2,4,naive,29.0,0.6027397210208295,0.7333333330888888,0.5116279068577609,0,0.0,0.0,0.0,8000,0.0005640983581542969
p20_ell2,4,local,29.6,0.5977636194916116,0.721266339631398,0.5116279068577609,0,0.0,0.0,0.21456069803264027,8000,5.883265972137451
p20_ell2,5,centralized,34.0,0.6046511576933479,0.5531914892440019,0.6666666664957265,7,0.4285714279591837,0.07692307690335305,0.13043477997164463,0,27.804149627685547
p20_ell2,5,fedpc_consensus,33.0,0.5352112625034716,0.5937499998144531,0.48717948705456937,21,0.38095238077097504,0.20512820507560814,0.26666666202777783,8000,0.0024678707122802734
p20_ell2,5,fedpc_oracle,33.0,0.5352112625034716,0.5937499998144531,0.48717948705456937,20,0.34999999982499996,0.17948717944115714,0.2372881310313129,8000,0.0025489330291748047
p20_ell2,5,naive,33.0,0.5352112625034716,0.5937499998144531,0.48717948705456937,0,0.0,0.0,0.0,8000,0.0004966259002685547
p20_ell2,5,local,33.8,0.5366030073337723,0.5769597157122682,0.50256410243524,0,0.0,0.0,0.22076723982394203,8000,5.847312927246094
p20_ell2,6,centralized,19.0,0.7594936657330555,0.6976744184424013,0.8333333331018519,9,0.7777777769135802,0.1944444443904321,0.3111111077728395,0,24.03435254096985
p20_ell2,6,fedpc_consensus,18.0,0.7428571376489795,0.7647058821280277,0.7222222220216049,19,0.4736842102770083,0.24999999993055555,0.327272722631405,8000,0.0023736953735351562
p20_ell2,6,fedpc_oracle,18.0,0.7428571376489795,0.7647058821280277,0.7222222220216049,19,0.4736842102770083,0.24999999993055555,0.327272722631405,8000,0.0018203258514404297
p20_ell2,6,naive,18.0,0.7428571376489795,0.7647058821280277,0.7222222220216049,0,0.0,0.0,0.0,8000,0.00034999847412109375
p20_ell2,6,local,19.2,0.7304737965107295,0.739196002515101,0.7222222220216049,0,0.0,0.0,0.3432579553964573,8000,5.057875156402588
p20_ell2,7,centralized,25.0,0.6835442986316296,0.658536585205235,0.710526315602493,19,0.6842105259556787,0.34210526306786704,0.4561403462726994,0,13.738676309585571
p20_ell2,7,fedpc_consensus,21.0,0.6865671590643796,0.7931034480023781,0.605263157735457,19,0.5789473681163435,0.28947368413434904,0.3859649077008311,8000,0.0025310516357421875
p20_ell2,7,fedpc_oracle,21.0,0.6865671590643796,0.7931034480023781,0.605263157735457,19,0.5789473681163435,0.28947368413434904,0.3859649077008311,8000,0.002524137496948242
p20_ell2,7,naive,21.0,0.6865671590643796,0.7931034480023781,0.605263157735457,0,0.0,0.0,0.0,8000,0.0004875659942626953
p20_ell2,7,local,21.6,0.6825604909595792,0.7748284466922881,0.6105263156288088,0,0.0,0.0,0.4298497538069469,8000,4.195210933685303
p20_ell2,8,centralized,33.0,0.6206896500356719,0.5999999998666666,0.6428571427040817,8,0.8749999989062499,0.16666666662698412,0.2799999972,0,38.886634826660156
p20_ell2,8,fedpc_consensus,27.0,0.6301369812422594,0.7419354836316336,0.5476190474886621,15,0.5333333329777777,0.190476190430839,0.28070175040935674,8000,0.002968311309814453
p20_ell2,8,fedpc_oracle,27.0,0.6301369812422594,0.7419354836316336,0.5476190474886621,15,0.5333333329777777,0.190476190430839,0.28070175040935674,8000,0.00342559814453125
p20_ell2,8,naive,27.0,0.6301369812422594,0.7419354836316336,0.5476190474886621,0,0.0,0.0,0.0,8000,0.000606536865234375
p20_ell2,8,local,30.0,0.6172034580761063,0.665664160217289,0.576190476053288,0,0.0,0.0,0.2910239404963374,8000,7.825506687164307
p20_ell2,9,centralized,15.0,0.7887323891688158,0.7368421050692521,0.8484848482277318,12,0.749999999375,0.2727272726446281,0.39999999591111113,0,14.20170783996582
p20_ell2,9,fedpc_consensus,10.0,0.8437499947412109,0.8709677416545265,0.8181818179338842,18,0.4444444441975308,0.24242424235078053,0.31372548550557483,8000,0.002487659454345703
p20_ell2,9,fedpc_oracle,10.0,0.8437499947412109,0.8709677416545265,0.8181818179338842,18,0.4444444441975308,0.24242424235078053,0.31372548550557483,8000,0.0019588470458984375
p20_ell2,9,naive,10.0,0.8437499947412109,0.8709677416545265,0.8181818179338842,0,0.0,0.0,0.0,8000,0.00046062469482421875
p20_ell2,9,local,11.2,0.8262733896787576,0.8482858947321787,0.8060606058163453,0,0.0,0.0,0.35474747114426747,8000,3.9423439502716064
p20_ell2,10,centralized,41.0,0.5773195825146138,0.5957446807243096,0.559999999888,5,0.7999999984,0.079999999984,0.14545454374876032,0,35.34744358062744
p20_ell2,10,fedpc_consensus,47.0,0.4197530815912209,0.5483870965972945,0.339999999932,15,0.46666666635555554,0.139999999972,0.21538461176804738,8000,0.0024423599243164062
p20_ell2,10,fedpc_oracle,47.0,0.4197530815912209,0.5483870965972945,0.339999999932,15,0.46666666635555554,0.139999999972,0.21538461176804738,8000,0.0021343231201171875
p20_ell2,10,naive,47.0,0.4197530815912209,0.5483870965972945,0.339999999932,0,0.0,0.0,0.0,8000,0.0006582736968994141
p20_ell2,10,local,47.4,0.4462977078490442,0.5368673811076512,0.3839999999232,0,0.0,0.0,0.16893998449095526,8000,7.730463981628418
p20_ell2,11,centralized,29.0,0.6666666615193554,0.6444444443012346,0.6904761903117914,14,0.8571428565306122,0.2857142856462585,0.4285714246683674,0,16.2533962726593
p20_ell2,11,fedpc_consensus,19.0,0.7397260223081255,0.8709677416545265,0.6428571427040817,25,0.519999999792,0.3095238094501134,0.38805969669859663,8000,0.004172086715698242
p20_ell2,11,fedpc_oracle,19.0,0.7397260223081255,0.8709677416545265,0.6428571427040817,25,0.519999999792,0.3095238094501134,0.38805969669859663,8000,0.004664182662963867
p20_ell2,11,naive,19.0,0.7397260223081255,0.8709677416545265,0.6428571427040817,0,0.0,0.0,0.0,8000,0.0003688335418701172
p20_ell2,11,local,21.2,0.7165656514532173,0.8181818179314023,0.6380952379433107,0,0.0,0.0,0.42898053033859307,8000,5.307128190994263
p20_ell2,12,centralized,38.0,0.5957446757265732,0.5833333332118056,0.6086956520415879,10,0.5999999993999999,0.13043478258034027,0.21428571127551024,0,44.473515033721924
p20_ell2,12,fedpc_consensus,33.0,0.582278476000641,0.696969696758494,0.49999999989130434,12,0.4999999995833333,0.13043478258034027,0.20689654837098698,8000,0.002813577651977539
p20_ell2,12,fedpc_oracle,33.0,0.582278476000641,0.696969696758494,0.49999999989130434,12,0.4999999995833333,0.13043478258034027,0.20689654837098698,8000,0.002047300338745117
p20_ell2,12,naive,33.0,0.582278476000641,0.696969696758494,0.49999999989130434,0,0.0,0.0,0.0,8000,0.0004239082336425781
p20_ell2,12,local,34.2,0.5862379738239338,0.6651405190389352,0.5260869564073725,0,0.0,0.0,0.19095459695632472,8000,10.79208493232727
p20_ell2,13,centralized,29.0,0.6666666615299247,0.6304347824716446,0.7073170729982153,12,0.4999999995833333,0.1463414633789411,0.22641509075115704,0,32.98911261558533
p20_ell2,13,fedpc_consensus,23.0,0.6933333281920001,0.7647058821280277,0.6341463413087448,23,0.3913043476559546,0.21951219506841166,0.28124999530761724,8000,0.002187490463256836
p20_ell2,13,fedpc_oracle,23.0,0.6933333281920001,0.7647058821280277,0.6341463413087448,23,0.3913043476559546,0.21951219506841166,0.28124999530761724,8000,0.002470254898071289
p20_ell2,13,naive,23.0,0.6933333281920001,0.7647058821280277,0.6341463413087448,0,0.0,0.0,0.0,8000,0.0004069805145263672
p20_ell2,13,local,24.2,0.6823089432881876,0.7391984862015293,0.6341463413087448,0,0.0,0.0,0.26430161413993963,8000,7.990428924560547
p20_ell2,14,centralized,32.0,0.6097560924122546,0.6097560974122546,0.6097560974122546,10,0.7999999992,0.19512195117192146,0.31372548692041524,0,17.408909797668457
p20_ell2,14,fedpc_consensus,32.0,0.5789473632998616,0.6285714283918368,0.536585365722784,18,0.2777777776234568,0.12195121948245093,0.1694915211261133,8000,0.0022766590118408203
p20_ell2,14,fedpc_oracle,32.0,0.5789473632998616,0.6285714283918368,0.536585365722784,18,0.2777777776234568,0.12195121948245093,0.1694915211261133,8000,0.0021483898162841797
p20_ell2,14,naive,32.0,0.5789473632998616,0.6285714283918368,0.536585365722784,0,0.0,0.0,0.0,8000,0.0004820823669433594
p20_ell2,14,local,31.6,0.5821169087894125,0.6363958915057556,0.5365853657227839,0,0.0,0.0,0.20513201208688203,8000,5.065427303314209
p20_ell2,15,centralized,31.0,0.6172839454839202,0.581395348702001,0.657894736668975,9,0.8888888879012344,0.21052631573407202,0.340425528673608,0,22.4223370552063
p20_ell2,15,fedpc_consensus,29.0,0.5915492906328109,0.6363636361707988,0.552631578801939,14,0.7857142851530612,0.28947368413434904,0.42307691897929,8000,0.002328157424926758
p20_ell2,15,fedpc_oracle,29.0,0.5915492906328109,0.6363636361707988,0.552631578801939,14,0.7857142851530612,0.28947368413434904,0.42307691897929,8000,0.002072572708129883
p20_ell2,15,naive,29.0,0.5915492906328109,0.6363636361707988,0.552631578801939,0,0.0,0.0,0.0,8000,0.0003921985626220703
p20_ell2,15,local,29.8,0.5870309293193536,0.6200818999001473,0.5578947366952909,0,0.0,0.0,0.37135042333946744,8000,6.308822154998779
p20_ell2,16,centralized,23.0,0.6666666615248897,0.605263157735457,0.7419354836316336,12,0.8333333326388889,0.32258064505723205,0.4651162748296377,0,11.67221713066101
p20_ell2,16,fedpc_consensus,16.0,0.7499999947705079,0.7272727270523416,0.7741935481373569,25,0.59999999976,0.4838709675858481,0.5357142805803572,8000,0.002389192581176758
p20_ell2,16,fedpc_oracle,16.0,0.7499999947705079,0.7272727270523416,0.7741935481373569,25,0.59999999976,0.4838709675858481,0.5357142805803572,8000,0.0023517608642578125
p20_ell2,16,naive,16.0,0.7499999947705079,0.7272727270523416,0.7741935481373569,0,0.0,0.0,0.0,8000,0.0003268718719482422
p20_ell2,16,local,17.0,0.7311009938041071,0.71598892125096,0.7483870965327784,0,0.0,0.0,0.5389564289920624,8000,3.394644021987915
p20_ell2,17,centralized,9.0,0.8571428519022424,0.7941176468252595,0.9310344824375743,19,0.5789473681163435,0.37931034469678954,0.458333328359375,0,6.792443752288818
p20_ell2,17,fedpc_consensus,10.0,0.8275862016111772,0.8275862066111771,0.8275862066111771,24,0.4583333331423611,0.37931034469678954,0.415094334510502,8000,0.06588912010192871
p20_ell2,17,fedpc_oracle,10.0,0.8275862016111772,0.8275862066111771,0.8275862066111771,24,0.4583333331423611,0.37931034469678954,0.415094334510502,8000,0.0027506351470947266
p20_ell2,17,naive,10.0,0.8275862016111772,0.8275862066111771,0.8275862066111771,0,0.0,0.0,0.0,8000,0.0003254413604736328
p20_ell2,17,local,9.8,0.8338743924187508,0.8214791123188606,0.8482758617764568,0,0.0,0.0,0.4437287016815846,8000,2.8573830127716064
p20_ell2,18,centralized,13.0,0.8219178029949334,0.8333333331018519,0.8108108105916727,15,0.8666666660888889,0.3513513512563915,0.49999999570266274,0,7.767058372497559
p20_ell2,18,fedpc_consensus,17.0,0.7536231832136105,0.8124999997460938,0.702702702512783,28,0.46428571411989794,0.3513513512563915,0.3999999949727811,8000,0.0028841495513916016
p20_ell2,18,fedpc_oracle,17.0,0.7536231832136105,0.8124999997460938,0.702702702512783,28,0.46428571411989794,0.3513513512563915,0.3999999949727811,8000,0.00246429443359375
p20_ell2,18,naive,17.0,0.7536231832136105,0.8124999997460938,0.702702702512783,0,0.0,0.0,0.0,8000,0.0003800392150878906
p20_ell2,18,local,16.2,0.765241400615096,0.8255574001210576,0.7135135133206719,0,0.0,0.0,0.39124646382202893,8000,3.4794931411743164
p20_ell2,19,centralized,18.0,0.7499999947916667,0.7499999997916666,0.7499999997916666,12,0.41666666631944443,0.13888888885030864,0.20833332949652783,0,20.408386707305908
p20_ell2,19,fedpc_consensus,21.0,0.6769230717727811,0.7586206893935791,0.6111111109413581,13,0.46153846118343195,0.16666666662037036,0.24489795518533947,8000,0.002431154251098633
p20_ell2,19,fedpc_oracle,21.0,0.6769230717727811,0.7586206893935791,0.6111111109413581,13,0.46153846118343195,0.16666666662037036,0.24489795518533947,8000,0.002686738967895508
p20_ell2,19,naive,21.0,0.6769230717727811,0.7586206893935791,0.6111111109413581,0,0.0,0.0,0.0,8000,0.0004761219024658203
p20_ell2,19,local,22.2,0.6667278528695801,0.7259005373968934,0.6166666664953704,0,0.0,0.0,0.2035999302660081,8000,8.766177892684937
p20_mechanism_shift,0,centralized,34.0,0.6304347774929113,0.5918367345730945,0.6744186044943212,7,0.8571428559183674,0.13953488368848024,0.23999999749599998,0,48.30854320526123
p20_mechanism_shift,0,fedpc_consensus,25.0,0.6666666615964445,0.7812499997558594,0.581395348702001,20,0.5999999997,0.2790697673769605,0.38095237649785835,8000,0.002849102020263672
p20_mechanism_shift,0,fedpc_oracle,25.0,0.6666666615964445,0.7812499997558594,0.581395348702001,20,0.5999999997,0.2790697673769605,0.38095237649785835,8000,0.002735137939453125
p20_mechanism_shift,0,naive,25.0,0.6666666615964445,0.7812499997558594,0.581395348702001,0,0.0,0.0,0.0,8000,0.0003287792205810547
p20_mechanism_shift,0,local,27.4,0.6496934762555393,0.7271724596822841,0.5906976742812331,0,0.0,0.0,0.2655114592446569,8000,6.33935546875
p20_mechanism_shift,1,centralized,24.0,0.6756756704967128,0.657894736668975,0.6944444442515432,8,0.37499999953124996,0.08333333331018518,0.13636363332644635,0,19.140061378479004
p20_mechanism_shift,1,fedpc_consensus,12.0,0.8124999948242188,0.9285714282397959,0.7222222220216049,27,0.7037037034430726,0.5277777776311728,0.60317459808516,8000,0.002853870391845703
p20_mechanism_shift,1,fedpc_oracle,12.0,0.8124999948242188,0.9285714282397959,0.7222222220216049,27,0.7037037034430726,0.5277777776311728,0.60317459808516,8000,0.0029175281524658203
p20_mechanism_shift,1,naive,12.0,0.8124999948242188,0.9285714282397959,0.7222222220216049,0,0.0,0.0,0.0,8000,0.0003516674041748047
p20_mechanism_shift,1,local,16.0,0.759069272926185,0.8302946513106368,0.6999999998055555,0,0.0,0.0,0.4260624847065989,8000,4.826847553253174
p20_mechanism_shift,2,centralized,33.0,0.6373626322956164,0.5686274508688965,0.72499999981875,7,0.571428570612245,0.099999999975,0.17021276334993213,0,19.766942977905273
p20_mechanism_shift,2,fedpc_consensus,20.0,0.6969696919834713,0.8846153842751479,0.5749999998562499,9,0.5555555549382716,0.12499999996875,0.2040816295710121,8000,0.002568960189819336
p20_mechanism_shift,2,fedpc_oracle,20.0,0.6969696919834713,0.8846153842751479,0.5749999998562499,9,0.5555555549382716,0.12499999996875,0.2040816295710121,8000,0.0019202232360839844
p20_mechanism_shift,2,naive,20.0,0.6969696919834713,0.8846153842751479,0.5749999998562499,0,0.0,0.0,0.0,8000,0.00040721893310546875
p20_mechanism_shift,2,local,21.2,0.7031326647719232,0.7973430170425624,0.6299999998425,0,0.0,0.0,0.2996864985208013,8000,5.658339500427246
p20_mechanism_shift,3,centralized,15.0,0.7945205427509853,0.7435897433990796,0.8529411762197232,8,0.9999999987499999,0.23529411757785468,0.38095237768707485,0,7.721855401992798
p20_mechanism_shift,3,fedpc_consensus,11.0,0.8358208902740032,0.8484848482277318,0.8235294115224914,23,0.5217391302079395,0.352941176366782,0.42105262661742077,8000,0.0025370121002197266
p20_mechanism_shift,3,fedpc_oracle,11.0,0.8358208902740032,0.8484848482277318,0.8235294115224914,23,0.5217391302079395,0.352941176366782,0.42105262661742077,8000,0.002835512161254883
p20_mechanism_shift,3,naive,11.0,0.8358208902740032,0.8484848482277318,0.8235294115224914,0,0.0,0.0,0.0,8000,0.00036334991455078125
p20_mechanism_shift,3,local,14.0,0.7878162308219581,0.8139284660139484,0.7647058821280277,0,0.0,0.0,0.41072013985471784,8000,3.0912837982177734
p20_mechanism_shift,4,centralized,12.0,0.8235294065397923,0.7777777775617284,0.8749999997265625,21,0.6190476187528344,0.4062499998730469,0.490566032766109,0,7.6971447467803955
p20_mechanism_shift,4,fedpc_consensus,10.0,0.8333333280777778,0.8928571425382653,0.7812499997558594,21,0.6190476187528344,0.4062499998730469,0.490566032766109,8000,0.002519845962524414
p20_mechanism_shift,4,fedpc_oracle,10.0,0.8333333280777778,0.8928571425382653,0.7812499997558594,21,0.6190476187528344,0.4062499998730469,0.490566032766109,8000,0.0022041797637939453
p20_mechanism_shift,4,naive,10.0,0.8333333280777778,0.8928571425382653,0.7812499997558594,0,0.0,0.0,0.0,8000,0.0005486011505126953
p20_mechanism_shift,4,local,11.2,0.8176751065224568,0.8526369165457289,0.7874999997539062,0,0.0,0.0,0.515791350316777,8000,2.9964187145233154
p20_mechanism_shift,5,centralized,25.0,0.7126436730136083,0.7560975607911957,0.673913043331758,13,0.7692307686390532,0.2173913043005671,0.3389830472967538,0,29.1962833404541
p20_mechanism_shift,5,fedpc_consensus,26.0,0.6388888840972222,0.8846153842751479,0.49999999989130434,6,0.49999999916666665,0.06521739129017014,0.1153846132988166,8000,0.0024542808532714844
p20_mechanism_shift,5,fedpc_oracle,26.0,0.6388888840972222,0.8846153842751479,0.49999999989130434,6,0.49999999916666665,0.06521739129017014,0.1153846132988166,8000,0.0023047924041748047
p20_mechanism_shift,5,naive,26.0,0.6388888840972222,0.8846153842751479,0.49999999989130434,0,0.0,0.0,0.0,8000,0.0005354881286621094
p20_mechanism_shift,5,local,26.0,0.6645175508532549,0.8183201055587765,0.5608695650954632,0,0.0,0.0,0.35257998018194714,8000,5.218189477920532
p20_mechanism_shift,6,centralized,31.0,0.6075949315622496,0.5853658535157644,0.6315789472022161,15,0.5999999996,0.23684210520083102,0.3396226373228907,0,28.062669038772583
p20_mechanism_shift,6,fedpc_consensus,26.0,0.5937499949902344,0.7307692304881657,0.49999999986842103,10,0.5999999993999999,0.15789473680055402,0.24999999659722225,8000,0.0016815662384033203
p20_mechanism_shift,6,fedpc_oracle,26.0,0.5937499949902344,0.7307692304881657,0.49999999986842103,10,0.49999999949999996,0.13157894733379502,0.20833332994791667,8000,0.0016777515411376953
p20_mechanism_shift,6,naive,26.0,0.5937499949902344,0.7307692304881657,0.49999999986842103,0,0.0,0.0,0.0,8000,0.0005049705505371094
p20_mechanism_shift,6,local,27.4,0.6076680320747974,0.6673936948044459,0.5578947366952909,0,0.0,0.0,0.27048665243016223,8000,4.73000168800354
p20_mechanism_shift,7,centralized,32.0,0.6190476139710885,0.5531914892440019,0.702702702512783,7,0.8571428559183674,0.16216216211833454,0.272727269927686,0,31.060576915740967
p20_mechanism_shift,7,fedpc_consensus,19.0,0.6984126933434114,0.8461538458284024,0.5945945944338933,15,0.5333333329777777,0.2162162161577794,0.3076923034689349,8000,0.0027594566345214844
p20_mechanism_shift,7,fedpc_oracle,19.0,0.6984126933434114,0.8461538458284024,0.5945945944338933,15,0.5333333329777777,0.2162162161577794,0.3076923034689349,8000,0.0021066665649414062
p20_mechanism_shift,7,naive,19.0,0.6984126933434114,0.8461538458284024,0.5945945944338933,0,0.0,0.0,0.0,8000,0.00039196014404296875
p20_mechanism_shift,7,local,21.8,0.6754528523750952,0.7584171788758741,0.6108108106457267,0,0.0,0.0,0.2816681744836046,8000,4.458481550216675
p20_mechanism_shift,8,centralized,16.0,0.8048780435960738,0.7674418602866414,0.8461538459368836,12,0.749999999375,0.23076923071005917,0.352941172733564,0,13.816606760025024
p20_mechanism_shift,8,fedpc_consensus,14.0,0.8108108056062819,0.8571428568979592,0.7692307690335306,23,0.7391304344612476,0.4358974357856673,0.5483870919302809,8000,0.0024268627166748047
p20_mechanism_shift,8,fedpc_oracle,14.0,0.8108108056062819,0.8571428568979592,0.7692307690335306,23,0.7391304344612476,0.4358974357856673,0.5483870919302809,8000,0.0024149417877197266
p20_mechanism_shift,8,naive,14.0,0.8108108056062819,0.8571428568979592,0.7692307690335306,0,0.0,0.0,0.0,8000,0.0003502368927001953
p20_mechanism_shift,8,local,18.8,0.731266869714515,0.821762114225975,0.6615384613688363,0,0.0,0.0,0.40433376661731285,8000,4.134584426879883
p20_mechanism_shift,9,centralized,32.0,0.6595744630556813,0.574074073967764,0.77499999980625,25,0.479999999808,0.299999999925,0.36923076438343194,0,21.161810636520386
p20_mechanism_shift,9,fedpc_consensus,24.0,0.6756756705259315,0.7352941174307959,0.62499999984375,22,0.6363636360743802,0.34999999991249997,0.45161289850156083,8000,0.0036628246307373047
p20_mechanism_shift,9,fedpc_oracle,24.0,0.6756756705259315,0.7352941174307959,0.62499999984375,22,0.6363636360743802,0.34999999991249997,0.45161289850156083,8000,0.003038644790649414
p20_mechanism_shift,9,naive,24.0,0.6756756705259315,0.7352941174307959,0.62499999984375,0,0.0,0.0,0.0,8000,0.0004744529724121094
p20_mechanism_shift,9,local,27.2,0.6351062145452187,0.685828470644311,0.5949999998512501,0,0.0,0.0,0.3025158154317995,8000,6.200619459152222
p20_mechanism_shift,10,centralized,25.0,0.6913580195214145,0.6999999998249999,0.6829268291017252,15,0.5333333329777777,0.19512195117192146,0.28571428169005103,0,23.57965898513794
p20_mechanism_shift,10,fedpc_consensus,25.0,0.6153846105372782,0.8333333329861111,0.4878048779298037,13,0.3846153843195266,0.12195121948245093,0.1851851814609054,8000,0.0037736892700195312
p20_mechanism_shift,10,fedpc_oracle,25.0,0.6153846105372782,0.8333333329861111,0.4878048779298037,13,0.3846153843195266,0.12195121948245093,0.1851851814609054,8000,0.0033354759216308594
p20_mechanism_shift,10,naive,25.0,0.6153846105372782,0.8333333329861111,0.4878048779298037,0,0.0,0.0,0.0,8000,0.0005185604095458984
p20_mechanism_shift,10,local,25.4,0.6516324749478619,0.7483823191964413,0.5804878047364663,0,0.0,0.0,0.36086727726864565,8000,5.072012662887573
p20_mechanism_shift,11,centralized,19.0,0.7532467480721876,0.7073170729982153,0.8055555553317901,12,0.666666666111111,0.2222222221604938,0.33333332944444444,0,18.90920901298523
p20_mechanism_shift,11,fedpc_consensus,16.0,0.7499999948437499,0.8571428568367346,0.6666666664814814,20,0.449999999775,0.24999999993055555,0.3214285667219388,8000,0.002271413803100586
p20_mechanism_shift,11,fedpc_oracle,16.0,0.7499999948437499,0.8571428568367346,0.6666666664814814,20,0.449999999775,0.24999999993055555,0.3214285667219388,8000,0.0020546913146972656
p20_mechanism_shift,11,naive,16.0,0.7499999948437499,0.8571428568367346,0.6666666664814814,0,0.0,0.0,0.0,8000,0.00035500526428222656
p20_mechanism_shift,11,local,20.2,0.7051883388049727,0.7426818467037266,0.6722222220354938,0,0.0,0.0,0.3554940778331154,8000,3.3545145988464355
p20_mechanism_shift,12,centralized,23.0,0.7578947316831025,0.74999999984375,0.765957446645541,18,0.777777777345679,0.2978723403621548,0.4307692266319528,0,24.635204792022705
p20_mechanism_shift,12,fedpc_consensus,22.0,0.7317073120017847,0.8571428568979592,0.6382978722046174,22,0.5454545452066115,0.255319148881847,0.34782608251207736,8000,0.00334930419921875
p20_mechanism_shift,12,fedpc_oracle,22.0,0.7317073120017847,0.8571428568979592,0.6382978722046174,22,0.5454545452066115,0.255319148881847,0.34782608251207736,8000,0.0024538040161132812
p20_mechanism_shift,12,naive,22.0,0.7317073120017847,0.8571428568979592,0.6382978722046174,0,0.0,0.0,0.0,8000,0.0004131793975830078
p20_mechanism_shift,12,local,26.4,0.684062645813327,0.782273449705944,0.608510638168402,0,0.0,0.0,0.35880516880475966,8000,5.167692422866821
p20_mechanism_shift,13,centralized,19.0,0.739726022270595,0.658536585205235,0.8437499997363281,6,0.6666666655555555,0.1249999999609375,0.2105263130193906,0,13.621859550476074
p20_mechanism_shift,13,fedpc_consensus,12.0,0.8124999947460938,0.8124999997460938,0.8124999997460938,20,0.3999999998,0.249999999921875,0.3076923028402367,8000,0.0026209354400634766
p20_mechanism_shift,13,fedpc_oracle,12.0,0.8124999947460938,0.8124999997460938,0.8124999997460938,20,0.3999999998,0.249999999921875,0.3076923028402367,8000,0.002409219741821289
p20_mechanism_shift,13,naive,12.0,0.8124999947460938,0.8124999997460938,0.8124999997460938,0,0.0,0.0,0.0,8000,0.0004897117614746094
p20_mechanism_shift,13,local,17.2,0.7228130498680405,0.7483609491446515,0.6999999997812498,0,0.0,0.0,0.4056567711836225,8000,3.047538995742798
p20_mechanism_shift,14,centralized,16.0,0.7575757523875115,0.6944444442515432,0.8333333330555556,18,0.611111110771605,0.3666666665444444,0.4583333284548611,0,12.433828353881836
p20_mechanism_shift,14,fedpc_consensus,11.0,0.8070175385903356,0.8518518515363511,0.7666666664111111,26,0.615384615147929,0.5333333331555555,0.57142856625,8000,0.0027883052825927734
p20_mechanism_shift,14,fedpc_oracle,11.0,0.8070175385903356,0.8518518515363511,0.7666666664111111,26,0.615384615147929,0.5333333331555555,0.57142856625,8000,0.0030546188354492188
p20_mechanism_shift,14,naive,11.0,0.8070175385903356,0.8518518515363511,0.7666666664111111,0,0.0,0.0,0.0,8000,0.00034618377685546875
p20_mechanism_shift,14,local,13.0,0.7733636040762794,0.8111673049389638,0.7399999997533333,0,0.0,0.0,0.4837861221283675,8000,2.8558409214019775
p20_mechanism_shift,15,centralized,21.0,0.7692307640768022,0.7291666665147569,0.8139534881828014,11,0.8181818174380164,0.20930232553272038,0.3333333299657064,0,32.132665395736694
p20_mechanism_shift,15,fedpc_consensus,17.0,0.7536231834908633,0.9999999996153845,0.6046511626500811,13,0.6153846149112425,0.18604651158464033,0.28571428204719385,8000,0.0048084259033203125
p20_mechanism_shift,15,fedpc_oracle,17.0,0.7536231834908633,0.9999999996153845,0.6046511626500811,13,0.6153846149112425,0.18604651158464033,0.28571428204719385,8000,0.00437474250793457
p20_mechanism_shift,15,naive,17.0,0.7536231834908633,0.9999999996153845,0.6046511626500811,0,0.0,0.0,0.0,8000,0.0008234977722167969
p20_mechanism_shift,15,local,20.6,0.7286683547547669,0.8455990379523579,0.6418604649670092,0,0.0,0.0,0.32894367042432393,8000,6.432538986206055
p20_mechanism_shift,16,centralized,20.0,0.7222222170563273,0.6666666664957265,0.7878787876400367,19,0.7368421048753462,0.4242424241138659,0.5384615336168639,0,6.050528049468994
p20_mechanism_shift,16,fedpc_consensus,12.0,0.7999999947833334,0.8888888885596707,0.7272727270523416,16,0.5624999996484374,0.2727272726446281,0.3673469342274052,8000,0.003320932388305664
p20_mechanism_shift,16,fedpc_oracle,12.0,0.7999999947833334,0.8888888885596707,0.7272727270523416,16,0.5624999996484374,0.2727272726446281,0.3673469342274052,8000,0.0036330223083496094
p20_mechanism_shift,16,naive,12.0,0.7999999947833334,0.8888888885596707,0.7272727270523416,0,0.0,0.0,0.0,8000,0.0005614757537841797
p20_mechanism_shift,16,local,16.0,0.7433333281178603,0.7904420546876267,0.7030303028172635,0,0.0,0.0,0.5042073522012398,8000,2.565394401550293
p20_mechanism_shift,17,centralized,31.0,0.6172839454839202,0.581395348702001,0.657894736668975,5,0.5999999988,0.07894736840027701,0.13953488160086533,0,32.306158781051636
p20_mechanism_shift,17,fedpc_consensus,22.0,0.6666666615794307,0.7857142854336735,0.5789473682686981,12,0.666666666111111,0.21052631573407202,0.31999999622400005,8000,0.0023419857025146484
p20_mechanism_shift,17,fedpc_oracle,22.0,0.6666666615794307,0.7857142854336735,0.5789473682686981,12,0.666666666111111,0.21052631573407202,0.31999999622400005,8000,0.001956939697265625
p20_mechanism_shift,17,naive,22.0,0.6666666615794307,0.7857142854336735,0.5789473682686981,0,0.0,0.0,0.0,8000,0.0004677772521972656
p20_mechanism_shift,17,local,23.8,0.6511240966918675,0.7361751149627527,0.5842105261620498,0,0.0,0.0,0.2611994464515191,8000,6.778020858764648
p20_mechanism_shift,18,centralized,13.0,0.8266666614684444,0.77499999980625,0.8857142854612244,18,0.7222222218209876,0.371428571322449,0.49056603306514784,0,10.409627437591553
p20_mechanism_shift,18,fedpc_consensus,15.0,0.7692307640236687,0.8333333330555556,0.7142857140816327,27,0.44444444427983537,0.34285714275918366,0.3870967691519251,8000,0.0028023719787597656
p20_mechanism_shift,18,fedpc_oracle,15.0,0.7692307640236687,0.8333333330555556,0.7142857140816327,27,0.44444444427983537,0.34285714275918366,0.3870967691519251,8000,0.002802610397338867
p20_mechanism_shift,18,naive,15.0,0.7692307640236687,0.8333333330555556,0.7142857140816327,0,0.0,0.0,0.0,8000,0.00038170814514160156
p20_mechanism_shift,18,local,17.8,0.7336628005404034,0.7680450374229137,0.7028571426563265,0,0.0,0.0,0.41457119993088665,8000,3.62860107421875
p20_mechanism_shift,19,centralized,12.0,0.8064516076638919,0.7575757573461891,0.8620689652199762,15,0.7999999994666667,0.41379310330558855,0.54545454071281,0,3.8607237339019775
p20_mechanism_shift,19,fedpc_consensus,8.0,0.8571428518431122,0.8888888885596707,0.8275862066111771,19,0.5263157891966759,0.34482758608799047,0.41666666171006944,8000,0.001999378204345703
p20_mechanism_shift,19,fedpc_oracle,8.0,0.8571428518431122,0.8888888885596707,0.8275862066111771,19,0.5263157891966759,0.34482758608799047,0.41666666171006944,8000,0.0024602413177490234
p20_mechanism_shift,19,naive,8.0,0.8571428518431122,0.8888888885596707,0.8275862066111771,0,0.0,0.0,0.0,8000,0.0009486675262451172
p20_mechanism_shift,19,local,11.4,0.7944917797441082,0.8345673582503019,0.7586206893935791,0,0.0,0.0,0.58729942256931,8000,1.8597571849822998
